/* Generated by tools/pack_make_target.py; Make Target only. */
#ifndef GUESSCALC_TARGET_BETA6_PACKED_H
#define GUESSCALC_TARGET_BETA6_PACKED_H
#define GC_TARGET_BETA6_PACK_FORMAT_VERSION 1u
#define GC_TARGET_BETA6_LOGICAL_SHA256 "1322ea82e3849b1bc38e5d831e7ddd3d02275a0bd414a86b440d2b23065c46ff"
static const uint8_t gc_target_beta6_packed[63000] = {
 0x0a,0xc4,0xb1,0x05,0x33,0x01,0xaa,0x60,0xb3,0xa7,0x61,0xb2,0xfb,0x1e,0x04,0x10,
 0xc0,0x08,0x11,0xaa,0x61,0xb2,0xa8,0x73,0xb0,0xfb,0x27,0x24,0xc2,0x40,0x02,0x9a,
 0xaa,0x2a,0x38,0x6b,0xb0,0x17,0xfb,0x8c,0x60,0x41,0x83,0x02,0x13,0xaa,0x63,0xb0,
 0xa7,0x62,0xb1,0xfb,0x2e,0x0c,0x20,0x00,0x0b,0x11,0xaa,0x62,0xb1,0xa8,0x70,0xb3,
 0xfb,0x26,0x40,0x20,0x00,0x04,0x8a,0xaa,0x1a,0x28,0x6b,0xb3,0x07,0xfb,0x02,0x54,
 0x20,0xc0,0x06,0x10,0xaa,0x80,0xb2,0xa6,0x73,0xb1,0xfb,0x1f,0x34,0x63,0x40,0x07,
 0x90,0xaa,0x0a,0x28,0x6b,0xb3,0x17,0xfb,0x0a,0x50,0xa0,0x84,0x0d,0x03,0xaa,0x60,
 0xb2,0xa7,0x61,0xb3,0xfb,0x32,0x04,0x10,0x40,0x0b,0x11,0xaa,0x61,0xb2,0xa8,0x70,
 0xb3,0xfb,0x31,0xbc,0x81,0x8d,0x10,0x18,0xaa,0x1a,0x06,0x6b,0xb3,0x27,0xfb,0x36,
 0x04,0x10,0x43,0x00,0x19,0xaa,0x61,0xb3,0xa8,0x70,0xb2,0xfb,0x05,0xa8,0xc0,0x05,
 0x03,0x98,0xaa,0x3a,0x08,0x6b,0xb1,0x27,0xfb,0x70,0x6c,0xa0,0x4c,0x12,0x08,0xaa,
 0x0a,0x16,0x6b,0xb3,0x27,0xfb,0x1a,0x7c,0x10,0x40,0x00,0x1a,0xaa,0x62,0xb3,0xa8,
 0x71,0xb0,0xfb,0xf8,0x1d,0xd0,0xc0,0x09,0x93,0xaa,0x2a,0x38,0x6b,0xb1,0x07,0xfb,
 0x09,0x74,0x10,0x49,0x1d,0x0b,0xaa,0x3a,0x16,0x6b,0xb0,0x27,0xfb,0x1c,0x04,0x70,
 0x41,0x00,0x19,0xaa,0x61,0xb3,0xa8,0x70,0xb2,0xfb,0x27,0x54,0xa0,0xc0,0xcc,0x81,
 0xaa,0x62,0xb3,0xa7,0x81,0xb0,0xfb,0x8b,0xa0,0x30,0x80,0x1a,0x0a,0xaa,0x3a,0x26,
 0x6b,0xb1,0x07,0xfb,0x2b,0x04,0x60,0x42,0x00,0x19,0xaa,0x61,0xb3,0xa8,0x70,0xb2,
 0xfb,0x02,0x80,0x60,0x80,0x04,0x83,0xaa,0x60,0xb1,0xa7,0x63,0xb2,0xfb,0x2e,0x2c,
 0x10,0x84,0x04,0x18,0xaa,0x1a,0x36,0x6b,0xb0,0x27,0xfb,0x49,0x04,0x10,0x80,0x13,
 0x11,0xaa,0x61,0xb2,0xa8,0x73,0xb0,0xfb,0x39,0x06,0x10,0x81,0x08,0x93,0xaa,0x2a,
 0x38,0x6b,0xb1,0x07,0xfb,0x9b,0x30,0xf0,0x86,0x0a,0x0b,0xaa,0x2a,0x16,0x6b,0xb3,
 0x07,0xfb,0x0a,0x28,0xa0,0x40,0x02,0x88,0xaa,0x80,0xb1,0xa7,0x82,0xb3,0xfb,0xab,
 0xa8,0xf0,0x02,0x17,0x11,0xaa,0x1a,0x26,0x6b,0xb3,0x07,0xfb,0x0e,0x40,0x30,0x80,
 0x00,0x13,0xaa,0x80,0xb2,0xa7,0x81,0xb3,0xfb,0x53,0x20,0x50,0xc2,0x01,0x8b,0xaa,
 0x3a,0x18,0x6b,0xb2,0x07,0xfb,0x51,0xa0,0xb1,0x0c,0x07,0x18,0xaa,0x1a,0x36,0x6b,
 0xb0,0x27,0xfb,0x04,0x20,0xa0,0x40,0x00,0x18,0xaa,0x63,0xb0,0xa8,0x72,0xb1,0xfb,
 0x21,0x10,0xf0,0xc0,0x14,0x91,0xaa,0x2a,0x18,0x6b,0xb0,0x37,0xfb,0x51,0x68,0xe0,
 0xc3,0x27,0x0a,0xaa,0x1a,0x26,0x6b,0xb0,0x37,0xfb,0x4d,0x04,0x80,0x44,0x00,0x19,
 0xaa,0x61,0xb3,0xa8,0x70,0xb2,0xfb,0x18,0x68,0x80,0xc0,0x01,0x82,0xaa,0x80,0xb2,
 0xa7,0x81,0xb3,0xfb,0x6c,0x5c,0x24,0xc5,0x18,0x18,0xaa,0x0a,0x26,0x6b,0xb3,0x17,
 0xfb,0x3b,0x04,0x10,0x00,0x10,0x11,0xaa,0x61,0xb2,0xa8,0x73,0xb0,0xfb,0x55,0x4c,
 0x30,0x80,0x09,0x8a,0xaa,0x82,0xb3,0xa7,0x61,0xb0,0xfb,0x77,0x00,0xe1,0xc4,0x3e,
 0x10,0xaa,0x0a,0x16,0x6b,0xb2,0x37,0xfb,0x43,0x14,0x11,0x00,0x01,0x13,0xaa,0x62,
 0xb3,0xa8,0x71,0xb0,0xfb,0x06,0x68,0x40,0x41,0x01,0x8b,0xaa,0x81,0xb3,0xa7,0x82,
 0xb0,0xfb,0x1c,0x58,0x84,0x80,0x02,0x83,0xaa,0x3a,0x08,0x6b,0xb2,0x17,0xfb,0x75,
 0x78,0x41,0x41,0x37,0x02,0xaa,0x0a,0x26,0x6b,0xb1,0x37,0xfb,0x03,0x08,0x41,0x84,
 0x00,0x18,0xaa,0x63,0xb0,0xa8,0x72,0xb1,0xfb,0x09,0x38,0xf4,0x41,0x00,0x90,0xaa,
 0x2a,0x08,0x6b,0xb3,0x17,0xfb,0xf9,0xbc,0x01,0x03,0x19,0x11,0xaa,0x3a,0x16,0x6b,
 0xb2,0x07,0xfb,0x01,0xa0,0xa0,0x02,0x01,0x18,0xaa,0x60,0xb3,0xa8,0x72,0xb1,0xfb,
 0x22,0xc8,0x60,0xf3,0x05,0x98,0xaa,0x3a,0x08,0x6b,0xb1,0x27,0xfb,0x11,0xc4,0xa2,
 0x05,0x14,0x02,0xaa,0x0a,0x36,0x6b,0xb2,0x17,0xfb,0x39,0xd0,0x10,0x40,0x00,0x1a,
 0xaa,0x62,0xb3,0xa8,0x70,0xb1,0xfb,0x18,0x48,0x00,0xdd,0x04,0x83,0xaa,0x3a,0x08,
 0x6b,0xb1,0x27,0xfb,0x50,0x98,0x60,0x8c,0x16,0x08,0xaa,0x1a,0x06,0x6b,0xb3,0x27,
 0xfb,0x04,0x94,0x10,0xc0,0x08,0x10,0xaa,0x62,0xb0,0xa8,0x71,0xb3,0xfb,0x8f,0x85,
 0xd0,0x00,0x03,0x8b,0xaa,0x3a,0x18,0x6b,0xb2,0x07,0xfb,0xf7,0x6c,0x91,0x45,0x13,
 0x13,0xaa,0x3a,0x26,0x6b,0xb1,0x07,0xfb,0x01,0x10,0x20,0x02,0x08,0x01,0xaa,0x60,
 0xb1,0xa8,0x72,0xb3,0xfb,0x18,0x7d,0x80,0x80,0x0a,0x8a,0xaa,0x1a,0x28,0x6b,0xb3,
 0x07,0xfb,0x57,0x3c,0xc1,0x0f,0x18,0x01,0xaa,0x1a,0x06,0x6b,0xb3,0x27,0xfb,0x31,
 0x0c,0xf0,0x82,0x00,0x19,0xaa,0x63,0xb1,0xa8,0x70,0xb2,0xfb,0x17,0xf4,0x41,0xc0,
 0x0a,0x82,0xaa,0x0a,0x28,0x6b,0xb3,0x17,0xfb,0x4d,0xac,0xf0,0x46,0x00,0x18,0xaa,
 0x3a,0x16,0x6b,0xb0,0x27,0xfb,0x03,0xe0,0x20,0x80,0x0d,0x10,0xaa,0x62,0xb0,0xa8,
 0x71,0xb3,0xfb,0x37,0x18,0x10,0x01,0x02,0x99,0xaa,0x1a,0x38,0x6b,0xb2,0x07,0xfb,
 0x2f,0x88,0x70,0x80,0x13,0x02,0xaa,0x1a,0x06,0x6b,0xb2,0x37,0xfb,0x01,0x34,0x10,
 0x80,0x04,0x10,0xaa,0x60,0xb2,0xa8,0x73,0xb1,0xfb,0x04,0x20,0xf1,0x80,0x05,0x90,
 0xaa,0x2a,0x08,0x6b,0xb3,0x17,0xfb,0x1c,0x58,0xe0,0x88,0x19,0x08,0xaa,0x3a,0x16,
 0x6b,0xb0,0x27,0xfb,0x02,0xc0,0xe0,0xc2,0x00,0x18,0xaa,0x60,0xb3,0xa8,0x71,0xb2,
 0xfb,0x33,0x18,0x70,0x40,0x02,0x8b,0xaa,0x1a,0x38,0x6b,0xb2,0x07,0xfb,0xa5,0xd4,
 0x70,0xc3,0x10,0x0a,0xaa,0x1a,0x26,0x6b,0xb3,0x07,0xfb,0x55,0x04,0x10,0x00,0x14,
 0x11,0xaa,0x61,0xb2,0xa8,0x70,0xb3,0xfb,0x22,0xd8,0xa0,0xc0,0x00,0x9a,0xaa,0x2a,
 0x38,0x6b,0xb0,0x17,0xfb,0x78,0xfc,0x80,0xc2,0x06,0x1a,0xaa,0x3a,0x26,0x6b,0xb1,
 0x07,0xfb,0x32,0xd0,0x20,0xc0,0x00,0x1a,0xaa,0x62,0xb3,0xa8,0x71,0xb0,0xfb,0x6f,
 0x74,0x50,0xc0,0x15,0x13,0xaa,0x1a,0x26,0x6b,0xb3,0x07,0xfb,0x23,0x08,0x30,0x40,
 0x08,0x0a,0xaa,0x61,0xb2,0xa8,0x70,0xb3,0xfb,0xc6,0xac,0xd0,0x04,0x16,0x1a,0xaa,
 0x1a,0x26,0x6b,0xb3,0x07,0xfb,0x02,0x18,0x41,0xc4,0x00,0x03,0xaa,0x60,0xb3,0xa8,
 0x71,0xb2,0xfb,0x22,0x9c,0x7f,0x41,0x07,0x83,0xaa,0x3a,0x08,0x6b,0xb2,0x17,0xfb,
 0x32,0x68,0xd1,0xc3,0x2f,0x11,0xaa,0x0a,0x26,0x6b,0xb1,0x37,0xfb,0x3e,0xe4,0x10,
 0x40,0x00,0x1a,0xaa,0x62,0xb3,0xa8,0x70,0xb1,0xfb,0x16,0xc8,0x00,0x34,0x09,0x83,
 0xaa,0x0a,0x38,0x6b,0xb1,0x27,0xfb,0x33,0x24,0x80,0x01,0x07,0x0b,0xaa,0x2a,0x36,
 0x6b,0xb1,0x07,0xfb,0x02,0x0c,0x10,0xc3,0x0c,0x08,0xaa,0x60,0xb1,0xa8,0x73,0xb2,
 0xfb,0x01,0x38,0x7a,0x42,0x04,0x93,0xaa,0x3a,0x28,0x6b,0xb0,0x17,0xfb,0x55,0xb8,
 0x41,0x45,0x43,0x11,0xaa,0x1a,0x26,0x6b,0xb0,0x37,0xfb,0x17,0xc8,0x52,0x40,0x08,
 0x9a,0xaa,0x3a,0x28,0x6b,0xb0,0x17,0xfb,0x46,0x1c,0x80,0x44,0x00,0x0b,0xaa,0x63,
 0xb1,0xa6,0x72,0xb0,0xfb,0x05,0x40,0xc0,0x89,0x07,0x98,0xaa,0x3a,0x08,0x6b,0xb1,
 0x27,0xfb,0x64,0x70,0xd3,0x44,0x0d,0x1a,0xaa,0x0a,0x36,0x6b,0xb2,0x17,0xfb,0x02,
 0x08,0x30,0x00,0x01,0x02,0xaa,0x60,0xb2,0xa8,0x73,0xb1,0xfb,0x0c,0x6c,0x77,0x42,
 0x04,0x90,0xaa,0x0a,0x28,0x6b,0xb3,0x17,0xfb,0x43,0x34,0xd3,0xc6,0x09,0x03,0xaa,
 0x2a,0x36,0x6b,0xb0,0x17,0xfb,0x02,0x0c,0x00,0x82,0x07,0x08,0xaa,0x60,0xb1,0xa8,
 0x72,0xb3,0xfb,0x17,0x18,0x10,0x43,0x2c,0x88,0xaa,0x0a,0x18,0x6b,0xb2,0x37,0xfb,
 0xd3,0x74,0xf0,0x45,0x18,0x0a,0xaa,0x1a,0x26,0x6b,0xb3,0x07,0xfb,0x25,0x04,0xa0,
 0x42,0x00,0x19,0xaa,0x61,0xb3,0xa8,0x72,0xb0,0xfb,0x02,0xc0,0xc0,0xc5,0x06,0x98,
 0xaa,0x0a,0x38,0x6b,0xb1,0x27,0xfb,0xa2,0xb0,0xf1,0x42,0x04,0x1a,0xaa,0x1a,0x36,
 0x6b,0xb2,0x07,0xfb,0x01,0xa0,0x10,0x40,0x0b,0x10,0xaa,0x60,0xb2,0xa8,0x73,0xb1,
 0xfb,0x12,0x7c,0x50,0x40,0x8a,0x88,0xaa,0x0a,0x18,0x6b,0xb2,0x37,0xfb,0x3a,0x84,
 0x21,0xc5,0x38,0x01,0xaa,0x0a,0x26,0x6b,0xb1,0x37,0xfb,0x01,0x04,0x40,0xc0,0x00,
 0x02,0xaa,0x0a,0x16,0x8b,0xb3,0x26,0xfb,0x11,0x80,0x30,0x06,0x0f,0x03,0xaa,0x0a,
 0x16,0x6b,0xb3,0x27,0xfb,0x2a,0x04,0x10,0xc0,0x0b,0x11,0xaa,0x61,0xb2,0xa8,0x73,
 0xb0,0xfb,0xca,0x80,0x20,0x81,0x02,0x93,0xaa,0x3a,0x28,0x6b,0xb1,0x07,0xfb,0xf6,
 0xbc,0x20,0xc7,0x17,0x0b,0xaa,0x2a,0x16,0x6b,0xb3,0x07,0xfb,0x08,0x10,0x10,0x80,
 0x01,0x11,0xaa,0x82,0xb3,0xa6,0x70,0xb1,0xfb,0x1c,0x38,0x20,0x00,0x60,0x81,0xaa,
 0x1a,0x08,0x6b,0xb2,0x37,0xfb,0x87,0x90,0x60,0xc3,0x0d,0x13,0xaa,0x1a,0x26,0x6b,
 0xb3,0x07,0xfb,0x01,0x0c,0x80,0x40,0x00,0x18,0xaa,0x80,0xb1,0xa6,0x72,0xb3,0xfb,
 0x65,0x8d,0x10,0x81,0x02,0x99,0xaa,0x3a,0x18,0x6b,0xb2,0x07,0xfb,0x44,0x58,0xa3,
 0x82,0x1c,0x02,0xaa,0x3a,0x26,0x6b,0xb0,0x17,0xfb,0x13,0xbc,0x40,0x6e,0x09,0x83,
 0xaa,0x0a,0x38,0x6b,0xb1,0x27,0xfb,0x52,0xa8,0x83,0x84,0x16,0x02,0xaa,0x2a,0x06,
 0x6b,0xb3,0x17,0xfb,0x01,0xcc,0x10,0x80,0x0b,0x10,0xaa,0x60,0xb2,0xa8,0x71,0xb3,
 0xfb,0x0e,0x7c,0xa0,0x81,0xca,0x8a,0xaa,0x2a,0x18,0x6b,0xb0,0x37,0xfb,0x1e,0xd4,
 0x50,0x87,0x2f,0x01,0xaa,0x2a,0x06,0x6b,0xb1,0x37,0xfb,0x01,0xa4,0x10,0x80,0x0b,
 0x10,0xaa,0x60,0xb2,0xa8,0x73,0xb1,0xfb,0x16,0xe8,0x51,0x80,0x05,0x90,0xaa,0x0a,
 0x28,0x6b,0xb3,0x17,0xfb,0x51,0x04,0xb0,0xca,0x18,0x18,0xaa,0x1a,0x06,0x6b,0xb3,
 0x27,0xfb,0x01,0xf0,0x70,0x43,0x00,0x18,0xaa,0x60,0xb3,0xa8,0x71,0xb2,0xfb,0x57,
 0x71,0x90,0x41,0x03,0x93,0xaa,0x3a,0x28,0x6b,0xb1,0x07,0xfb,0x11,0x50,0x81,0x47,
 0x07,0x0b,0xaa,0x0a,0x36,0x6b,0xb1,0x27,0xfb,0x05,0x0c,0x20,0xc0,0x01,0x0a,0xaa,
 0x62,0xb1,0xa8,0x73,0xb0,0xfb,0x1d,0x24,0xd0,0x01,0x46,0x88,0xaa,0x0a,0x18,0x6b,
 0xb2,0x37,0xfb,0x31,0x98,0x91,0x81,0x09,0x10,0xaa,0x2a,0x36,0x6b,0xb0,0x17,0xfb,
 0x51,0x3c,0x31,0x80,0x00,0x1a,0xaa,0x63,0xb2,0xa8,0x70,0xb1,0xfb,0xb0,0x97,0xd0,
 0x41,0x06,0x99,0xaa,0x3a,0x18,0x6b,0xb2,0x07,0xfb,0x18,0x50,0x92,0x42,0x17,0x10,
 0xaa,0x0a,0x26,0x6b,0xb3,0x17,0xfb,0x38,0x04,0x10,0xc0,0x0c,0x11,0xaa,0x61,0xb2,
 0xa8,0x70,0xb3,0xfb,0x0e,0x68,0x51,0x80,0x07,0x82,0xaa,0x0a,0x28,0x6b,0xb3,0x17,
 0xfb,0x26,0xc0,0x81,0x0a,0x07,0x03,0xaa,0x1a,0x36,0x6b,0xb0,0x27,0xfb,0x1f,0x08,
 0x30,0x40,0x08,0x11,0xaa,0x61,0xb2,0xa8,0x73,0xb0,0xfb,0x28,0x24,0x60,0x00,0x15,
 0x91,0xaa,0x2a,0x18,0x6b,0xb0,0x37,0xfb,0x1f,0x34,0xa2,0x84,0x0b,0x13,0xaa,0x0a,
 0x36,0x6b,0xb2,0x17,0xfb,0x51,0x30,0x11,0x40,0x00,0x1a,0xaa,0x62,0xb3,0xa8,0x70,
 0xb1,0xfb,0x06,0x20,0x60,0xc1,0x07,0x83,0xaa,0x83,0xb0,0xa7,0x82,0xb1,0xfb,0x2a,
 0xd0,0x41,0x40,0x05,0x93,0xaa,0x3a,0x28,0x6b,0xb0,0x17,0xfb,0x31,0x10,0xf0,0x03,
 0x05,0x18,0xaa,0x3a,0x16,0x6b,0xb0,0x27,0xfb,0x03,0x30,0xe0,0x80,0x00,0x03,0xaa,
 0x72,0xb1,0xa8,0x63,0xb0,0xfb,0x30,0x44,0x20,0x00,0x06,0x8a,0xaa,0x1a,0x28,0x6b,
 0xb3,0x07,0xfb,0x36,0x84,0x51,0x85,0x38,0x10,0xaa,0x0a,0x26,0x6b,0xb1,0x37,0xfb,
 0x14,0x64,0x10,0x40,0x00,0x1a,0xaa,0x62,0xb3,0xa8,0x71,0xb0,0xfb,0x04,0xb0,0xa0,
 0x40,0x01,0x93,0xaa,0x2a,0x38,0x6b,0xb0,0x17,0xfb,0x20,0x94,0xa0,0x41,0x15,0x0a,
 0xaa,0x2a,0x06,0x6b,0xb1,0x37,0xfb,0x2d,0xac,0x10,0x00,0x01,0x1a,0xaa,0x62,0xb3,
 0xa8,0x70,0xb1,0xfb,0x9f,0x4c,0x70,0x00,0x09,0x91,0xaa,0x1a,0x28,0x6b,0xb3,0x07,
 0xfb,0x51,0xcc,0x20,0x06,0x37,0x08,0xaa,0x1a,0x06,0x6b,0xb2,0x37,0xfb,0x26,0x90,
 0x61,0x8f,0x1d,0x18,0xaa,0x1a,0x36,0x6b,0xb0,0x27,0xfb,0x01,0x84,0x60,0x42,0x00,
 0x18,0xaa,0x60,0xb3,0xa8,0x72,0xb1,0xfb,0x0e,0x98,0x68,0x02,0x07,0x90,0xaa,0x0a,
 0x28,0x6b,0xb3,0x17,0xfb,0xf2,0x88,0xd1,0x43,0x17,0x0a,0xaa,0x2a,0x36,0x6b,0xb1,
 0x07,0xfb,0x1f,0x04,0x10,0x00,0x09,0x11,0xaa,0x61,0xb2,0xa8,0x73,0xb0,0xfb,0x44,
 0xfc,0xa3,0xc5,0x1a,0x18,0xaa,0x3a,0x06,0x6b,0xb2,0x17,0xfb,0x01,0xe8,0x50,0x43,
 0x00,0x18,0xaa,0x60,0xb3,0xa8,0x71,0xb2,0xfb,0x23,0x18,0x30,0x07,0x05,0x83,0xaa,
 0x83,0xb0,0xa7,0x82,0xb1,0xfb,0x92,0x28,0x00,0x81,0x03,0x8b,0xaa,0x1a,0x38,0x6b,
 0xb2,0x07,0xfb,0x69,0xfc,0x43,0x07,0x0b,0x02,0xaa,0x0a,0x26,0x6b,0xb3,0x17,0xfb,
 0x13,0x60,0x10,0x40,0x00,0x1a,0xaa,0x62,0xb3,0xa8,0x71,0xb0,0xfb,0x03,0xa0,0x90,
 0x09,0x01,0x99,0xaa,0x3a,0x18,0x6b,0xb0,0x27,0xfb,0x27,0x54,0xf0,0x42,0x18,0x08,
 0xaa,0x1a,0x06,0x6b,0xb2,0x37,0xfb,0x01,0xf4,0x10,0x00,0x0e,0x10,0xaa,0x60,0xb2,
 0xa8,0x71,0xb3,0xfb,0x60,0x10,0x90,0xc2,0x20,0x08,0xaa,0x1a,0x26,0x6b,0xb0,0x37,
 0xfb,0x01,0x04,0x20,0x45,0x13,0x08,0xaa,0x60,0xb1,0xa8,0x72,0xb3,0xfb,0x19,0x9c,
 0x30,0xa4,0x05,0x83,0xaa,0x3a,0x08,0x6b,0xb1,0x27,0xfb,0x59,0x3c,0xa3,0x82,0x15,
 0x10,0xaa,0x2a,0x36,0x6b,0xb0,0x17,0xfb,0x0c,0x04,0x10,0x41,0x00,0x19,0xaa,0x61,
 0xb3,0xa8,0x72,0xb0,0xfb,0x05,0x8c,0x90,0x01,0x01,0x83,0xaa,0x3a,0x08,0x6b,0xb2,
 0x17,0xfb,0x4e,0x88,0x01,0x87,0x45,0x02,0xaa,0x2a,0x06,0x6b,0xb1,0x37,0xfb,0x0b,
 0x04,0x00,0x41,0x00,0x19,0xaa,0x61,0xb3,0xa8,0x72,0xb0,0xfb,0x19,0xcc,0x37,0x81,
 0x08,0x82,0xaa,0x2a,0x08,0x6b,0xb3,0x17,0xfb,0x47,0x24,0x20,0x07,0x0b,0x19,0xaa,
 0x3a,0x06,0x6b,0xb1,0x27,0xfb,0x01,0x68,0x40,0x00,0x07,0x10,0xaa,0x60,0xb2,0xa8,
 0x73,0xb1,0xfb,0x25,0x54,0x50,0x84,0x00,0x99,0xaa,0x3a,0x18,0x6b,0xb0,0x27,0xfb,
 0x15,0x14,0x31,0xc7,0x30,0x11,0xaa,0x2a,0x06,0x6b,0xb1,0x37,0xfb,0x23,0x9c,0x17,
 0x82,0x03,0x93,0xaa,0x3a,0x28,0x6b,0xb0,0x17,0xfb,0x53,0x68,0xc2,0x40,0x11,0x13,
 0xaa,0x2a,0x36,0x6b,0xb0,0x17,0xfb,0x01,0x28,0x11,0xc0,0x13,0x10,0xaa,0x60,0xb2,
 0xa8,0x73,0xb1,0xfb,0x1a,0xa8,0xe0,0xc6,0x00,0x83,0xaa,0x62,0xb0,0xa7,0x83,0xb1,
 0xfb,0x2d,0xd5,0x51,0x46,0x17,0x13,0xaa,0x2a,0x16,0x6b,0xb3,0x07,0xfb,0x03,0x1c,
 0x20,0x40,0x02,0x10,0xaa,0x62,0xb0,0xa8,0x73,0xb1,0xfb,0x06,0x18,0x50,0x81,0x1e,
 0x90,0xaa,0x2a,0x08,0x6b,0xb1,0x37,0xfb,0x70,0x94,0xf4,0x06,0x14,0x02,0xaa,0x2a,
 0x06,0x6b,0xb3,0x17,0xfb,0x01,0x04,0xb0,0x81,0x05,0x08,0xaa,0x60,0xb1,0xa8,0x72,
 0xb3,0xfb,0x08,0x30,0x60,0x07,0x08,0x88,0xaa,0x1a,0x08,0x6b,0xb3,0x27,0xfb,0x51,
 0xec,0x72,0x44,0x0b,0x13,0xaa,0x3a,0x26,0x6b,0xb0,0x17,0xfb,0x0b,0x10,0x90,0x40,
 0x00,0x19,0xaa,0x63,0xb1,0xa8,0x70,0xb2,0xfb,0x87,0x18,0x40,0x41,0x0a,0x9a,0xaa,
 0x82,0xb3,0xa7,0x80,0xb1,0xfb,0x1f,0x08,0xe0,0x85,0x0a,0x81,0xaa,0x1a,0x08,0x6b,
 0xb3,0x27,0xfb,0x0d,0xe4,0xc0,0x06,0x0c,0x03,0xaa,0x0a,0x36,0x6b,0xb1,0x27,0xfb,
 0x04,0x04,0x20,0x02,0x09,0x08,0xaa,0x61,0xb0,0xa8,0x73,0xb2,0xfb,0x02,0x74,0x40,
 0x15,0x03,0x8b,0xaa,0x3a,0x18,0x6b,0xb0,0x27,0xfb,0x0d,0xe4,0x80,0x82,0x03,0x18,
 0xaa,0x0a,0x36,0x6b,0xb2,0x17,0xfb,0x12,0x10,0x00,0x41,0x00,0x19,0xaa,0x63,0xb1,
 0xa8,0x70,0xb2,0xfb,0x2a,0x60,0x00,0xb5,0x08,0x99,0xaa,0x1a,0x38,0x6b,0xb0,0x27,
 0xfb,0x2b,0x88,0x31,0x84,0x31,0x01,0xaa,0x0a,0x26,0x6b,0xb1,0x37,0xfb,0x05,0x10,
 0x70,0x40,0x00,0x0b,0xaa,0x63,0xb1,0xa8,0x72,0xb0,0xfb,0x58,0xd0,0x74,0xc7,0x1b,
 0x03,0xaa,0x3a,0x26,0x6b,0xb0,0x17,0xfb,0x56,0xc4,0xa1,0xcb,0x02,0x03,0xaa,0x3a,
 0x16,0x6b,0xb0,0x27,0xfb,0x02,0x04,0x40,0x02,0x0b,0x08,0xaa,0x61,0xb0,0xa8,0x73,
 0xb2,0xfb,0x16,0x28,0x20,0x80,0x31,0x88,0xaa,0x1a,0x08,0x6b,0xb2,0x37,0xfb,0x78,
 0x48,0xf1,0x4b,0x03,0x03,0xaa,0x0a,0x36,0x6b,0xb1,0x27,0xfb,0x05,0x10,0x70,0x80,
 0x00,0x02,0xaa,0x71,0xb3,0xa8,0x60,0xb2,0xfb,0x20,0x2d,0xc0,0x01,0x01,0x8a,0xaa,
 0x1a,0x28,0x6b,0xb3,0x07,0xfb,0x86,0xb0,0xd0,0x46,0x01,0x0a,0xaa,0x2a,0x16,0x6b,
 0xb3,0x07,0xfb,0x27,0xa4,0x80,0x00,0x01,0x1a,0xaa,0x63,0xb2,0xa8,0x71,0xb0,0xfb,
 0x1e,0x2c,0xc0,0x8c,0x04,0x8b,0xaa,0x1a,0x38,0x6b,0xb0,0x27,0xfb,0x41,0x30,0x81,
 0x41,0x23,0x10,0xaa,0x63,0xb2,0xa7,0x60,0xb1,0xfb,0x42,0x00,0xa1,0x80,0x00,0x13,
 0xaa,0x62,0xb3,0xa8,0x70,0xb1,0xfb,0x15,0x20,0x00,0x02,0x2c,0x88,0xaa,0x0a,0x18,
 0x6b,0xb2,0x37,0xfb,0x60,0xfc,0x62,0x45,0x08,0x1a,0xaa,0x3a,0x26,0x6b,0xb0,0x17,
 0xfb,0x03,0x04,0x50,0xc4,0x0f,0x08,0xaa,0x61,0xb0,0xa8,0x72,0xb3,0xfb,0x07,0x48,
 0x50,0x42,0x3f,0x82,0xaa,0x2a,0x08,0x6b,0xb1,0x37,0xfb,0x36,0x30,0xc3,0x86,0x10,
 0x1a,0xaa,0x2a,0x06,0x6b,0xb3,0x17,0xfb,0x24,0x04,0x00,0x43,0x00,0x19,0xaa,0x61,
 0xb3,0xa8,0x72,0xb0,0xfb,0x74,0x84,0x10,0x85,0x33,0x01,0xaa,0x0a,0x16,0x6b,0xb2,
 0x37,0xfb,0x34,0xc4,0x20,0x80,0x01,0x13,0xaa,0x62,0xb3,0xa8,0x70,0xb1,0xfb,0x11,
 0xe4,0xa1,0xc1,0x01,0x98,0xaa,0x0a,0x38,0x6b,0xb2,0x17,0xfb,0x35,0x04,0x71,0x49,
 0x0e,0x03,0xaa,0x0a,0x36,0x6b,0xb1,0x27,0xfb,0x04,0x14,0x80,0x00,0x01,0x18,0xaa,
 0x80,0xb1,0xa6,0x72,0xb3,0xfb,0x38,0x3c,0x80,0x01,0x09,0x93,0xaa,0x82,0xb3,0xa7,
 0x81,0xb0,0xfb,0x23,0x40,0x60,0xb8,0x06,0x83,0xaa,0x3a,0x08,0x6b,0xb1,0x27,0xfb,
 0x4d,0x50,0x80,0x44,0x24,0x08,0xaa,0x1a,0x26,0x6b,0xb0,0x37,0xfb,0x49,0x04,0x21,
 0x40,0x00,0x13,0xaa,0x63,0xb2,0xa8,0x70,0xb1,0xfb,0x08,0x30,0xe0,0x01,0x01,0x93,
 0xaa,0x82,0xb3,0xa7,0x81,0xb0,0xfb,0x29,0xbc,0xe5,0x40,0x06,0x9a,0xaa,0x2a,0x38,
 0x6b,0xb0,0x17,0xfb,0x96,0x28,0xd0,0xc3,0x19,0x0a,0xaa,0x1a,0x36,0x6b,0xb2,0x07,
 0xfb,0x03,0x08,0x60,0xc0,0x00,0x18,0xaa,0x81,0xb0,0xa6,0x83,0xb2,0xfb,0xb0,0x2d,
 0x00,0x01,0x0a,0x8b,0xaa,0x1a,0x38,0x6b,0xb2,0x07,0xfb,0x51,0x98,0xa0,0xc8,0x0a,
 0x19,0xaa,0x1a,0x36,0x6b,0xb0,0x27,0xfb,0x04,0x18,0x90,0xc0,0x00,0x1a,0xaa,0x63,
 0xb2,0xa8,0x71,0xb0,0xfb,0x21,0x5c,0x17,0x82,0x03,0x98,0xaa,0x3a,0x08,0x6b,0xb2,
 0x17,0xfb,0x3b,0xe4,0xa2,0x02,0x1b,0x18,0xaa,0x3a,0x26,0x6b,0xb0,0x17,0xfb,0x01,
 0x68,0x10,0x80,0x03,0x10,0xaa,0x60,0xb2,0xa8,0x71,0xb3,0xfb,0x1f,0xc4,0x34,0x81,
 0x02,0x83,0xaa,0x3a,0x08,0x6b,0xb2,0x17,0xfb,0x6b,0x6c,0x90,0xc9,0x0a,0x01,0xaa,
 0x0a,0x16,0x6b,0xb3,0x27,0xfb,0x02,0x18,0xc1,0x84,0x00,0x18,0xaa,0x80,0xb3,0xa8,
 0x72,0xb1,0xfb,0x09,0x4c,0xa0,0xe8,0x08,0x99,0xaa,0x1a,0x38,0x6b,0xb0,0x27,0xfb,
 0x0a,0x44,0x73,0x07,0x1a,0x18,0xaa,0x0a,0x36,0x6b,0xb2,0x17,0xfb,0x39,0x04,0x50,
 0x40,0x0f,0x0a,0xaa,0x61,0xb2,0xa8,0x73,0xb0,0xfb,0x05,0x48,0xc0,0x86,0x0a,0x88,
 0xaa,0x1a,0x08,0x6b,0xb3,0x27,0xfb,0x66,0xa4,0x10,0x01,0x11,0x0a,0xaa,0x2a,0x16,
 0x6b,0xb3,0x07,0xfb,0x03,0xe8,0x10,0x00,0x10,0x02,0xaa,0x62,0xb0,0xa8,0x73,0xb1,
 0xfb,0x10,0x28,0x80,0x40,0x04,0x81,0xaa,0x81,0xb0,0xa7,0x83,0xb2,0xfb,0x2d,0x5d,
 0xc0,0x40,0x0c,0x91,0xaa,0x2a,0x18,0x6b,0xb3,0x07,0xfb,0x72,0xd8,0x52,0xc2,0x0d,
 0x18,0xaa,0x0a,0x26,0x6b,0xb3,0x17,0xfb,0x01,0x20,0xc1,0x44,0x01,0x18,0xaa,0x60,
 0xb3,0xa8,0x72,0xb1,0xfb,0x0f,0x98,0x20,0x02,0x83,0x82,0xaa,0x0a,0x28,0x6b,0xb1,
 0x37,0xfb,0x47,0x44,0xc3,0x85,0x11,0x10,0xaa,0x3a,0x06,0x6b,0xb2,0x17,0xfb,0x01,
 0x04,0x50,0x41,0x08,0x08,0xaa,0x60,0xb1,0xa8,0x73,0xb2,0xfb,0x02,0x08,0x01,0x41,
 0x09,0x83,0xaa,0x0a,0x38,0x6b,0xb2,0x17,0xfb,0x01,0xf0,0x30,0x04,0x04,0x1a,0xaa,
 0x60,0xb3,0xa6,0x72,0xb1,0xfb,0x01,0xf0,0x20,0xc4,0x00,0x18,0xaa,0x60,0xb3,0xa8,
 0x72,0xb1,0xfb,0x04,0x40,0x70,0x80,0x08,0x83,0xaa,0x83,0xb0,0xa7,0x81,0xb2,0xfb,
 0x12,0xb0,0x92,0x80,0x08,0x90,0xaa,0x0a,0x28,0x6b,0xb3,0x17,0xfb,0x21,0x78,0xb2,
 0x84,0x12,0x10,0xaa,0x0a,0x36,0x6b,0xb2,0x17,0xfb,0x12,0x04,0x70,0xc0,0x03,0x11,
 0xaa,0x61,0xb2,0xa8,0x70,0xb3,0xfb,0x4f,0x30,0x70,0xc0,0x04,0x8a,0xaa,0x1a,0x28,
 0x6b,0xb3,0x07,0xfb,0xc6,0xe4,0xf0,0x86,0x0d,0x19,0xaa,0x2a,0x36,0x6b,0xb1,0x07,
 0xfb,0x10,0x10,0x30,0x01,0x01,0x19,0xaa,0x72,0xb0,0xa8,0x61,0xb3,0xfb,0x11,0x50,
 0x50,0x5a,0x06,0x98,0xaa,0x0a,0x38,0x6b,0xb1,0x27,0xfb,0x62,0x70,0x91,0xcd,0x0c,
 0x18,0xaa,0x3a,0x16,0x6b,0xb0,0x27,0xfb,0x02,0xd0,0x40,0x00,0x0e,0x02,0xaa,0x60,
 0xb2,0xa8,0x73,0xb1,0xfb,0xdc,0xc9,0xf0,0x80,0x07,0x9a,0xaa,0x2a,0x38,0x6b,0xb1,
 0x07,0xfb,0x1d,0x18,0xc1,0x48,0x10,0x03,0xaa,0x0a,0x36,0x6b,0xb1,0x27,0xfb,0x42,
 0x10,0x20,0x80,0x0f,0x11,0xaa,0x62,0xb1,0xa8,0x70,0xb3,0xfb,0x2a,0x20,0x70,0x02,
 0x02,0x81,0xaa,0x80,0xb1,0xa7,0x82,0xb3,0xfb,0x6d,0x25,0x60,0xc2,0x0b,0x8a,0xaa,
 0x2a,0x18,0x6b,0xb3,0x07,0xfb,0x34,0xec,0x50,0x00,0x03,0x11,0xaa,0x63,0xb2,0xa6,
 0x71,0xb0,0xfb,0x03,0x0c,0x80,0x02,0x0b,0x08,0xaa,0x60,0xb1,0xa8,0x73,0xb2,0xfb,
 0x1d,0x38,0x20,0x00,0x06,0x58,0xaa,0x0a,0x37,0x8b,0xb2,0x16,0xfb,0x24,0x74,0xf0,
 0xc1,0xe3,0x91,0xaa,0x1a,0x28,0x6b,0xb0,0x37,0xfb,0x3e,0x3c,0x81,0x44,0x2f,0x0a,
 0xaa,0x0a,0x26,0x6b,0xb1,0x37,0xfb,0x2d,0xac,0x40,0x00,0x02,0x1a,0xaa,0x62,0xb3,
 0xa8,0x70,0xb1,0xfb,0x04,0x2c,0x63,0x82,0x05,0x9a,0xaa,0x83,0xb2,0xa7,0x81,0xb0,
 0xfb,0xc0,0x7f,0x70,0xc1,0x07,0x99,0xaa,0x1a,0x38,0x6b,0xb2,0x07,0xfb,0x2b,0x9c,
 0xa1,0x01,0x25,0x0a,0xaa,0x1a,0x26,0x6b,0xb0,0x37,0xfb,0x43,0xf4,0x20,0x80,0x00,
 0x1a,0xaa,0x82,0xb3,0xa8,0x70,0xb1,0xfb,0x15,0x70,0xc0,0x23,0x02,0x88,0xaa,0x0a,
 0x18,0x6b,0xb3,0x27,0xfb,0x1b,0x30,0x40,0x43,0x09,0x0b,0xaa,0x1a,0x06,0x6b,0xb3,
 0x27,0xfb,0x02,0x08,0x30,0x44,0x12,0x08,0xaa,0x80,0xb1,0xa8,0x73,0xb2,0xfb,0x4e,
 0x5f,0x30,0x41,0x09,0x99,0xaa,0x1a,0x38,0x6b,0xb2,0x07,0xfb,0x38,0xd4,0xa1,0x4c,
 0x0d,0x03,0xaa,0x1a,0x36,0x6b,0xb0,0x27,0xfb,0x42,0x0c,0x30,0x80,0x11,0x11,0xaa,
 0x61,0xb2,0xa8,0x73,0xb0,0xfb,0x2d,0x6a,0x30,0x42,0x05,0x99,0xaa,0x3a,0x18,0x6b,
 0xb2,0x07,0xfb,0x0f,0x4c,0x90,0xc5,0x18,0x11,0xaa,0x0a,0x16,0x6b,0xb2,0x37,0xfb,
 0x1a,0x98,0x10,0x40,0x00,0x1a,0xaa,0x62,0xb3,0xa8,0x71,0xb0,0xfb,0x0b,0xe0,0x40,
 0x01,0x08,0x9a,0xaa,0x82,0xb3,0xa7,0x80,0xb1,0xfb,0x30,0x70,0x40,0xc0,0x02,0x93,
 0xaa,0x3a,0x28,0x6b,0xb1,0x07,0xfb,0x4c,0x54,0x11,0x87,0x3e,0x02,0xaa,0x2a,0x06,
 0x6b,0xb1,0x37,0xfb,0x1b,0x3c,0x10,0x40,0x00,0x1a,0xaa,0x62,0xb3,0xa8,0x70,0xb1,
 0xfb,0x07,0x58,0x60,0xc2,0xcc,0x8a,0xaa,0x1a,0x28,0x6b,0xb0,0x37,0xfb,0x04,0xd0,
 0x61,0x87,0x35,0x10,0xaa,0x1a,0x26,0x6b,0xb0,0x37,0xfb,0x03,0x24,0xd0,0xc3,0x0e,
 0x08,0xaa,0x60,0xb1,0xa8,0x72,0xb3,0xfb,0xaf,0x20,0x10,0x87,0x13,0x0a,0xaa,0x2a,
 0x36,0x6b,0xb1,0x07,0xfb,0x30,0x14,0x10,0x00,0x0b,0x0a,0xaa,0x62,0xb1,0xa8,0x70,
 0xb3,0xfb,0x04,0x1c,0xf0,0xc0,0x04,0x81,0xaa,0x0a,0x18,0x6b,0xb2,0x37,0xfb,0x2b,
 0x24,0x31,0xc7,0x33,0x11,0xaa,0x2a,0x06,0x6b,0xb1,0x37,0xfb,0x49,0x1c,0x81,0x00,
 0x01,0x13,0xaa,0x63,0xb2,0xa8,0x70,0xb1,0xfb,0x1f,0x20,0xb0,0x67,0x05,0x83,0xaa,
 0x3a,0x08,0x6b,0xb1,0x27,0xfb,0x54,0x04,0x51,0x09,0x06,0x19,0xaa,0x62,0xb3,0xa7,
 0x61,0xb0,0xfb,0x01,0xb4,0x10,0x40,0x08,0x10,0xaa,0x60,0xb2,0xa8,0x71,0xb3,0xfb,
 0x0c,0x10,0x06,0x41,0x06,0x93,0xaa,0x2a,0x38,0x6b,0xb0,0x17,0xfb,0x1a,0x64,0x90,
 0x04,0x19,0x02,0xaa,0x1a,0x06,0x6b,0xb2,0x37,0xfb,0x27,0x04,0xd0,0xc2,0x00,0x19,
 0xaa,0x61,0xb3,0xa8,0x72,0xb0,0xfb,0x1a,0x68,0x26,0x01,0x04,0x83,0xaa,0x3a,0x08,
 0x6b,0xb2,0x17,0xfb,0x26,0x94,0x81,0x47,0x01,0x01,0xaa,0x1a,0x06,0x6b,0xb3,0x27,
 0xfb,0x01,0x50,0xc1,0x84,0x00,0x18,0xaa,0x60,0xb3,0xa8,0x71,0xb2,0xfb,0x11,0x7c,
 0xf0,0x82,0x89,0x88,0xaa,0x0a,0x18,0x6b,0xb2,0x37,0xfb,0x24,0xd0,0x41,0x01,0x25,
 0x11,0xaa,0x1a,0x26,0x6b,0xb0,0x37,0xfb,0x02,0x18,0xc0,0x43,0x0e,0x01,0xaa,0x60,
 0xb1,0xa8,0x72,0xb3,0xfb,0x0f,0x34,0x20,0x40,0x03,0x8a,0xaa,0x1a,0x28,0x6b,0xb3,
 0x07,0xfb,0x4e,0x54,0x20,0x46,0x2b,0x10,0xaa,0x1a,0x06,0x6b,0xb2,0x37,0xfb,0x40,
 0x04,0x10,0x00,0x0d,0x11,0xaa,0x61,0xb2,0xa8,0x70,0xb3,0xfb,0x49,0x28,0x90,0xc0,
 0x01,0x91,0xaa,0x1a,0x28,0x6b,0xb3,0x07,0xfb,0x04,0xc4,0xf0,0x81,0x09,0x18,0xaa,
 0x2a,0x36,0x6b,0xb0,0x17,0xfb,0x5b,0x3c,0x11,0x40,0x00,0x1a,0xaa,0x62,0xb3,0xa8,
 0x70,0xb1,0xfb,0x02,0x08,0xe1,0x80,0x09,0x83,0xaa,0x0a,0x38,0x6b,0xb2,0x17,0xfb,
 0x1f,0xcc,0xf2,0x43,0x1b,0x10,0xaa,0x3a,0x06,0x6b,0xb2,0x17,0xfb,0x04,0x10,0x21,
 0x00,0x10,0x10,0xaa,0x62,0xb0,0xa8,0x71,0xb3,0xfb,0x0c,0x08,0x80,0x80,0x01,0x93,
 0xaa,0x60,0xb3,0xa6,0x72,0xb1,0xfb,0x05,0x4c,0x40,0xc2,0x2b,0x90,0xaa,0x2a,0x08,
 0x6b,0xb1,0x37,0xfb,0x65,0x60,0x63,0x46,0x09,0x13,0xaa,0x0a,0x26,0x6b,0xb3,0x17,
 0xfb,0x09,0x0c,0x10,0xc3,0x0b,0x08,0xaa,0x61,0xb0,0xa8,0x72,0xb3,0xfb,0x10,0x80,
 0x30,0xdf,0x02,0x81,0xaa,0x0a,0x18,0x6b,0xb3,0x27,0xfb,0x5e,0x14,0xb0,0x05,0x04,
 0x19,0xaa,0x63,0xb1,0xa6,0x70,0xb2,0xfb,0x01,0x08,0x20,0x80,0x02,0x08,0xaa,0x80,
 0xb1,0xa8,0x63,0xb2,0xfb,0x0f,0x84,0x30,0x40,0x01,0x8a,0xaa,0x82,0xb1,0xa7,0x80,
 0xb3,0xfb,0x16,0x5c,0xa2,0xc3,0x17,0x1a,0xaa,0x0a,0x26,0x6b,0xb3,0x17,0xfb,0x03,
 0x38,0x51,0xc0,0x12,0x10,0xaa,0x60,0xb2,0xa8,0x71,0xb3,0xfb,0x11,0x20,0x40,0x03,
 0x01,0x83,0xaa,0x0a,0x38,0x6b,0xb1,0x27,0xfb,0x28,0x4c,0x61,0x42,0x22,0x01,0xaa,
 0x2a,0x06,0x6b,0xb1,0x37,0xfb,0x4b,0x3c,0x11,0x40,0x01,0x1a,0xaa,0x62,0xb3,0xa8,
 0x71,0xb0,0xfb,0x22,0x74,0x97,0x81,0x03,0x98,0xaa,0x3a,0x08,0x6b,0xb2,0x17,0xfb,
 0x5f,0x54,0x54,0x46,0x1a,0x03,0xaa,0x2a,0x36,0x6b,0xb0,0x17,0xfb,0x2c,0x80,0x10,
 0x40,0x00,0x1a,0xaa,0x62,0xb3,0xa8,0x70,0xb1,0xfb,0x23,0x08,0x95,0xc0,0x07,0x90,
 0xaa,0x0a,0x28,0x6b,0xb3,0x17,0xfb,0x0d,0xa8,0xd1,0x03,0x0e,0x03,0xaa,0x0a,0x36,
 0x6b,0xb2,0x17,0xfb,0x03,0xe0,0xe0,0x43,0x00,0x18,0xaa,0x63,0xb0,0xa8,0x72,0xb1,
 0xfb,0x06,0x40,0x20,0xc2,0x01,0x98,0xaa,0x0a,0x38,0x6b,0xb1,0x27,0xfb,0x31,0x50,
 0x60,0x44,0x06,0x01,0xaa,0x1a,0x36,0x6b,0xb0,0x27,0xfb,0x03,0xc0,0x60,0x43,0x00,
 0x18,0xaa,0x63,0xb0,0xa8,0x72,0xb1,0xfb,0x25,0x5c,0x50,0xa0,0x03,0x83,0xaa,0x3a,
 0x08,0x6b,0xb1,0x27,0xfb,0x65,0xf4,0xc0,0x8e,0x18,0x19,0xaa,0x0a,0x16,0x6b,0xb3,
 0x27,0xfb,0x07,0x04,0xd0,0x01,0x08,0x01,0xaa,0x61,0xb0,0xa8,0x73,0xb2,0xfb,0x06,
 0x7c,0x80,0x8a,0x01,0x81,0xaa,0x1a,0x08,0x6b,0xb3,0x27,0xfb,0x13,0x98,0x70,0x03,
 0x16,0x11,0xaa,0x0a,0x16,0x6b,0xb2,0x37,0xfb,0x02,0x04,0x50,0x44,0x0f,0x08,0xaa,
 0x61,0xb0,0xa8,0x72,0xb3,0xfb,0xb5,0x35,0x00,0x01,0x07,0x9a,0xaa,0x2a,0x38,0x6b,
 0xb1,0x07,0xfb,0x75,0x3c,0x50,0x48,0x06,0x03,0xaa,0x0a,0x16,0x6b,0xb3,0x27,0xfb,
 0x3b,0xcc,0x10,0x80,0x00,0x13,0xaa,0x62,0xb3,0xa8,0x70,0xb1,0xfb,0x49,0xd4,0xe0,
 0x06,0x02,0x01,0xaa,0x1a,0x06,0x6b,0xb3,0x27,0xfb,0x03,0x08,0xb0,0x40,0x00,0x0b,
 0xaa,0x63,0xb1,0xa8,0x72,0xb0,0xfb,0x0e,0xb0,0x60,0xc7,0x01,0x83,0xaa,0x0a,0x38,
 0x6b,0xb1,0x27,0xfb,0x81,0xd0,0x71,0x80,0x07,0x19,0xaa,0x1a,0x36,0x6b,0xb2,0x07,
 0xfb,0x25,0x14,0x30,0xc2,0x01,0x0b,0xaa,0x70,0xb2,0xa8,0x61,0xb3,0xfb,0x15,0xa8,
 0xb8,0xc0,0x06,0x98,0xaa,0x0a,0x38,0x6b,0xb2,0x17,0xfb,0x72,0x34,0xf0,0x09,0x0e,
 0x18,0xaa,0x0a,0x16,0x6b,0xb3,0x27,0xfb,0x21,0x78,0x10,0xc0,0x01,0x1a,0xaa,0x62,
 0xb3,0xa8,0x70,0xb1,0xfb,0x1e,0x90,0x60,0xc0,0x00,0x9a,0xaa,0x83,0xb2,0xa6,0x71,
 0xb0,0xfb,0x80,0xc0,0x91,0xc1,0x03,0x0a,0xaa,0x1a,0x36,0x6b,0xb2,0x07,0xfb,0x1c,
 0x68,0x20,0x80,0x02,0x13,0xaa,0x63,0xb2,0xa8,0x70,0xb1,0xfb,0x26,0x0c,0x90,0xc2,
 0x03,0x42,0xaa,0x2a,0x07,0x8b,0xb1,0x36,0xfb,0x16,0x6c,0x60,0xc2,0xd1,0x90,0xaa,
 0x0a,0x28,0x6b,0xb1,0x37,0xfb,0x2f,0x54,0xb2,0xc1,0x18,0x18,0xaa,0x2a,0x06,0x6b,
 0xb3,0x17,0xfb,0x04,0x08,0x80,0x02,0x09,0x08,0xaa,0x61,0xb0,0xa8,0x72,0xb3,0xfb,
 0x1f,0x2c,0x2f,0xc2,0x07,0x98,0xaa,0x0a,0x38,0x6b,0xb2,0x17,0xfb,0x12,0x9c,0x31,
 0x83,0x0e,0x18,0xaa,0x0a,0x26,0x6b,0xb3,0x17,0xfb,0x4e,0x18,0x11,0x80,0x00,0x13,
 0xaa,0x62,0xb3,0xa8,0x70,0xb1,0xfb,0x1e,0x50,0x20,0x82,0xab,0x8a,0xaa,0x1a,0x28,
 0x6b,0xb0,0x37,0xfb,0x25,0x5c,0x20,0x87,0x13,0x01,0xaa,0x1a,0x06,0x6b,0xb3,0x27,
 0xfb,0x01,0x1c,0xb0,0x84,0x13,0x08,0xaa,0x60,0xb1,0xa8,0x73,0xb2,0xfb,0x20,0x60,
 0x21,0x00,0x0c,0x82,0xaa,0x60,0xb1,0xa7,0x82,0xb3,0xfb,0x76,0x70,0x51,0xc5,0x43,
 0x02,0xaa,0x0a,0x26,0x6b,0xb1,0x37,0xfb,0x18,0x04,0x20,0x00,0x04,0x0a,0xaa,0x61,
 0xb2,0xa8,0x70,0xb3,0xfb,0x1e,0x90,0xa0,0x80,0x5b,0x91,0xaa,0x2a,0x18,0x6b,0xb0,
 0x37,0xfb,0xb8,0xb8,0xc1,0x85,0x01,0x13,0xaa,0x1a,0x36,0x6b,0xb2,0x07,0xfb,0x05,
 0x2c,0xf0,0x40,0x00,0x03,0xaa,0x63,0xb0,0xa8,0x72,0xb1,0xfb,0x0e,0x18,0xc0,0x48,
 0x06,0x8b,0xaa,0x3a,0x18,0x6b,0xb0,0x27,0xfb,0x41,0x50,0xe1,0xc2,0x2a,0x11,0xaa,
 0x2a,0x06,0x6b,0xb1,0x37,0xfb,0x06,0xa0,0x20,0x40,0x09,0x02,0xaa,0x62,0xb0,0xa8,
 0x71,0xb3,0xfb,0x08,0x1c,0x10,0x41,0x0c,0x81,0xaa,0x1a,0x08,0x6b,0xb2,0x37,0xfb,
 0x24,0xf0,0x82,0x06,0x12,0x03,0xaa,0x2a,0x06,0x6b,0xb3,0x17,0xfb,0x38,0x0c,0x20,
 0x83,0x02,0x8b,0xaa,0x3a,0x18,0x6b,0xb2,0x07,0xfb,0x2d,0xc8,0xa0,0x42,0x1c,0x0a,
 0xaa,0x2a,0x06,0x6b,0xb1,0x37,0xfb,0x03,0x04,0x50,0xc5,0x13,0x08,0xaa,0x61,0xb0,
 0xa8,0x72,0xb3,0xfb,0x06,0x18,0xa0,0xc2,0x09,0x5a,0xaa,0x2a,0x37,0x8b,0xb0,0x16,
 0xfb,0x06,0x10,0xf0,0x81,0x29,0x82,0xaa,0x2a,0x08,0x6b,0xb1,0x37,0xfb,0x18,0x40,
 0x80,0x05,0x1a,0x10,0xaa,0x63,0xb0,0xa7,0x61,0xb2,0xfb,0x0b,0x08,0x10,0xc0,0x04,
 0x11,0xaa,0x62,0xb1,0xa8,0x73,0xb0,0xfb,0x85,0xc0,0x60,0xc5,0x05,0x13,0xaa,0x3a,
 0x16,0x6b,0xb2,0x07,0xfb,0x05,0x04,0x80,0x02,0x0b,0x01,0xaa,0x61,0xb0,0xa8,0x73,
 0xb2,0xfb,0xa4,0x18,0xa0,0xc1,0x06,0x8b,0xaa,0x3a,0x18,0x6b,0xb2,0x07,0xfb,0x3e,
 0x58,0x91,0x44,0x31,0x10,0xaa,0x0a,0x26,0x6b,0xb1,0x37,0xfb,0x02,0x04,0x50,0x44,
 0x13,0x01,0xaa,0x61,0xb0,0xa8,0x73,0xb2,0xfb,0x70,0x2c,0x00,0x03,0x02,0x99,0xaa,
 0x1a,0x38,0x6b,0xb2,0x07,0xfb,0x05,0x2c,0x50,0x44,0x13,0x19,0xaa,0x61,0xb0,0xa6,
 0x73,0xb2,0xfb,0x01,0xbc,0x90,0xc2,0x00,0x18,0xaa,0x60,0xb3,0xa8,0x71,0xb2,0xfb,
 0x14,0xac,0x30,0x83,0x09,0x01,0xaa,0x0a,0x36,0x6b,0xb1,0x27,0xfb,0x02,0x5c,0x70,
 0x41,0x05,0x08,0xaa,0x60,0xb1,0xa8,0x72,0xb3,0xfb,0x12,0xe8,0x28,0x02,0x02,0x90,
 0xaa,0x0a,0x28,0x6b,0xb3,0x17,0xfb,0x5f,0x58,0x01,0x4c,0x0f,0x03,0xaa,0x3a,0x16,
 0x6b,0xb0,0x27,0xfb,0x02,0xa4,0x70,0xc2,0x05,0x18,0xaa,0x60,0xb3,0xa8,0x71,0xb2,
 0xfb,0x16,0x44,0x60,0x81,0x56,0x81,0xaa,0x1a,0x08,0x6b,0xb2,0x37,0xfb,0xd1,0x8c,
 0x51,0xc5,0x12,0x0b,0xaa,0x3a,0x26,0x6b,0xb1,0x07,0xfb,0x02,0xa0,0xe0,0xc1,0x00,
 0x18,0xaa,0x60,0xb3,0xa8,0x71,0xb2,0xfb,0x40,0x98,0x51,0xc3,0x08,0x10,0xaa,0x3a,
 0x26,0x6b,0xb0,0x17,0xfb,0x33,0x24,0x00,0x41,0x0d,0x11,0xaa,0x62,0xb1,0xa8,0x73,
 0xb0,0xfb,0x37,0x50,0x50,0xc3,0x03,0x50,0xaa,0x0a,0x27,0x8b,0xb3,0x16,0xfb,0x3e,
 0xa0,0x90,0x40,0x01,0x91,0xaa,0x81,0xb2,0xa7,0x83,0xb0,0xfb,0x09,0x8c,0x80,0xd1,
 0x03,0x88,0xaa,0x1a,0x08,0x6b,0xb3,0x27,0xfb,0x39,0x5c,0xd0,0xc0,0x00,0x10,0xaa,
 0x62,0xb3,0xa6,0x70,0xb1,0xfb,0x3c,0x50,0x50,0x80,0x0f,0x0a,0xaa,0x61,0xb2,0xa8,
 0x73,0xb0,0xfb,0x17,0x50,0xd0,0xda,0x04,0x88,0xaa,0x1a,0x08,0x6b,0xb3,0x27,0xfb,
 0x58,0xac,0x61,0xc2,0x2d,0x10,0xaa,0x1a,0x26,0x6b,0xb0,0x37,0xfb,0x06,0x10,0x80,
 0x41,0x07,0x08,0xaa,0x73,0xb2,0xa8,0x61,0xb0,0xfb,0x2d,0x78,0xb0,0x40,0x51,0x91,
 0xaa,0x2a,0x18,0x6b,0xb0,0x37,0xfb,0x30,0x38,0x20,0x80,0x03,0x10,0xaa,0x61,0xb2,
 0xa6,0x70,0xb3,0xfb,0x29,0x40,0x10,0x40,0x00,0x1a,0xaa,0x62,0xb3,0xa8,0x70,0xb1,
 0xfb,0x14,0x28,0x8a,0x42,0x04,0x9a,0xaa,0x3a,0x28,0x6b,0xb0,0x17,0xfb,0x33,0xd4,
 0x30,0x47,0x2a,0x01,0xaa,0x2a,0x06,0x6b,0xb1,0x37,0xfb,0x2e,0x0c,0x20,0x00,0x09,
 0x0a,0xaa,0x62,0xb1,0xa8,0x70,0xb3,0xfb,0x24,0x30,0xe6,0x00,0x03,0x83,0xaa,0x3a,
 0x08,0x6b,0xb2,0x17,0xfb,0x53,0x9c,0xb1,0xc0,0x24,0x0a,0xaa,0x1a,0x26,0x6b,0xb0,
 0x37,0xfb,0x02,0x3c,0x91,0xc5,0x00,0x18,0xaa,0x60,0xb3,0xa8,0x72,0xb1,0xfb,0x12,
 0xac,0x90,0x11,0x04,0x83,0xaa,0x3a,0x08,0x6b,0xb1,0x27,0xfb,0x56,0xb0,0x20,0x83,
 0x0a,0x0b,0xaa,0x62,0xb0,0xa7,0x63,0xb1,0xfb,0x02,0x0c,0x80,0x84,0x14,0x01,0xaa,
 0x60,0xb1,0xa8,0x73,0xb2,0xfb,0x13,0xa4,0x00,0xc2,0x95,0x82,0xaa,0x0a,0x28,0x6b,
 0xb1,0x37,0xfb,0x10,0x24,0x80,0x81,0x06,0x01,0xaa,0x60,0xb1,0xa8,0x73,0xb2,0xfb,
 0x04,0x74,0x00,0x86,0x07,0x81,0xaa,0x1a,0x08,0x6b,0xb3,0x27,0xfb,0x7f,0xdc,0x21,
 0x01,0x0a,0x11,0xaa,0x1a,0x26,0x6b,0xb3,0x07,0xfb,0x01,0x3c,0xd1,0x04,0x06,0x18,
 0xaa,0x60,0xb3,0xa8,0x71,0xb2,0xfb,0x0e,0x6c,0x90,0x54,0x00,0x81,0xaa,0x0a,0x18,
 0x6b,0xb3,0x27,0xfb,0x4c,0x0c,0xd0,0x82,0x12,0x01,0xaa,0x61,0xb2,0xa6,0x70,0xb3,
 0xfb,0x01,0x64,0x01,0x44,0x00,0x18,0xaa,0x60,0xb3,0xa8,0x71,0xb2,0xfb,0x32,0x88,
 0x30,0x80,0x05,0x9a,0xaa,0x3a,0x28,0x6b,0xb1,0x07,0xfb,0x44,0xe0,0x91,0x43,0x0b,
 0x02,0xaa,0x3a,0x26,0x6b,0xb0,0x17,0xfb,0x01,0x00,0x71,0x42,0x00,0x18,0xaa,0x60,
 0xb3,0xa8,0x71,0xb2,0xfb,0x02,0x30,0xb0,0x02,0x06,0x5a,0xaa,0x80,0xb2,0xa7,0x61,
 0xb3,0xfb,0x1a,0x88,0x40,0x9c,0x04,0x83,0xaa,0x3a,0x08,0x6b,0xb1,0x27,0xfb,0x20,
 0xa8,0x41,0x03,0x12,0x18,0xaa,0x0a,0x26,0x6b,0xb3,0x17,0xfb,0x10,0x24,0xb1,0x44,
 0x02,0x03,0xaa,0x60,0xb3,0xa8,0x72,0xb1,0xfb,0x15,0x48,0x90,0x41,0x58,0x81,0xaa,
 0x1a,0x08,0x6b,0xb2,0x37,0xfb,0x5f,0x34,0xc0,0x05,0x0a,0x19,0xaa,0x1a,0x36,0x6b,
 0xb2,0x07,0xfb,0x08,0x30,0x70,0x80,0x00,0x03,0xaa,0x71,0xb2,0xa8,0x63,0xb0,0xfb,
 0x16,0xb4,0x7a,0xc1,0x07,0x9a,0xaa,0x2a,0x38,0x6b,0xb0,0x17,0xfb,0x75,0x2c,0xf1,
 0x40,0x13,0x13,0xaa,0x2a,0x16,0x6b,0xb3,0x07,0xfb,0x19,0x04,0x20,0x43,0x00,0x19,
 0xaa,0x61,0xb3,0xa8,0x72,0xb0,0xfb,0x71,0xf8,0xe3,0x44,0x1c,0x10,0xaa,0x0a,0x36,
 0x6b,0xb2,0x17,0xfb,0x3b,0x04,0x40,0x45,0x00,0x19,0xaa,0x61,0xb3,0xa8,0x72,0xb0,
 0xfb,0x22,0x7c,0x90,0xc1,0xcf,0x82,0xaa,0x2a,0x08,0x6b,0xb1,0x37,0xfb,0x72,0x44,
 0xc0,0xc5,0x02,0x08,0xaa,0x63,0xb1,0xa6,0x70,0xb2,0xfb,0x2c,0x04,0x10,0xc0,0x04,
 0x11,0xaa,0x61,0xb2,0xa8,0x70,0xb3,0xfb,0xf1,0x54,0x20,0xc1,0x03,0x9a,0xaa,0x3a,
 0x28,0x6b,0xb1,0x07,0xfb,0x16,0xd0,0x31,0x43,0x17,0x1a,0xaa,0x0a,0x26,0x6b,0xb3,
 0x17,0xfb,0x22,0x04,0x40,0x00,0x0b,0x0a,0xaa,0x61,0xb2,0xa8,0x73,0xb0,0xfb,0x2c,
 0x24,0xc1,0xc3,0x04,0x18,0xaa,0x3a,0x06,0x6b,0xb2,0x17,0xfb,0x05,0x0c,0x60,0xc1,
 0x00,0x0a,0xaa,0x62,0xb1,0xa8,0x70,0xb3,0xfb,0x08,0x78,0x10,0xcd,0x04,0x88,0xaa,
 0x1a,0x08,0x6b,0xb3,0x27,0xfb,0x4b,0x24,0x50,0xc0,0x09,0x01,0xaa,0x62,0xb1,0xa6,
 0x70,0xb3,0xfb,0x07,0x0c,0xc0,0x42,0x0c,0x08,0xaa,0x61,0xb0,0xa8,0x73,0xb2,0xfb,
 0xb4,0x1c,0xe0,0x01,0x05,0x8a,0xaa,0x2a,0x18,0x6b,0xb3,0x07,0xfb,0x59,0x6c,0x51,
 0xc0,0x0a,0x1a,0xaa,0x63,0xb2,0xa6,0x71,0xb0,0xfb,0x34,0xc8,0x10,0x01,0x02,0x13,
 0xaa,0x62,0xb3,0xa8,0x70,0xb1,0xfb,0x0a,0x50,0x91,0x00,0x0b,0x82,0xaa,0x0a,0x28,
 0x6b,0xb3,0x17,0xfb,0x05,0x78,0x90,0x80,0x10,0x10,0xaa,0x60,0xb2,0xa6,0x73,0xb1,
 0xfb,0x45,0x0c,0x60,0xc1,0x11,0x0a,0xaa,0x62,0xb1,0xa8,0x73,0xb0,0xfb,0x1e,0x58,
 0x80,0x82,0x04,0x1a,0xaa,0x63,0xb1,0xa6,0x72,0xb0,0xfb,0x31,0x58,0x30,0xc0,0x0c,
 0x0a,0xaa,0x61,0xb2,0xa8,0x73,0xb0,0xfb,0x0d,0x44,0x50,0x00,0x2c,0x81,0xaa,0x0a,
 0x18,0x6b,0xb2,0x37,0xfb,0x6d,0x5c,0xd2,0xc2,0x0b,0x1a,0xaa,0x0a,0x26,0x6b,0xb3,
 0x17,0xfb,0x16,0x0c,0xe0,0x01,0x08,0x08,0xaa,0x60,0xb1,0xa8,0x73,0xb2,0xfb,0x20,
 0x44,0x80,0xc0,0x37,0x82,0xaa,0x0a,0x28,0x6b,0xb1,0x37,0xfb,0x76,0xc0,0xf3,0x43,
 0x1b,0x1a,0xaa,0x3a,0x06,0x6b,0xb2,0x17,0xfb,0x46,0x18,0x10,0x04,0x01,0x19,0xaa,
 0x63,0xb1,0xa8,0x70,0xb2,0xfb,0xde,0x61,0x00,0x03,0x05,0x8b,0xaa,0x3a,0x18,0x6b,
 0xb2,0x07,0xfb,0xcd,0x88,0xb1,0x83,0x18,0x19,0xaa,0x2a,0x16,0x6b,0xb3,0x07,0xfb,
 0x02,0x5c,0xb0,0x42,0x0b,0x08,0xaa,0x60,0xb1,0xa8,0x73,0xb2,0xfb,0x26,0x64,0x2a,
 0xc1,0x07,0x82,0xaa,0x2a,0x08,0x6b,0xb3,0x17,0xfb,0x77,0x10,0xa1,0xc4,0x34,0x01,
 0xaa,0x0a,0x16,0x6b,0xb2,0x37,0xfb,0x02,0x34,0x71,0xc5,0x00,0x03,0xaa,0x60,0xb3,
 0xa8,0x72,0xb1,0xfb,0x5c,0xd4,0xc2,0xc3,0x13,0x10,0xaa,0x2a,0x36,0x6b,0xb0,0x17,
 0xfb,0x03,0x08,0x00,0x82,0x05,0x01,0xaa,0x61,0xb0,0xa8,0x72,0xb3,0xfb,0x17,0x20,
 0x90,0xc0,0x23,0x88,0xaa,0x0a,0x18,0x6b,0xb2,0x37,0xfb,0xa9,0x9c,0x21,0x85,0x08,
 0x13,0xaa,0x1a,0x36,0x6b,0xb2,0x07,0xfb,0x53,0x08,0xe0,0x04,0x02,0x19,0xaa,0x61,
 0xb3,0xa8,0x70,0xb2,0xfb,0xae,0x7f,0xf0,0xc1,0x07,0x91,0xaa,0x1a,0x28,0x6b,0xb3,
 0x07,0xfb,0xb1,0xc8,0x41,0x42,0x13,0x0b,0xaa,0x1a,0x26,0x6b,0xb3,0x07,0xfb,0x2b,
 0x04,0xd0,0x02,0x06,0x0b,0xaa,0x61,0xb3,0xa8,0x72,0xb0,0xfb,0x05,0x9c,0x30,0x81,
 0x03,0x98,0xaa,0x3a,0x08,0x6b,0xb2,0x17,0xfb,0xd1,0xbc,0x21,0x87,0x08,0x1a,0xaa,
 0x1a,0x26,0x6b,0xb3,0x07,0xfb,0x01,0x6c,0x10,0x80,0x00,0x10,0xaa,0x60,0xb2,0xa8,
 0x71,0xb3,0xfb,0x03,0xc0,0x70,0x41,0x07,0x90,0xaa,0x2a,0x08,0x6b,0xb3,0x17,0xfb,
 0x1e,0xac,0x61,0x40,0x17,0x08,0xaa,0x71,0xb3,0xa6,0x60,0xb2,0xfb,0x0c,0xc8,0x22,
 0x01,0x03,0x82,0xaa,0x0a,0x28,0x6b,0xb3,0x17,0xfb,0x1b,0x60,0xf1,0x02,0x1c,0x01,
 0xaa,0x0a,0x26,0x6b,0xb1,0x37,0xfb,0x0e,0x0c,0xb1,0x40,0x10,0x10,0xaa,0x62,0xb0,
 0xa8,0x71,0xb3,0xfb,0x09,0x68,0x10,0x59,0x04,0x8b,0xaa,0x3a,0x18,0x6b,0xb0,0x27,
 0xfb,0x08,0xa8,0x30,0x44,0x04,0x13,0xaa,0x63,0xb0,0xa6,0x72,0xb1,0xfb,0x38,0xd8,
 0x70,0x80,0x04,0x1a,0xaa,0x63,0xb2,0xa8,0x70,0xb1,0xfb,0x21,0x48,0xe0,0xa4,0x0b,
 0x81,0xaa,0x1a,0x08,0x6b,0xb3,0x27,0xfb,0xa2,0x5c,0x61,0xc7,0x01,0x13,0xaa,0x2a,
 0x36,0x6b,0xb1,0x07,0xfb,0x1b,0x44,0x90,0x01,0x02,0x19,0xaa,0x61,0xb3,0xa8,0x70,
 0xb2,0xfb,0x44,0x9b,0x70,0x01,0x03,0x8a,0xaa,0x2a,0x18,0x6b,0xb3,0x07,0xfb,0x32,
 0x8c,0x30,0x82,0x07,0x0b,0xaa,0x3a,0x16,0x6b,0xb2,0x07,0xfb,0x10,0x38,0x10,0x00,
 0x06,0x1a,0xaa,0x62,0xb3,0xa8,0x70,0xb1,0xfb,0x03,0x28,0xa0,0x81,0x01,0x88,0xaa,
 0x81,0xb0,0xa6,0x72,0xb3,0xfb,0x85,0x20,0xf1,0x05,0x04,0x19,0xaa,0x3a,0x16,0x6b,
 0xb2,0x07,0xfb,0x49,0x38,0xb0,0xc0,0x11,0x11,0xaa,0x62,0xb1,0xa8,0x70,0xb3,0xfb,
 0x60,0x38,0x40,0xc0,0x07,0x8b,0xaa,0x81,0xb3,0xa7,0x82,0xb0,0xfb,0x04,0x48,0x40,
 0x84,0x0b,0x81,0xaa,0x1a,0x08,0x6b,0xb3,0x27,0xfb,0x2b,0x3c,0x60,0x80,0x03,0x10,
 0xaa,0x61,0xb2,0xa6,0x70,0xb3,0xfb,0x28,0xa8,0x70,0x80,0x04,0x13,0xaa,0x63,0xb2,
 0xa8,0x71,0xb0,0xfb,0x0b,0xb8,0xd3,0x40,0x06,0x98,0xaa,0x0a,0x38,0x6b,0xb2,0x17,
 0xfb,0x15,0x34,0x42,0x87,0x0d,0x10,0xaa,0x2a,0x06,0x6b,0xb3,0x17,0xfb,0x0a,0x18,
 0x40,0xc0,0x03,0x11,0xaa,0x60,0xb3,0xa8,0x71,0xb2,0xfb,0x0a,0x78,0x60,0x12,0x0b,
 0x88,0xaa,0x0a,0x18,0x6b,0xb3,0x27,0xfb,0x1f,0xec,0xb0,0xc6,0x24,0x0a,0xaa,0x2a,
 0x06,0x6b,0xb1,0x37,0xfb,0x15,0x18,0x41,0x00,0x11,0x02,0xaa,0x60,0xb2,0xa8,0x71,
 0xb3,0xfb,0x45,0x2d,0xf0,0x81,0x08,0x8a,0xaa,0x1a,0x28,0x6b,0xb3,0x07,0xfb,0x3c,
 0xb8,0xe1,0x85,0x35,0x10,0xaa,0x1a,0x06,0x6b,0xb2,0x37,0xfb,0x1e,0x14,0xb0,0xc0,
 0x03,0x53,0xaa,0x3a,0x27,0x8b,0xb1,0x06,0xfb,0x07,0x60,0xd0,0xc2,0x28,0x81,0xaa,
 0x1a,0x08,0x6b,0xb2,0x37,0xfb,0x78,0x2c,0xc0,0xc8,0x0e,0x0b,0xaa,0x1a,0x06,0x6b,
 0xb3,0x27,0xfb,0x04,0x04,0x70,0x43,0x10,0x01,0xaa,0x61,0xb0,0xa8,0x73,0xb2,0xfb,
 0x02,0x78,0xb0,0x80,0x00,0x90,0xaa,0x82,0xb0,0xa6,0x71,0xb3,0xfb,0x21,0x78,0x21,
 0x42,0x13,0x13,0xaa,0x0a,0x26,0x6b,0xb3,0x17,0xfb,0x01,0x7c,0x10,0x80,0x01,0x10,
 0xaa,0x60,0xb2,0xa8,0x71,0xb3,0xfb,0x75,0x10,0x50,0x88,0x0f,0x0b,0xaa,0x0a,0x16,
 0x6b,0xb3,0x27,0xfb,0x14,0x24,0x71,0x44,0x01,0x18,0xaa,0x60,0xb3,0xa8,0x71,0xb2,
 0xfb,0x08,0x74,0x60,0x0c,0x04,0x88,0xaa,0x1a,0x08,0x6b,0xb3,0x27,0xfb,0x9b,0xdc,
 0x01,0x82,0x0d,0x0b,0xaa,0x1a,0x26,0x6b,0xb3,0x07,0xfb,0x08,0x48,0x30,0x80,0x00,
 0x13,0xaa,0x1a,0x26,0x8b,0xb3,0x06,0xfb,0xe2,0x5c,0xb0,0xc0,0x05,0x8a,0xaa,0x2a,
 0x18,0x6b,0xb3,0x07,0xfb,0x67,0x74,0xb0,0x42,0x14,0x13,0xaa,0x1a,0x26,0x6b,0xb3,
 0x07,0xfb,0x4f,0x10,0x90,0x45,0x00,0x0b,0xaa,0x63,0xb1,0xa8,0x72,0xb0,0xfb,0x40,
 0x5c,0xe2,0xc6,0x06,0x1a,0xaa,0x2a,0x36,0x6b,0xb0,0x17,0xfb,0x02,0x44,0x80,0x80,
 0x05,0x10,0xaa,0x60,0xb2,0xa8,0x73,0xb1,0xfb,0x20,0x4c,0x00,0x41,0x78,0x90,0xaa,
 0x2a,0x08,0x6b,0xb1,0x37,0xfb,0x3f,0xcc,0x80,0x06,0x2a,0x0a,0xaa,0x2a,0x16,0x6b,
 0xb0,0x37,0xfb,0x12,0x04,0xc0,0x01,0x01,0x0b,0xaa,0x81,0xb0,0xa6,0x62,0xb3,0xfb,
 0x10,0x94,0x20,0x80,0x08,0x59,0xaa,0x1a,0x37,0x8b,0xb0,0x26,0xfb,0x1c,0x74,0xb6,
 0xc2,0x03,0x83,0xaa,0x3a,0x08,0x6b,0xb2,0x17,0xfb,0x2e,0x28,0xa0,0x07,0x1d,0x03,
 0xaa,0x1a,0x36,0x6b,0xb0,0x27,0xfb,0x42,0x04,0x40,0x00,0x0e,0x11,0xaa,0x61,0xb2,
 0xa8,0x70,0xb3,0xfb,0x44,0x31,0x20,0xc0,0x07,0x99,0xaa,0x1a,0x38,0x6b,0xb2,0x07,
 0xfb,0x32,0xd4,0x61,0x4e,0x1c,0x03,0xaa,0x62,0xb0,0xa7,0x63,0xb1,0xfb,0x09,0x78,
 0x30,0x42,0x00,0x18,0xaa,0x63,0xb0,0xa8,0x72,0xb1,0xfb,0x0f,0xa8,0x28,0x82,0x09,
 0x83,0xaa,0x0a,0x38,0x6b,0xb2,0x17,0xfb,0x5e,0x64,0x32,0x85,0x06,0x10,0xaa,0x3a,
 0x26,0x6b,0xb0,0x17,0xfb,0x11,0x74,0x80,0xc0,0x06,0x02,0xaa,0x60,0xb2,0xa8,0x71,
 0xb3,0xfb,0x38,0x69,0xc0,0x01,0x03,0x9a,0xaa,0x3a,0x28,0x6b,0xb1,0x07,0xfb,0x78,
 0x4c,0xd0,0x82,0x21,0x11,0xaa,0x0a,0x16,0x6b,0xb2,0x37,0xfb,0x30,0xe8,0x30,0x80,
 0x00,0x13,0xaa,0x63,0xb2,0xa8,0x71,0xb0,0xfb,0x14,0x08,0x30,0x00,0x04,0x50,0xaa,
 0x1a,0x06,0x8b,0xb2,0x37,0xfb,0x19,0x48,0x30,0x42,0x97,0x91,0xaa,0x1a,0x28,0x6b,
 0xb0,0x37,0xfb,0x21,0x98,0x30,0x03,0x01,0x10,0xaa,0x60,0xb3,0xa6,0x72,0xb1,0xfb,
 0x06,0xb8,0x90,0x02,0x01,0x18,0xaa,0x63,0xb0,0xa8,0x71,0xb2,0xfb,0x2c,0xb8,0xe0,
 0x82,0x00,0x41,0xaa,0x63,0xb1,0xa6,0x72,0xb0,0xfb,0x1a,0x5c,0xb0,0x45,0x01,0x8b,
 0xaa,0x1a,0x38,0x6b,0xb0,0x27,0xfb,0x53,0x40,0x20,0xc1,0x10,0x02,0xaa,0x61,0xb2,
 0xa6,0x70,0xb3,0xfb,0x1f,0xa4,0x59,0x01,0x04,0x90,0xaa,0x2a,0x08,0x6b,0xb3,0x17,
 0xfb,0x4f,0x44,0xc0,0x04,0x09,0x13,0xaa,0x1a,0x36,0x6b,0xb2,0x07,0xfb,0x11,0x1c,
 0x40,0x40,0x00,0x1a,0xaa,0x63,0xb2,0xa8,0x70,0xb1,0xfb,0x1a,0x94,0x10,0x7c,0x0c,
 0x88,0xaa,0x0a,0x18,0x6b,0xb3,0x27,0xfb,0x96,0xbc,0x11,0x05,0x02,0x11,0xaa,0x1a,
 0x36,0x6b,0xb2,0x07,0xfb,0x02,0x44,0xb0,0xc1,0x00,0x18,0xaa,0x61,0xb2,0xa6,0x80,
 0xb3,0xfb,0x6e,0x97,0x80,0x02,0x06,0x8b,0xaa,0x3a,0x18,0x6b,0xb2,0x07,0xfb,0x5f,
 0x38,0xd0,0x84,0x04,0x03,0xaa,0x61,0xb3,0xa6,0x70,0xb2,0xfb,0x64,0x04,0x10,0xc0,
 0x12,0x11,0xaa,0x61,0xb2,0xa8,0x70,0xb3,0xfb,0x1e,0x5c,0xd0,0x32,0x07,0x83,0xaa,
 0x3a,0x08,0x6b,0xb1,0x27,0xfb,0x9a,0xec,0x90,0x06,0x0a,0x0a,0xaa,0x2a,0x36,0x6b,
 0xb1,0x07,0xfb,0x11,0xf0,0x80,0x80,0x0e,0x10,0xaa,0x60,0xb2,0xa8,0x71,0xb3,0xfb,
 0x20,0x70,0x90,0xf7,0x0a,0x88,0xaa,0x1a,0x08,0x6b,0xb3,0x27,0xfb,0x15,0x48,0xe2,
 0x46,0x10,0x10,0xaa,0x2a,0x06,0x6b,0xb3,0x17,0xfb,0x52,0x04,0x90,0x43,0x00,0x19,
 0xaa,0x61,0xb3,0xa8,0x70,0xb2,0xfb,0x38,0x84,0x50,0x80,0x02,0x8b,0xaa,0x83,0xb1,
 0xa7,0x82,0xb0,0xfb,0x22,0x88,0xc0,0x00,0x62,0x82,0xaa,0x2a,0x08,0x6b,0xb1,0x37,
 0xfb,0x6a,0x10,0xe1,0x82,0x0a,0x19,0xaa,0x3a,0x26,0x6b,0xb1,0x07,0xfb,0x03,0x08,
 0x70,0x44,0x14,0x01,0xaa,0x61,0xb0,0xa8,0x73,0xb2,0xfb,0x0c,0x68,0xf0,0x50,0x02,
 0x81,0xaa,0x0a,0x18,0x6b,0xb3,0x27,0xfb,0x70,0xac,0x21,0xc2,0x32,0x0a,0xaa,0x1a,
 0x06,0x6b,0xb2,0x37,0xfb,0x1c,0x04,0x30,0x40,0x00,0x19,0xaa,0x61,0xb3,0xa8,0x70,
 0xb2,0xfb,0x22,0x90,0xb0,0x81,0x00,0x50,0xaa,0x2a,0x06,0x7b,0xb1,0x38,0xfb,0x31,
 0x10,0x30,0xc2,0x22,0x8a,0xaa,0x2a,0x18,0x6b,0xb0,0x37,0xfb,0x52,0x48,0xd0,0x44,
 0x09,0x0b,0xaa,0x1a,0x36,0x6b,0xb2,0x07,0xfb,0x01,0x10,0xd1,0x45,0x00,0x18,0xaa,
 0x60,0xb3,0xa8,0x72,0xb1,0xfb,0xec,0x68,0xa0,0x80,0x06,0x91,0xaa,0x2a,0x18,0x6b,
 0xb3,0x07,0xfb,0x63,0x78,0xd1,0x02,0x2f,0x10,0xaa,0x2a,0x16,0x6b,0xb0,0x37,0xfb,
 0x06,0x4c,0xe0,0x02,0x0b,0x08,0xaa,0x61,0xb0,0xa8,0x72,0xb3,0xfb,0x0f,0x9c,0x40,
 0xc0,0x86,0x88,0xaa,0x0a,0x18,0x6b,0xb2,0x37,0xfb,0x25,0x40,0x80,0x43,0x0d,0x08,
 0xaa,0x1a,0x06,0x6b,0xb3,0x27,0xfb,0x01,0x30,0x11,0x40,0x19,0x10,0xaa,0x60,0xb2,
 0xa8,0x73,0xb1,0xfb,0x21,0x14,0x40,0xc0,0x15,0x90,0xaa,0x0a,0x28,0x6b,0xb1,0x37,
 0xfb,0x35,0xe0,0x00,0x4a,0x19,0x03,0xaa,0x3a,0x06,0x6b,0xb1,0x27,0xfb,0x36,0x18,
 0xb0,0x03,0x01,0x0b,0xaa,0x63,0xb1,0xa8,0x72,0xb0,0xfb,0x16,0x30,0x50,0xce,0x03,
 0x88,0xaa,0x1a,0x08,0x6b,0xb3,0x27,0xfb,0x33,0x80,0xc0,0xc6,0x02,0x19,0xaa,0x72,
 0xb0,0xa6,0x63,0xb1,0xfb,0x10,0xf8,0x30,0x04,0x01,0x18,0xaa,0x60,0xb3,0xa8,0x72,
 0xb1,0xfb,0x39,0xbc,0x20,0x43,0x01,0x48,0xaa,0x0a,0x17,0x8b,0xb3,0x26,0xfb,0x2d,
 0x08,0x9c,0x41,0x08,0x9a,0xaa,0x2a,0x38,0x6b,0xb0,0x17,0xfb,0x08,0x18,0xf0,0x40,
 0x19,0x18,0xaa,0x73,0xb2,0xa6,0x61,0xb0,0xfb,0x25,0x04,0xf0,0x42,0x02,0x0b,0xaa,
 0x61,0xb3,0xa8,0x72,0xb0,0xfb,0x16,0x6c,0xf0,0x21,0x07,0x98,0xaa,0x0a,0x38,0x6b,
 0xb1,0x27,0xfb,0x3b,0x88,0x70,0x83,0x0f,0x08,0xaa,0x61,0xb0,0xa6,0x73,0xb2,0xfb,
 0x03,0xfc,0xb0,0x82,0x00,0x18,0xaa,0x63,0xb0,0xa8,0x71,0xb2,0xfb,0xfb,0x71,0xf0,
 0x02,0x05,0x8b,0xaa,0x3a,0x18,0x6b,0xb2,0x07,0xfb,0x5d,0x70,0x00,0x47,0x0d,0x13,
 0xaa,0x72,0xb0,0xa6,0x61,0xb3,0xfb,0x1b,0x14,0x40,0xc1,0x07,0x11,0xaa,0x62,0xb1,
 0xa8,0x73,0xb0,0xfb,0x5e,0x0c,0xe0,0x00,0x03,0x5a,0xaa,0x2a,0x37,0x8b,0xb1,0x06,
 0xfb,0x20,0x30,0xc0,0x01,0xca,0x90,0xaa,0x2a,0x08,0x6b,0xb1,0x37,0xfb,0x38,0x20,
 0x91,0xc3,0x06,0x0a,0xaa,0x63,0xb2,0xa6,0x71,0xb0,0xfb,0x03,0x04,0xa0,0x02,0x02,
 0x1a,0xaa,0x70,0xb1,0xa8,0x62,0xb3,0xfb,0x1b,0x6c,0x10,0x83,0xa9,0x88,0xaa,0x0a,
 0x18,0x6b,0xb2,0x37,0xfb,0x5a,0x44,0xd0,0x01,0x09,0x10,0xaa,0x61,0xb2,0xa6,0x70,
 0xb3,0xfb,0x13,0x74,0x20,0x00,0x02,0x1a,0xaa,0x62,0xb3,0xa8,0x71,0xb0,0xfb,0x07,
 0x50,0x90,0xc1,0x17,0x82,0xaa,0x2a,0x08,0x6b,0xb1,0x37,0xfb,0x42,0xbc,0x40,0x41,
 0x0f,0x02,0xaa,0x62,0xb3,0xa6,0x70,0xb1,0xfb,0x0b,0x54,0x60,0x00,0x01,0x13,0xaa,
 0x71,0xb0,0xa8,0x63,0xb2,0xfb,0xfe,0x81,0x20,0x82,0x04,0x99,0xaa,0x3a,0x18,0x6b,
 0xb2,0x07,0xfb,0x08,0x08,0x40,0xc0,0x05,0x19,0xaa,0x61,0xb3,0xa8,0x70,0xb2,0xfb,
 0x19,0xc0,0x9c,0xc2,0x08,0x83,0xaa,0x0a,0x38,0x6b,0xb2,0x17,0xfb,0x1e,0xd0,0x50,
 0x41,0x19,0x02,0xaa,0x73,0xb1,0xa6,0x62,0xb0,0xfb,0x2f,0x38,0xc0,0xc0,0x00,0x18,
 0xaa,0x71,0xb2,0xa8,0x63,0xb0,0xfb,0x0f,0x48,0x50,0x52,0x06,0x83,0xaa,0x0a,0x38,
 0x6b,0xb1,0x27,0xfb,0x4c,0x1c,0x81,0xc1,0x11,0x02,0xaa,0x62,0xb1,0xa6,0x70,0xb3,
 0xfb,0x03,0x10,0x10,0x40,0x07,0x10,0xaa,0x3a,0x16,0x8b,0xb0,0x26,0xfb,0x3e,0x8c,
 0x00,0xc2,0x08,0x01,0xaa,0x61,0xb3,0xa6,0x70,0xb2,0xfb,0x4b,0x04,0x10,0x40,0x06,
 0x11,0xaa,0x81,0xb2,0xa8,0x63,0xb0,0xfb,0x45,0x2d,0x60,0xc2,0x01,0x8a,0xaa,0x1a,
 0x28,0x6b,0xb3,0x07,0xfb,0x56,0x54,0x51,0x06,0x2b,0x0a,0xaa,0x2a,0x16,0x6b,0xb0,
 0x37,0xfb,0x02,0x0c,0x00,0x01,0x09,0x01,0xaa,0x60,0xb1,0xa8,0x73,0xb2,0xfb,0x36,
 0x28,0xc0,0x03,0x0a,0x42,0xaa,0x2a,0x07,0x8b,0xb1,0x36,0xfb,0x32,0x9b,0x80,0x82,
 0x05,0x9a,0xaa,0x3a,0x28,0x6b,0xb1,0x07,0xfb,0xd9,0x7c,0x91,0x46,0x1d,0x0b,0xaa,
 0x2a,0x36,0x6b,0xb1,0x07,0xfb,0x01,0x9c,0x90,0x45,0x00,0x18,0xaa,0x60,0xb3,0xa8,
 0x72,0xb1,0xfb,0x07,0x80,0x40,0x0a,0x0a,0x88,0xaa,0x1a,0x08,0x6b,0xb3,0x27,0xfb,
 0x36,0xf8,0x30,0xc2,0x0c,0x02,0xaa,0x62,0xb0,0xa6,0x71,0xb3,0xfb,0x07,0x04,0x31,
 0xc0,0x0d,0x02,0xaa,0x62,0xb0,0xa8,0x71,0xb3,0xfb,0x28,0x70,0x60,0x86,0x02,0x81,
 0xaa,0x63,0xb1,0xa6,0x72,0xb0,0xfb,0x0e,0x98,0x10,0x42,0x74,0x88,0xaa,0x0a,0x18,
 0x6b,0xb2,0x37,0xfb,0x58,0xb0,0x40,0x02,0x05,0x1a,0xaa,0x63,0xb2,0xa6,0x70,0xb1,
 0xfb,0x01,0x30,0xa0,0x40,0x0c,0x18,0xaa,0x60,0xb3,0xa8,0x71,0xb2,0xfb,0x1f,0xe4,
 0x90,0x80,0x03,0x9a,0xaa,0x3a,0x28,0x6b,0xb0,0x17,0xfb,0x26,0xa4,0x91,0x01,0x02,
 0x0a,0xaa,0x71,0xb0,0xa6,0x62,0xb3,0xfb,0x1c,0x5c,0x90,0x81,0x05,0x03,0xaa,0x63,
 0xb0,0xa8,0x72,0xb1,0xfb,0x31,0xdc,0x00,0x83,0x0e,0x13,0xaa,0x62,0xb0,0xa6,0x73,
 0xb1,0xfb,0x06,0x0c,0xf0,0x41,0x00,0x19,0xaa,0x63,0xb0,0xa6,0x81,0xb2,0xfb,0x1b,
 0x44,0x05,0x41,0x01,0x82,0xaa,0x2a,0x08,0x6b,0xb3,0x17,0xfb,0x5c,0x20,0x21,0x86,
 0x28,0x08,0xaa,0x1a,0x06,0x6b,0xb2,0x37,0xfb,0x17,0x0c,0x10,0x00,0x01,0x13,0xaa,
 0x62,0xb3,0xa8,0x70,0xb1,0xfb,0x04,0x84,0x40,0x01,0x23,0x91,0xaa,0x82,0xb1,0xa7,
 0x83,0xb0,0xfb,0x31,0x08,0x30,0xc2,0x04,0x91,0xaa,0x81,0xb2,0xa6,0x70,0xb3,0xfb,
 0x9f,0x84,0xa0,0x06,0x1e,0x19,0xaa,0x2a,0x36,0x6b,0xb1,0x07,0xfb,0x14,0x24,0x10,
 0x80,0x02,0x11,0xaa,0x62,0xb1,0xa8,0x70,0xb3,0xfb,0x3c,0x28,0x40,0x01,0x03,0x4b,
 0xaa,0x3a,0x17,0x8b,0xb2,0x06,0xfb,0x93,0x43,0x50,0xc2,0x06,0x93,0xaa,0x3a,0x28,
 0x6b,0xb1,0x07,0xfb,0x2e,0xcc,0x41,0xc4,0x01,0x0b,0xaa,0x71,0xb2,0xa6,0x60,0xb3,
 0xfb,0x01,0x34,0xb1,0x41,0x00,0x18,0xaa,0x60,0xb3,0xa8,0x71,0xb2,0xfb,0x16,0xe0,
 0xa0,0x03,0x0e,0x4a,0xaa,0x2a,0x17,0x8b,0xb0,0x36,0xfb,0x1c,0x10,0x40,0xc0,0x00,
 0x88,0xaa,0x80,0xb3,0xa6,0x81,0xb2,0xfb,0x0c,0xc4,0xa0,0x44,0x1c,0x01,0xaa,0x73,
 0xb2,0xa6,0x60,0xb1,0xfb,0x29,0x8c,0x90,0x40,0x09,0x02,0xaa,0x73,0xb1,0xa8,0x60,
 0xb2,0xfb,0x6a,0x14,0x20,0x02,0x09,0x91,0xaa,0x2a,0x18,0x6b,0xb3,0x07,0xfb,0x36,
 0x60,0xa1,0x01,0x0a,0x13,0xaa,0x62,0xb3,0xa6,0x71,0xb0,0xfb,0x64,0x0c,0x10,0xc0,
 0x12,0x0a,0xaa,0x62,0xb1,0xa8,0x70,0xb3,0xfb,0x07,0x78,0x10,0xc0,0x02,0x53,0xaa,
 0x3a,0x27,0x8b,0xb0,0x16,0xfb,0x13,0x10,0xc0,0x02,0x01,0x91,0xaa,0x81,0xb2,0xa7,
 0x80,0xb3,0xfb,0x5d,0xa0,0xc2,0xc5,0x14,0x18,0xaa,0x3a,0x26,0x6b,0xb0,0x17,0xfb,
 0x3e,0x0c,0x10,0x40,0x09,0x11,0xaa,0x62,0xb1,0xa8,0x70,0xb3,0xfb,0x08,0x24,0x70,
 0x43,0x03,0x43,0xaa,0x3a,0x07,0x8b,0xb1,0x26,0xfb,0x10,0x14,0x94,0x02,0x05,0x83,
 0xaa,0x0a,0x38,0x6b,0xb2,0x17,0xfb,0x68,0x48,0x41,0x86,0x2e,0x10,0xaa,0x62,0xb3,
 0xa7,0x60,0xb1,0xfb,0x0e,0xf8,0xc0,0x03,0x09,0x18,0xaa,0x60,0xb3,0xa8,0x71,0xb2,
 0xfb,0xad,0x68,0x30,0x41,0x03,0x9a,0xaa,0x3a,0x28,0x6b,0xb1,0x07,0xfb,0x29,0x1c,
 0x31,0xc6,0x07,0x1a,0xaa,0x63,0xb0,0xa6,0x72,0xb1,0xfb,0x0a,0x04,0xc0,0x43,0x00,
 0x19,0xaa,0x61,0xb3,0xa8,0x72,0xb0,0xfb,0x25,0x6c,0xc0,0x62,0x04,0x83,0xaa,0x3a,
 0x08,0x6b,0xb1,0x27,0xfb,0x3c,0x78,0x80,0x82,0x07,0x02,0xaa,0x61,0xb2,0xa6,0x70,
 0xb3,0xfb,0x01,0xbc,0x10,0x43,0x0c,0x10,0xaa,0x60,0xb2,0xa8,0x73,0xb1,0xfb,0xea,
 0x78,0xb0,0x00,0x01,0x8a,0xaa,0x2a,0x18,0x6b,0xb3,0x07,0xfb,0x51,0x58,0xf1,0x00,
 0x14,0x0b,0xaa,0x62,0xb3,0xa6,0x71,0xb0,0xfb,0x1c,0x38,0x61,0x01,0x14,0x10,0xaa,
 0x62,0xb0,0xa8,0x73,0xb1,0xfb,0x13,0x1c,0xb0,0x01,0x0b,0x42,0xaa,0x2a,0x07,0x8b,
 0xb1,0x36,0xfb,0x02,0x90,0x00,0x02,0x01,0x88,0xaa,0x80,0xb1,0xa6,0x72,0xb3,0xfb,
 0x45,0x20,0xf1,0x84,0x04,0x1a,0xaa,0x63,0xb1,0xa6,0x72,0xb0,0xfb,0x01,0x98,0x10,
 0x00,0x16,0x10,0xaa,0x60,0xb2,0xa8,0x73,0xb1,0xfb,0x13,0x04,0x83,0xc0,0x03,0x98,
 0xaa,0x3a,0x08,0x6b,0xb2,0x17,0xfb,0x5e,0xd0,0x51,0xc2,0x24,0x0a,0xaa,0x1a,0x26,
 0x6b,0xb0,0x37,0xfb,0x37,0x70,0x60,0x41,0x0e,0x11,0xaa,0x62,0xb1,0xa8,0x73,0xb0,
 0xfb,0x06,0x94,0x50,0xca,0x0a,0x81,0xaa,0x1a,0x08,0x6b,0xb3,0x27,0xfb,0x41,0x54,
 0x11,0xc1,0x0f,0x0b,0xaa,0x62,0xb3,0xa6,0x71,0xb0,0xfb,0x43,0x04,0x50,0x47,0x00,
 0x19,0xaa,0x61,0xb3,0xa8,0x72,0xb0,0xfb,0x0f,0x94,0x30,0x80,0x08,0x41,0xaa,0x1a,
 0x07,0x8b,0xb2,0x36,0xfb,0x1c,0x60,0xa0,0x81,0x05,0x88,0xaa,0x63,0xb1,0xa6,0x62,
 0xb0,0xfb,0x10,0x1c,0x23,0xc1,0x02,0x82,0xaa,0x0a,0x28,0x6b,0xb3,0x17,0xfb,0x23,
 0x24,0x71,0xc4,0x03,0x03,0xaa,0x63,0xb0,0xa8,0x71,0xb2,0xfb,0x02,0x8c,0x50,0xc1,
 0x01,0x51,0xaa,0x1a,0x27,0x8b,0xb3,0x06,0xfb,0x0f,0x9c,0x61,0xc2,0x02,0x98,0xaa,
 0x3a,0x08,0x6b,0xb2,0x17,0xfb,0x4c,0xb8,0x20,0x00,0x11,0x18,0xaa,0x82,0xb1,0xa6,
 0x70,0xb3,0xfb,0x27,0x38,0x30,0x40,0x00,0x1a,0xaa,0x63,0xb2,0xa8,0x70,0xb1,0xfb,
 0x0d,0x8c,0xb0,0x82,0x00,0x8b,0xaa,0x83,0xb1,0xa6,0x72,0xb0,0xfb,0xb4,0x4c,0x11,
 0x05,0x1d,0x13,0xaa,0x3a,0x26,0x6b,0xb1,0x07,0xfb,0x14,0x48,0x20,0x01,0x08,0x19,
 0xaa,0x61,0xb3,0xa8,0x70,0xb2,0xfb,0x11,0xac,0x45,0xc0,0x06,0x83,0xaa,0x0a,0x38,
 0x6b,0xb2,0x17,0xfb,0x29,0x60,0x61,0x43,0x17,0x1a,0xaa,0x60,0xb2,0xa6,0x73,0xb1,
 0xfb,0x1d,0x7c,0x40,0x82,0x03,0x1a,0xaa,0x63,0xb2,0xa8,0x71,0xb0,0xfb,0x0f,0x44,
 0x10,0x03,0x03,0x58,0xaa,0x0a,0x37,0x8b,0xb1,0x26,0xfb,0x08,0xac,0x72,0xc1,0x07,
 0x83,0xaa,0x3a,0x08,0x6b,0xb2,0x17,0xfb,0x46,0x54,0x10,0x06,0x0d,0x1a,0xaa,0x61,
 0xb3,0xa6,0x72,0xb0,0xfb,0x3f,0x20,0xc0,0x00,0x11,0x11,0xaa,0x62,0xb1,0xa8,0x73,
 0xb0,0xfb,0x23,0x48,0xb0,0x42,0x8f,0x81,0xaa,0x1a,0x08,0x6b,0xb2,0x37,0xfb,0x0f,
 0x2c,0x40,0x00,0x19,0x0b,0xaa,0x63,0xb0,0xa7,0x61,0xb2,0xfb,0x02,0x24,0x20,0x80,
 0x08,0x10,0xaa,0x80,0xb2,0xa8,0x73,0xb1,0xfb,0x20,0xf8,0x71,0x80,0x00,0x82,0xaa,
 0x0a,0x28,0x6b,0xb3,0x17,0xfb,0x2c,0x80,0x80,0x06,0x02,0x0b,0xaa,0x72,0xb0,0xa6,
 0x61,0xb3,0xfb,0x01,0x04,0x40,0x85,0x08,0x08,0xaa,0x60,0xb1,0xa8,0x72,0xb3,0xfb,
 0x21,0x40,0x30,0xc1,0x87,0x82,0xaa,0x2a,0x08,0x6b,0xb1,0x37,0xfb,0x1b,0x1c,0xb0,
 0x42,0x13,0x0a,0xaa,0x62,0xb1,0xa6,0x73,0xb0,0xfb,0x33,0x68,0x10,0xc0,0x00,0x1a,
 0xaa,0x62,0xb3,0xa8,0x70,0xb1,0xfb,0x0c,0xb4,0xa0,0x40,0x06,0x90,0xaa,0x2a,0x08,
 0x6b,0xb3,0x17,0xfb,0x68,0xdc,0xb0,0x84,0x12,0x0b,0xaa,0x1a,0x36,0x6b,0xb2,0x07,
 0xfb,0x34,0x18,0xe0,0x03,0x01,0x19,0xaa,0x63,0xb1,0xa8,0x72,0xb0,0xfb,0x71,0x78,
 0x10,0x82,0x01,0x8b,0xaa,0x1a,0x38,0x6b,0xb2,0x07,0xfb,0x07,0xa0,0x90,0x03,0x01,
 0x11,0xaa,0x61,0xb2,0xa6,0x70,0xb3,0xfb,0x0a,0xa0,0xb0,0x40,0x03,0x08,0xaa,0x60,
 0xb1,0xa8,0x73,0xb2,0xfb,0x03,0x68,0xa1,0x40,0x09,0x9a,0xaa,0x82,0xb3,0xa7,0x80,
 0xb1,0xfb,0x1f,0xf0,0xb3,0xc0,0x02,0x90,0xaa,0x2a,0x08,0x6b,0xb3,0x17,0xfb,0x63,
 0x24,0x70,0xc1,0x03,0x01,0xaa,0x63,0xb1,0xa6,0x70,0xb2,0xfb,0x0e,0xc4,0xf0,0x02,
 0x09,0x18,0xaa,0x60,0xb3,0xa8,0x71,0xb2,0xfb,0x38,0xd0,0xc0,0x84,0x01,0x48,0xaa,
 0x0a,0x17,0x8b,0xb3,0x26,0xfb,0x2b,0x7c,0xf0,0x00,0x66,0x8a,0xaa,0x2a,0x18,0x6b,
 0xb0,0x37,0xfb,0x01,0x04,0xa0,0x03,0x02,0x08,0xaa,0x60,0xb1,0xa8,0x72,0xb3,0xfb,
 0x14,0x44,0x30,0xc0,0x3c,0x88,0xaa,0x1a,0x08,0x6b,0xb2,0x37,0xfb,0x77,0x54,0x42,
 0x83,0x13,0x1a,0xaa,0x0a,0x26,0x6b,0xb3,0x17,0xfb,0x02,0x08,0x60,0xc1,0x00,0x18,
 0xaa,0x80,0xb1,0xa8,0x62,0xb3,0xfb,0x1f,0x48,0x70,0xa6,0x09,0x99,0xaa,0x1a,0x38,
 0x6b,0xb0,0x27,0xfb,0xb7,0xbc,0x01,0x05,0x17,0x0a,0xaa,0x1a,0x26,0x6b,0xb3,0x07,
 0xfb,0x21,0x20,0x20,0x80,0x00,0x1a,0xaa,0x82,0xb3,0xa8,0x70,0xb1,0xfb,0x17,0x48,
 0xe0,0xc5,0x08,0x08,0xaa,0x61,0xb0,0xa6,0x72,0xb3,0xfb,0x03,0x30,0x50,0x41,0x12,
 0x4a,0xaa,0x2a,0x17,0x8b,0xb0,0x36,0xfb,0x7d,0x35,0xa0,0xc1,0x08,0x8b,0xaa,0x1a,
 0x38,0x6b,0xb2,0x07,0xfb,0x8e,0xe0,0xf1,0xc3,0x0e,0x0b,0xaa,0x1a,0x36,0x6b,0xb2,
 0x07,0xfb,0x07,0x80,0x30,0x40,0x00,0x13,0xaa,0x63,0xb2,0xa8,0x71,0xb0,0xfb,0x3f,
 0x48,0x50,0xc2,0x01,0x8b,0xaa,0x1a,0x38,0x6b,0xb2,0x07,0xfb,0x0b,0x34,0xe1,0x40,
 0x12,0x02,0xaa,0x60,0xb2,0xa8,0x71,0xb3,0xfb,0x08,0x5c,0xe0,0xc1,0x28,0x82,0xaa,
 0x2a,0x08,0x6b,0xb1,0x37,0xfb,0x5f,0xe8,0xb0,0x84,0x0f,0x19,0xaa,0x1a,0x36,0x6b,
 0xb2,0x07,0xfb,0x0a,0x20,0xa1,0x40,0x13,0x10,0xaa,0x60,0xb2,0xa8,0x73,0xb1,0xfb,
 0x3a,0xc8,0x50,0x83,0x03,0x4a,0xaa,0x2a,0x17,0x8b,0xb3,0x06,0xfb,0x2d,0xf0,0x5b,
 0xc1,0x09,0x93,0xaa,0x2a,0x38,0x6b,0xb0,0x17,0xfb,0x02,0x08,0x70,0x84,0x0b,0x08,
 0xaa,0x80,0xb1,0xa8,0x72,0xb3,0xfb,0x1d,0x64,0xe0,0x69,0x0b,0x81,0xaa,0x1a,0x08,
 0x6b,0xb3,0x27,0xfb,0x2c,0x60,0xd1,0x43,0x07,0x01,0xaa,0x63,0xb0,0xa6,0x71,0xb2,
 0xfb,0x4e,0x44,0x80,0x80,0x14,0x0a,0xaa,0x61,0xb2,0xa8,0x73,0xb0,0xfb,0x24,0x9c,
 0xef,0xc1,0x04,0x90,0xaa,0x2a,0x08,0x6b,0xb3,0x17,0xfb,0x3a,0xe0,0x70,0x45,0x19,
 0x0a,0xaa,0x1a,0x06,0x6b,0xb2,0x37,0xfb,0x11,0x84,0x50,0xc2,0x08,0x01,0xaa,0x60,
 0xb1,0xa8,0x72,0xb3,0xfb,0x0d,0xa0,0x70,0xdb,0x04,0x81,0xaa,0x0a,0x18,0x6b,0xb3,
 0x27,0xfb,0x65,0x54,0xf2,0x41,0x1d,0x1a,0xaa,0x0a,0x36,0x6b,0xb2,0x17,0xfb,0x44,
 0xbc,0x30,0x80,0x11,0x11,0xaa,0x62,0xb1,0xa8,0x73,0xb0,0xfb,0x0c,0x10,0x60,0x42,
 0x16,0x82,0xaa,0x80,0xb2,0xa7,0x81,0xb3,0xfb,0x08,0x94,0x30,0xcd,0x03,0x88,0xaa,
 0x1a,0x08,0x6b,0xb3,0x27,0xfb,0x65,0x84,0x11,0xc2,0x11,0x1a,0xaa,0x2a,0x36,0x6b,
 0xb1,0x07,0xfb,0x06,0xb4,0x90,0xc2,0x04,0x03,0xaa,0x63,0xb0,0xa8,0x71,0xb2,0xfb,
 0x19,0x14,0x4a,0x41,0x07,0x98,0xaa,0x0a,0x38,0x6b,0xb2,0x17,0xfb,0x05,0x2c,0xd0,
 0x42,0x02,0x10,0xaa,0x71,0xb3,0xa8,0x62,0xb0,0xfb,0x5f,0x4e,0xa0,0xc2,0x08,0x99,
 0xaa,0x1a,0x38,0x6b,0xb2,0x07,0xfb,0x62,0x40,0x41,0x8a,0x15,0x19,0xaa,0x1a,0x36,
 0x6b,0xb0,0x27,0xfb,0x54,0x24,0xa0,0x44,0x00,0x0b,0xaa,0x63,0xb1,0xa8,0x70,0xb2,
 0xfb,0x6b,0xdc,0xa1,0x05,0x36,0x0a,0xaa,0x0a,0x16,0x6b,0xb2,0x37,0xfb,0x0e,0x2c,
 0x10,0x43,0x0b,0x08,0xaa,0x61,0xb0,0xa8,0x72,0xb3,0xfb,0x22,0x44,0xe0,0x00,0x2b,
 0x8a,0xaa,0x2a,0x18,0x6b,0xb0,0x37,0xfb,0x39,0xc0,0x60,0x42,0x08,0x01,0xaa,0x63,
 0xb1,0xa6,0x70,0xb2,0xfb,0x1c,0x5c,0x00,0x82,0x00,0x19,0xaa,0x63,0xb1,0xa8,0x72,
 0xb0,0xfb,0x27,0xcc,0xc2,0x00,0x05,0x93,0xaa,0x2a,0x38,0x6b,0xb0,0x17,0xfb,0x77,
 0x34,0xd0,0x43,0x07,0x0b,0xaa,0x70,0xb2,0xa6,0x61,0xb3,0xfb,0x38,0x64,0xa0,0x43,
 0x06,0x19,0xaa,0x61,0xb3,0xa8,0x72,0xb0,0xfb,0x8e,0x31,0xe0,0xc1,0x09,0x99,0xaa,
 0x1a,0x38,0x6b,0xb2,0x07,0xfb,0x16,0x38,0x61,0x83,0x0d,0x11,0xaa,0x60,0xb2,0xa6,
 0x71,0xb3,0xfb,0x4f,0x04,0x60,0xc3,0x00,0x0b,0xaa,0x61,0xb3,0xa8,0x70,0xb2,0xfb,
 0xe2,0x61,0x70,0x81,0x07,0x8a,0xaa,0x2a,0x18,0x6b,0xb3,0x07,0xfb,0x0e,0x48,0x00,
 0x03,0x1d,0x0b,0xaa,0x73,0xb2,0xa6,0x60,0xb1,0xfb,0x45,0x9c,0x30,0xc4,0x02,0x19,
 0xaa,0x63,0xb1,0xa8,0x70,0xb2,0xfb,0x23,0x3c,0x80,0xdc,0x07,0x81,0xaa,0x1a,0x08,
 0x6b,0xb3,0x27,0xfb,0x10,0x2c,0x91,0x80,0x04,0x03,0xaa,0x60,0xb3,0xa6,0x71,0xb2,
 0xfb,0x29,0x20,0x30,0x83,0x00,0x0b,0xaa,0x63,0xb1,0xa8,0x72,0xb0,0xfb,0x2e,0xe8,
 0x40,0x00,0x07,0x93,0xaa,0x3a,0x28,0x6b,0xb0,0x17,0xfb,0x6a,0xf8,0x60,0x86,0x08,
 0x19,0xaa,0x70,0xb2,0xa6,0x63,0xb1,0xfb,0x47,0x2c,0xe0,0xc0,0x12,0x11,0xaa,0x61,
 0xb2,0xa8,0x73,0xb0,0xfb,0x34,0x00,0x61,0x00,0x07,0x41,0xaa,0x1a,0x07,0x8b,0xb2,
 0x36,0xfb,0x06,0xa4,0xc0,0x11,0x0b,0x99,0xaa,0x81,0xb3,0xa7,0x82,0xb0,0xfb,0x1a,
 0xd0,0xda,0x81,0x09,0x90,0xaa,0x0a,0x28,0x6b,0xb3,0x17,0xfb,0x12,0x70,0xc0,0x85,
 0x09,0x11,0xaa,0x60,0xb1,0xa6,0x72,0xb3,0xfb,0x0d,0x44,0x80,0x40,0x04,0x0a,0xaa,
 0x61,0xb2,0xa8,0x73,0xb0,0xfb,0x14,0x34,0xc0,0x00,0x2b,0x88,0xaa,0x1a,0x08,0x6b,
 0xb2,0x37,0xfb,0x15,0x78,0x70,0x84,0x05,0x01,0xaa,0x60,0xb1,0xa6,0x72,0xb3,0xfb,
 0x1d,0x30,0x91,0x06,0x0c,0x1a,0xaa,0x62,0xb3,0xa6,0x71,0xb0,0xfb,0x0d,0x5c,0xc0,
 0xc0,0x03,0x02,0xaa,0x62,0xb0,0xa8,0x71,0xb3,0xfb,0x1d,0x50,0x80,0xc7,0x11,0x1a,
 0xaa,0x62,0xb0,0xa6,0x73,0xb1,0xfb,0x0e,0x20,0xd0,0x80,0x06,0x18,0xaa,0x82,0xb0,
 0xa6,0x73,0xb1,0xfb,0x0a,0x90,0xc0,0x0b,0x07,0x88,0xaa,0x0a,0x18,0x6b,0xb3,0x27,
 0xfb,0x55,0x90,0x91,0x81,0x02,0x11,0xaa,0x61,0xb2,0xa6,0x70,0xb3,0xfb,0x18,0x20,
 0xc0,0x82,0x00,0x0b,0xaa,0x63,0xb1,0xa8,0x72,0xb0,0xfb,0x02,0x44,0x80,0x80,0x18,
 0x42,0xaa,0x2a,0x07,0x8b,0xb1,0x36,0xfb,0x09,0x74,0x70,0x00,0x11,0x88,0xaa,0x1a,
 0x08,0x6b,0xb2,0x37,0xfb,0x24,0x9c,0xe1,0xc0,0x12,0x19,0xaa,0x61,0xb0,0xa6,0x73,
 0xb2,0xfb,0x2c,0x38,0x60,0x80,0x0d,0x11,0xaa,0x61,0xb2,0xa8,0x73,0xb0,0xfb,0x11,
 0x58,0x00,0x82,0x07,0x4a,0xaa,0x2a,0x17,0x8b,0xb0,0x36,0xfb,0x14,0x40,0xb0,0x01,
 0x3f,0x8a,0xaa,0x1a,0x28,0x6b,0xb0,0x37,0xfb,0x61,0x4c,0x01,0x02,0x0d,0x0b,0xaa,
 0x63,0xb1,0xa6,0x70,0xb2,0xfb,0x01,0x84,0x90,0x40,0x03,0x10,0xaa,0x60,0xb2,0xa8,
 0x71,0xb3,0xfb,0xbc,0x18,0x80,0x82,0x09,0x5a,0xaa,0x2a,0x37,0x8b,0xb1,0x06,0xfb,
 0x1d,0x88,0x40,0xb3,0x08,0x81,0xaa,0x0a,0x18,0x6b,0xb3,0x27,0xfb,0x77,0x48,0xb1,
 0x03,0x0f,0x02,0xaa,0x60,0xb2,0xa6,0x71,0xb3,0xfb,0x41,0xf0,0x70,0x40,0x08,0x1a,
 0xaa,0x63,0xb2,0xa8,0x70,0xb1,0xfb,0x0a,0x94,0x30,0xc1,0x0b,0x90,0xaa,0x80,0xb2,
 0xa6,0x73,0xb1,0xfb,0x04,0x14,0x20,0x47,0x15,0x19,0xaa,0x62,0xb1,0xa6,0x73,0xb0,
 0xfb,0x04,0xfc,0x00,0x46,0x10,0x02,0xaa,0x60,0xb2,0xa8,0x73,0xb1,0xfb,0x07,0xf0,
 0xb0,0xc2,0x07,0x98,0xaa,0x3a,0x08,0x6b,0xb2,0x17,0xfb,0x02,0x20,0x90,0x42,0x05,
 0x01,0xaa,0x60,0xb1,0xa8,0x72,0xb3,0xfb,0x6b,0xbc,0xa0,0x80,0x06,0x9a,0xaa,0x2a,
 0x38,0x6b,0xb1,0x07,0xfb,0x09,0x1c,0x11,0xc0,0x16,0x02,0xaa,0x62,0xb0,0xa8,0x73,
 0xb1,0xfb,0x1b,0x70,0x70,0xc1,0x01,0x99,0xaa,0x70,0xb2,0xa6,0x81,0xb3,0xfb,0x1f,
 0x50,0xd0,0x86,0x19,0x1a,0xaa,0x63,0xb1,0xa6,0x72,0xb0,0xfb,0x04,0x18,0x50,0x40,
 0x06,0x08,0xaa,0x73,0xb2,0xa8,0x60,0xb1,0xfb,0x16,0xc8,0x00,0x03,0x27,0x51,0xaa,
 0x1a,0x27,0x8b,0xb0,0x36,0xfb,0x48,0x2c,0xd0,0x41,0x02,0x9a,0xaa,0x81,0xb3,0xa6,
 0x62,0xb0,0xfb,0x06,0x34,0x31,0x81,0x1b,0x0a,0xaa,0x63,0xb2,0xa6,0x71,0xb0,0xfb,
 0x26,0x90,0x20,0x80,0x18,0x1a,0xaa,0x62,0xb3,0xa8,0x70,0xb1,0xfb,0x36,0x1c,0x00,
 0x82,0x07,0x91,0xaa,0x2a,0x18,0x6b,0xb3,0x07,0xfb,0x62,0xd8,0xc1,0x05,0x1b,0x11,
 0xaa,0x71,0xb3,0xa6,0x62,0xb0,0xfb,0x44,0x04,0x80,0x4a,0x00,0x19,0xaa,0x61,0xb3,
 0xa8,0x72,0xb0,0xfb,0x0a,0x18,0x30,0xc0,0x0b,0x1a,0xaa,0x70,0xb1,0xa8,0x62,0xb3,
 0xfb,0x1f,0x48,0x00,0xc2,0x65,0x91,0xaa,0x1a,0x28,0x6b,0xb0,0x37,0xfb,0x36,0x74,
 0xa1,0xc5,0x11,0x1a,0xaa,0x63,0xb2,0xa6,0x71,0xb0,0xfb,0x34,0x98,0x31,0x40,0x00,
 0x13,0xaa,0x63,0xb2,0xa8,0x71,0xb0,0xfb,0xec,0x7a,0xe0,0x01,0x0c,0x91,0xaa,0x1a,
 0x28,0x6b,0xb3,0x07,0xfb,0x2c,0x24,0x80,0x47,0x0b,0x1a,0xaa,0x62,0xb0,0xa6,0x73,
 0xb1,0xfb,0x18,0x54,0x11,0x40,0x13,0x02,0xaa,0x62,0xb0,0xa8,0x71,0xb3,0xfb,0x05,
 0x60,0x80,0x40,0x03,0x8a,0xaa,0x73,0xb0,0xa6,0x81,0xb2,0xfb,0x4f,0xcc,0x51,0xc7,
 0x1b,0x08,0xaa,0x61,0xb0,0xa6,0x72,0xb3,0xfb,0x2c,0xc4,0x30,0x40,0x09,0x1a,0xaa,
 0x62,0xb3,0xa8,0x71,0xb0,0xfb,0x58,0x7f,0x10,0x42,0x08,0x8a,0xaa,0x1a,0x28,0x6b,
 0xb3,0x07,0xfb,0x4f,0xcc,0x11,0xc4,0x0e,0x10,0xaa,0x61,0xb2,0xa6,0x70,0xb3,0xfb,
 0x08,0x18,0x10,0xc3,0x0c,0x13,0xaa,0x62,0xb3,0xa8,0x70,0xb1,0xfb,0x04,0x04,0xf0,
 0xc2,0x15,0x08,0xaa,0x61,0xb0,0xa8,0x73,0xb2,0xfb,0x1a,0x4c,0x40,0x42,0x00,0x0b,
 0xaa,0x63,0xb1,0xa8,0x72,0xb0,0xfb,0x4e,0xb8,0x51,0x00,0x0f,0x58,0xaa,0x0a,0x37,
 0x8b,0xb2,0x16,0xfb,0x78,0xdc,0xe1,0xc9,0x1d,0x08,0xaa,0x1a,0x36,0x6b,0xb0,0x27,
 0xfb,0x04,0x04,0xa0,0x85,0x0c,0x08,0xaa,0x61,0xb0,0xa8,0x72,0xb3,0xfb,0x9b,0x8c,
 0x40,0x01,0x04,0x93,0xaa,0x3a,0x28,0x6b,0xb1,0x07,0xfb,0x02,0x24,0xd0,0x00,0x0c,
 0x18,0xaa,0x72,0xb1,0xa8,0x60,0xb3,0xfb,0x42,0x60,0xc2,0x03,0x02,0x50,0xaa,0x0a,
 0x27,0x8b,0xb3,0x16,0xfb,0x63,0x1c,0x30,0x01,0x0a,0x8b,0xaa,0x3a,0x18,0x6b,0xb2,
 0x07,0xfb,0x4d,0x20,0x20,0x40,0x0e,0x0a,0xaa,0x62,0xb1,0xa8,0x70,0xb3,0xfb,0x17,
 0x54,0xa0,0x44,0x04,0x58,0xaa,0x0a,0x37,0x8b,0xb1,0x26,0xfb,0x66,0x24,0x01,0xc7,
 0x0e,0x18,0xaa,0x60,0xb3,0xa6,0x72,0xb1,0xfb,0x74,0x04,0x40,0x00,0x13,0x0a,0xaa,
 0x61,0xb2,0xa8,0x70,0xb3,0xfb,0x17,0x74,0x08,0x42,0x01,0x82,0xaa,0x0a,0x28,0x6b,
 0xb3,0x17,0xfb,0x2b,0x8c,0xc1,0x83,0x1d,0x08,0xaa,0x63,0xb0,0xa6,0x71,0xb2,0xfb,
 0xa3,0xfc,0x10,0x40,0x00,0x1a,0xaa,0x62,0xb3,0xa8,0x70,0xb1,0xfb,0x24,0x0c,0xa0,
 0xc1,0xb8,0x90,0xaa,0x2a,0x08,0x6b,0xb1,0x37,0xfb,0x25,0xa0,0x00,0x46,0x19,0x0a,
 0xaa,0x63,0xb1,0xa6,0x72,0xb0,0xfb,0x44,0x18,0x00,0x03,0x01,0x19,0xaa,0x63,0xb1,
 0xa8,0x70,0xb2,0xfb,0x18,0x6c,0x30,0x41,0x00,0x03,0xaa,0x63,0xb0,0xa8,0x71,0xb2,
 0xfb,0x43,0x04,0x71,0x45,0x03,0x13,0xaa,0x63,0xb2,0xa8,0x70,0xb1,0xfb,0x38,0x30,
 0x20,0x04,0x14,0x42,0xaa,0x2a,0x07,0x8b,0xb1,0x36,0xfb,0x07,0x94,0xf0,0x42,0x03,
 0x03,0xaa,0x63,0xb0,0xa8,0x72,0xb1,0xfb,0xbc,0x68,0x30,0x80,0x07,0x4b,0xaa,0x3a,
 0x17,0x8b,0xb2,0x06,0xfb,0x02,0xa8,0x50,0x40,0x01,0x8a,0xaa,0x81,0xb2,0xa7,0x80,
 0xb3,0xfb,0x46,0x78,0x80,0x82,0x01,0x93,0xaa,0x2a,0x38,0x6b,0xb1,0x07,0xfb,0x47,
 0x3c,0xc0,0x01,0x1d,0x03,0xaa,0x63,0xb2,0xa6,0x70,0xb1,0xfb,0x17,0x08,0x00,0x03,
 0x0e,0x01,0xaa,0x61,0xb0,0xa8,0x73,0xb2,0xfb,0x1a,0x78,0x20,0x22,0x06,0x8b,0xaa,
 0x3a,0x18,0x6b,0xb0,0x27,0xfb,0x05,0x78,0x61,0xc0,0x00,0x0a,0xaa,0x70,0xb3,0xa8,
 0x62,0xb1,0xfb,0x10,0xa0,0x12,0xc3,0x0c,0x53,0xaa,0x3a,0x27,0x8b,0xb0,0x16,0xfb,
 0x21,0x60,0xc0,0x41,0x7e,0x8a,0xaa,0x1a,0x28,0x6b,0xb0,0x37,0xfb,0x30,0xd8,0x81,
 0x83,0x16,0x18,0xaa,0x61,0xb0,0xa6,0x73,0xb2,0xfb,0x0a,0x3c,0xa0,0x40,0x01,0x10,
 0xaa,0x80,0xb1,0xa6,0x82,0xb3,0xfb,0x2e,0x3c,0xa0,0x0a,0x0c,0x43,0xaa,0x3a,0x07,
 0x8b,0xb1,0x26,0xfb,0x56,0x98,0x00,0x04,0x16,0x1a,0xaa,0x62,0xb0,0xa6,0x73,0xb1,
 0xfb,0x40,0x1c,0x50,0x44,0x08,0x19,0xaa,0x63,0xb1,0xa8,0x72,0xb0,0xfb,0x26,0x08,
 0x20,0x04,0x24,0x42,0xaa,0x2a,0x07,0x8b,0xb1,0x36,0xfb,0x25,0x28,0x40,0x42,0x31,
 0x8a,0xaa,0x1a,0x28,0x6b,0xb0,0x37,0xfb,0x56,0x90,0x30,0x40,0x00,0x1a,0xaa,0x63,
 0xb2,0xa8,0x70,0xb1,0xfb,0x1a,0x08,0x70,0x00,0x09,0x9a,0xaa,0x83,0xb2,0xa7,0x81,
 0xb0,0xfb,0x01,0x8c,0x50,0xc5,0x00,0x03,0xaa,0x60,0xb3,0xa8,0x72,0xb1,0xfb,0x01,
 0x94,0x70,0x01,0xa3,0x91,0xaa,0x2a,0x18,0x6b,0xb0,0x37,0xfb,0x72,0x24,0xd1,0x02,
 0x08,0x08,0xaa,0x60,0xb2,0xa6,0x71,0xb3,0xfb,0x01,0x18,0xa0,0x46,0x00,0x18,0xaa,
 0x60,0xb3,0xa8,0x72,0xb1,0xfb,0x18,0x78,0x10,0x81,0x08,0x43,0xaa,0x3a,0x07,0x8b,
 0xb2,0x16,0xfb,0x23,0x18,0x80,0x82,0x0c,0x81,0xaa,0x0a,0x18,0x6b,0xb2,0x37,0xfb,
 0x16,0x60,0x00,0xc1,0x06,0x0a,0xaa,0x62,0xb1,0xa8,0x73,0xb0,0xfb,0x01,0x28,0xe0,
 0x41,0x19,0x8a,0xaa,0x1a,0x28,0x6b,0xb0,0x37,0xfb,0x02,0x5c,0xd0,0x41,0x05,0x01,
 0xaa,0x60,0xb1,0xa8,0x72,0xb3,0xfb,0x09,0xb8,0x81,0x81,0x03,0x5a,0xaa,0x2a,0x37,
 0x8b,0xb0,0x16,0xfb,0x01,0x00,0x11,0x00,0x29,0x10,0xaa,0x60,0xb2,0xa8,0x73,0xb1,
 0xfb,0x52,0x60,0x41,0x80,0x0d,0x58,0xaa,0x0a,0x37,0x8b,0xb2,0x16,0xfb,0x05,0x78,
 0x10,0xc0,0x01,0x13,0xaa,0x62,0xb3,0xa8,0x71,0xb0,0xfb,0x18,0x0c,0x10,0x43,0x01,
 0x0b,0xaa,0x61,0xb3,0xa8,0x72,0xb0,0xfb,0x31,0xbc,0x30,0x43,0x0c,0x10,0xaa,0x60,
 0xb2,0xa8,0x73,0xb1,0xfb,0x1a,0x3c,0xe0,0x41,0x06,0x83,0xaa,0x83,0xb0,0xa7,0x81,
 0xb2,0xfb,0x18,0x2c,0x81,0x45,0x0f,0x11,0xaa,0x63,0xb1,0xa6,0x72,0xb0,0xfb,0x20,
 0x0c,0x10,0x80,0x14,0x11,0xaa,0x62,0xb1,0xa8,0x73,0xb0,0xfb,0x2e,0x2c,0x20,0x04,
 0x0d,0x5a,0xaa,0x2a,0x37,0x8b,0xb1,0x06,0xfb,0x03,0x3c,0x51,0x80,0x0d,0x02,0xaa,
 0x60,0xb2,0xa8,0x71,0xb3,0xfb,0x11,0xfc,0x22,0x42,0x05,0x83,0xaa,0x0a,0x38,0x6b,
 0xb2,0x17,0xfb,0x22,0xcc,0xf0,0x02,0x04,0x18,0xaa,0x63,0xb0,0xa8,0x71,0xb2,0xfb,
 0x0d,0x3c,0xb0,0x81,0x29,0x90,0xaa,0x0a,0x28,0x6b,0xb1,0x37,0xfb,0x67,0xfc,0x10,
 0x00,0x01,0x13,0xaa,0x62,0xb3,0xa8,0x70,0xb1,0xfb,0x3f,0x4c,0x60,0xc0,0x11,0x0a,
 0xaa,0x61,0xb2,0xa8,0x73,0xb0,0xfb,0x06,0x5c,0x40,0x47,0x09,0x4b,0xaa,0x3a,0x17,
 0x8b,0xb0,0x26,0xfb,0x1b,0x34,0xc0,0x49,0x01,0x88,0xaa,0x1a,0x08,0x6b,0xb3,0x27,
 0xfb,0x35,0x40,0xd0,0x84,0x15,0x10,0xaa,0x60,0xb2,0xa6,0x73,0xb1,0xfb,0x03,0x04,
 0xa1,0x45,0x01,0x03,0xaa,0x80,0xb2,0xa7,0x63,0xb1,0xfb,0x1d,0x60,0x70,0x40,0x08,
 0x1a,0xaa,0x70,0xb1,0xa8,0x63,0xb2,0xfb,0x98,0x60,0xf0,0x42,0x0b,0x5a,0xaa,0x2a,
 0x37,0x8b,0xb1,0x06,0xfb,0x22,0x40,0xd0,0x80,0x40,0x90,0xaa,0x2a,0x08,0x6b,0xb1,
 0x37,0xfb,0x02,0x5c,0x50,0x45,0x13,0x08,0xaa,0x60,0xb1,0xa8,0x72,0xb3,0xfb,0x06,
 0x1c,0x21,0x86,0x0d,0x59,0xaa,0x1a,0x37,0x8b,0xb0,0x26,0xfb,0x01,0x8c,0x70,0x89,
 0x02,0x8b,0xaa,0x3a,0x18,0x6b,0xb0,0x27,0xfb,0x34,0x34,0x61,0x80,0x00,0x1a,0xaa,
 0x83,0xb1,0xa6,0x70,0xb2,0xfb,0x1b,0x78,0xc0,0x85,0x08,0x4b,0xaa,0x3a,0x17,0x8b,
 0xb0,0x26,0xfb,0x21,0x44,0xd0,0x42,0x0a,0x01,0xaa,0x61,0xb0,0xa8,0x72,0xb3,0xfb,
 0xfa,0x94,0xb0,0xc0,0x0a,0x8a,0xaa,0x2a,0x18,0x6b,0xb3,0x07,0xfb,0x0a,0x10,0xa0,
 0x85,0x00,0x02,0xaa,0x60,0xb2,0xa8,0x71,0xb3,0xfb,0x2f,0x18,0x21,0x80,0x26,0x41,
 0xaa,0x1a,0x07,0x8b,0xb2,0x36,0xfb,0x14,0x84,0xd0,0x40,0x02,0x83,0xaa,0x80,0xb3,
 0xa6,0x71,0xb2,0xfb,0x27,0x78,0xe1,0xc4,0x10,0x0a,0xaa,0x63,0xb2,0xa6,0x71,0xb0,
 0xfb,0x12,0x10,0xb0,0x02,0x01,0x19,0xaa,0x61,0xb3,0xa8,0x72,0xb0,0xfb,0x74,0xcc,
 0x80,0x04,0x01,0x4a,0xaa,0x2a,0x17,0x8b,0xb3,0x06,0xfb,0x4b,0x70,0x90,0xc0,0x05,
 0x8a,0xaa,0x1a,0x28,0x6b,0xb3,0x07,0xfb,0x01,0xbc,0x30,0x49,0x00,0x18,0xaa,0x60,
 0xb3,0xa8,0x72,0xb1,0xfb,0x83,0xb8,0xf0,0xc0,0x04,0x9a,0xaa,0x2a,0x38,0x6b,0xb1,
 0x07,0xfb,0x60,0x14,0x70,0xc4,0x00,0x0b,0xaa,0x63,0xb1,0xa8,0x70,0xb2,0xfb,0x24,
 0x7c,0xd0,0xc0,0x21,0x48,0xaa,0x0a,0x17,0x8b,0xb2,0x36,0xfb,0x13,0x6c,0xa1,0x00,
 0x19,0x0b,0xaa,0x63,0xb0,0xa6,0x71,0xb2,0xfb,0x46,0x68,0xe0,0x01,0x06,0x10,0xaa,
 0x71,0xb3,0xa8,0x62,0xb0,0xfb,0x89,0xe8,0x70,0x43,0x05,0x51,0xaa,0x1a,0x27,0x8b,
 0xb3,0x06,0xfb,0x29,0x55,0x70,0x81,0x03,0x8a,0xaa,0x1a,0x28,0x6b,0xb3,0x07,0xfb,
 0x6c,0x70,0x11,0x46,0x18,0x02,0xaa,0x60,0xb1,0xa6,0x72,0xb3,0xfb,0x1f,0xbc,0x50,
 0x44,0x0c,0x10,0xaa,0x60,0xb2,0xa8,0x73,0xb1,0xfb,0x30,0x68,0x60,0x02,0xd1,0x8a,
 0xaa,0x1a,0x28,0x6b,0xb0,0x37,0xfb,0x02,0x5c,0xa0,0x13,0x09,0x99,0xaa,0x81,0xb3,
 0xa7,0x80,0xb2,0xfb,0x82,0x30,0xb0,0x81,0x01,0x91,0xaa,0x1a,0x28,0x6b,0xb3,0x07,
 0xfb,0x0b,0xb4,0x71,0xc0,0x15,0x19,0xaa,0x61,0xb0,0xa6,0x73,0xb2,0xfb,0x04,0x8c,
 0x80,0x02,0x09,0x18,0xaa,0x63,0xb0,0xa8,0x72,0xb1,0xfb,0x19,0x5c,0xe0,0x41,0x06,
 0x4a,0xaa,0x2a,0x17,0x8b,0xb0,0x36,0xfb,0x0d,0x60,0xb0,0xc1,0x22,0x81,0xaa,0x0a,
 0x18,0x6b,0xb2,0x37,0xfb,0x53,0xb4,0xb1,0xc4,0x18,0x0b,0xaa,0x61,0xb2,0xa6,0x73,
 0xb0,0xfb,0x08,0x08,0x20,0x85,0x0f,0x08,0xaa,0x61,0xb0,0xa8,0x72,0xb3,0xfb,0x2b,
 0x34,0x00,0xc6,0x0c,0x43,0xaa,0x3a,0x07,0x8b,0xb1,0x26,0xfb,0x26,0x58,0xde,0x01,
 0x04,0x90,0xaa,0x2a,0x08,0x6b,0xb3,0x17,0xfb,0x27,0x78,0x11,0x01,0x15,0x01,0xaa,
 0x60,0xb3,0xa6,0x71,0xb2,0xfb,0x02,0x48,0x60,0x02,0x02,0x03,0xaa,0x60,0xb3,0xa8,
 0x72,0xb1,0xfb,0x01,0xe8,0xc0,0xc6,0x00,0x03,0xaa,0x60,0xb3,0xa8,0x72,0xb1,0xfb,
 0x04,0x64,0x11,0x43,0x00,0x18,0xaa,0x63,0xb0,0xa8,0x71,0xb2,0xfb,0x08,0x30,0x40,
 0x81,0x07,0x99,0xaa,0x81,0xb3,0xa7,0x82,0xb0,0xfb,0x45,0xa8,0xd1,0x81,0x0d,0x01,
 0xaa,0x61,0xb3,0xa6,0x70,0xb2,0xfb,0x2e,0x64,0xb0,0x04,0x0c,0x0a,0xaa,0x61,0xb2,
 0xa8,0x73,0xb0,0xfb,0x36,0xa0,0xa1,0x03,0x06,0x42,0xaa,0x2a,0x07,0x8b,0xb3,0x16,
 0xfb,0x19,0x8c,0xc0,0x48,0x02,0x8b,0xaa,0x1a,0x38,0x6b,0xb0,0x27,0xfb,0x11,0x68,
 0x80,0x80,0x08,0x02,0xaa,0x60,0xb2,0xa8,0x73,0xb1,0xfb,0x31,0x18,0xe0,0x06,0x10,
 0x43,0xaa,0x3a,0x07,0x8b,0xb1,0x26,0xfb,0x19,0xd4,0x11,0x01,0x03,0x98,0xaa,0x3a,
 0x08,0x6b,0xb2,0x17,0xfb,0x61,0x70,0x10,0x02,0x1b,0x03,0xaa,0x63,0xb1,0xa6,0x70,
 0xb2,0xfb,0x04,0x24,0xc0,0x00,0x04,0x0b,0xaa,0x72,0xb0,0xa8,0x63,0xb1,0xfb,0x0f,
 0x50,0x10,0x43,0x0f,0x53,0xaa,0x3a,0x27,0x8b,0xb0,0x16,0xfb,0x25,0x08,0xe0,0xc1,
 0x71,0x90,0xaa,0x82,0xb0,0xa7,0x81,0xb3,0xfb,0x12,0x6c,0x30,0x07,0x04,0x98,0xaa,
 0x3a,0x08,0x6b,0xb1,0x27,0xfb,0x65,0xe0,0x30,0x04,0x06,0x02,0xaa,0x60,0xb1,0xa6,
 0x72,0xb3,0xfb,0x2e,0x10,0x50,0x01,0x01,0x19,0xaa,0x61,0xb3,0xa8,0x70,0xb2,0xfb,
 0x01,0x1c,0x80,0x44,0x18,0x08,0xaa,0x60,0xb1,0xa8,0x73,0xb2,0xfb,0x04,0x40,0x80,
 0x0b,0x03,0x59,0xaa,0x1a,0x37,0x8b,0xb0,0x26,0xfb,0x05,0x7c,0xa0,0xd8,0x04,0x8b,
 0xaa,0x3a,0x18,0x6b,0xb0,0x27,0xfb,0x08,0x10,0x60,0x00,0x07,0x98,0xaa,0x83,0xb2,
 0xa6,0x81,0xb0,0xfb,0x17,0x8c,0x20,0x7d,0x08,0x8b,0xaa,0x3a,0x18,0x6b,0xb0,0x27,
 0xfb,0x08,0xb8,0xc0,0x86,0x0d,0x11,0xaa,0x62,0xb1,0xa6,0x73,0xb0,0xfb,0x23,0x30,
 0x60,0xc2,0x09,0x11,0xaa,0x61,0xb2,0xa8,0x73,0xb0,0xfb,0x02,0x68,0x82,0x41,0x00,
 0x5a,0xaa,0x2a,0x37,0x8b,0xb0,0x16,0xfb,0x02,0x00,0x8a,0x42,0x09,0x93,0xaa,0x83,
 0xb2,0xa7,0x80,0xb1,0xfb,0x3b,0x40,0xb1,0x06,0x12,0x11,0xaa,0x62,0xb3,0xa6,0x71,
 0xb0,0xfb,0x13,0xbc,0x70,0xc1,0x00,0x19,0xaa,0x72,0xb0,0xa8,0x63,0xb1,0xfb,0x71,
 0x20,0x81,0xc0,0x05,0x0b,0xaa,0x60,0xb3,0xa6,0x71,0xb2,0xfb,0x1d,0x50,0xb1,0xc0,
 0x13,0x02,0xaa,0x62,0xb0,0xa8,0x71,0xb3,0xfb,0x1a,0x18,0xe0,0x49,0x08,0x43,0xaa,
 0x3a,0x07,0x8b,0xb1,0x26,0xfb,0x04,0x18,0x20,0x85,0x0f,0x08,0xaa,0x60,0xb1,0xa8,
 0x72,0xb3,0xfb,0x15,0x68,0x18,0x42,0x0b,0x82,0xaa,0x0a,0x28,0x6b,0xb3,0x17,0xfb,
 0x17,0x2c,0xa1,0x85,0x0e,0x19,0xaa,0x63,0xb1,0xa6,0x72,0xb0,0xfb,0x05,0x30,0x40,
 0x01,0x05,0x02,0xaa,0x62,0xb0,0xa8,0x73,0xb1,0xfb,0xb8,0x35,0x30,0x41,0x08,0x93,
 0xaa,0x2a,0x38,0x6b,0xb1,0x07,0xfb,0x48,0xb8,0x81,0x83,0x1a,0x11,0xaa,0x63,0xb2,
 0xa6,0x71,0xb0,0xfb,0x0b,0x9c,0x80,0x03,0x0d,0x08,0xaa,0x60,0xb1,0xa8,0x72,0xb3,
 0xfb,0x27,0x7c,0x60,0xc1,0x00,0x1a,0xaa,0x62,0xb3,0xa8,0x70,0xb1,0xfb,0x2d,0xbc,
 0xa0,0xcb,0x01,0x41,0xaa,0x1a,0x07,0x8b,0xb3,0x26,0xfb,0x0d,0xbc,0xf5,0x02,0x0a,
 0x83,0xaa,0x0a,0x38,0x6b,0xb2,0x17,0xfb,0x0a,0x08,0x12,0xc0,0x00,0x91,0xaa,0x82,
 0xb1,0xa9,0x60,0xb3,0xfb,0x01,0x3c,0x90,0xc1,0x00,0x0a,0xaa,0x61,0xb2,0xa9,0x60,
 0xb3,0xfb,0x14,0x40,0x60,0x81,0x02,0x88,0xaa,0x81,0xb0,0xa9,0x63,0xb2,0xfb,0x61,
 0x4c,0x41,0x80,0x03,0x08,0xaa,0x61,0xb0,0xa9,0x63,0xb2,0xfb,0x04,0x55,0x10,0x40,
 0x01,0x90,0xaa,0x82,0xb0,0xa9,0x61,0xb3,0xfb,0x40,0x11,0x10,0x00,0x02,0x90,0xaa,
 0x82,0xb0,0xa9,0x81,0xb3,0xfb,0x06,0x1c,0x60,0xd7,0x07,0x10,0xaa,0x62,0xb0,0xa9,
 0x63,0xb1,0xfb,0x0b,0x2c,0x90,0x80,0x16,0x83,0xaa,0x80,0xb3,0xa9,0x81,0xb2,0xfb,
 0x59,0x7c,0x45,0x01,0x06,0x08,0xaa,0x61,0xb0,0xa9,0x62,0xb3,0xfb,0xa0,0x50,0x20,
 0x00,0x03,0x90,0xaa,0x80,0xb2,0xa9,0x63,0xb1,0xfb,0x04,0x14,0xb0,0x44,0x06,0x90,
 0xaa,0x80,0xb2,0xa9,0x63,0xb1,0xfb,0x12,0xf0,0xc0,0x40,0x02,0x88,0xaa,0x80,0xb1,
 0xa9,0x82,0xb3,0xfb,0x1b,0x14,0x92,0xc0,0x38,0x19,0xaa,0x61,0xb3,0xa9,0x60,0xb2,
 0xfb,0x0c,0x50,0x20,0xc4,0x02,0x91,0xaa,0x81,0xb2,0xa9,0x83,0xb0,0xfb,0x01,0x20,
 0x70,0xc3,0x08,0x13,0xaa,0x63,0xb2,0xa9,0x60,0xb1,0xfb,0x04,0x0c,0x80,0x02,0x02,
 0x8a,0xaa,0x81,0xb2,0xa9,0x60,0xb3,0xfb,0x08,0x40,0x31,0xc0,0x00,0x8a,0xaa,0x82,
 0xb1,0xa9,0x83,0xb0,0xfb,0x2c,0x10,0xe0,0x8b,0x48,0x13,0xaa,0x62,0xb3,0xa9,0x61,
 0xb0,0xfb,0x07,0x14,0xc0,0x88,0x02,0x91,0xaa,0x82,0xb1,0xa9,0x83,0xb0,0xfb,0x07,
 0x34,0xd1,0x8a,0x04,0x0a,0xaa,0x62,0xb1,0xa9,0x63,0xb0,0xfb,0x1e,0x24,0x50,0xc0,
 0x03,0x83,0xaa,0x83,0xb0,0xa9,0x82,0xb1,0xfb,0x06,0x14,0x80,0x81,0x01,0x91,0xaa,
 0x82,0xb1,0xa9,0x60,0xb3,0xfb,0x08,0x00,0x82,0x40,0x01,0x99,0xaa,0x81,0xb3,0xa9,
 0x80,0xb2,0xfb,0x14,0x50,0x20,0x82,0x5b,0x13,0xaa,0x62,0xb3,0xa9,0x60,0xb1,0xfb,
 0xdc,0x2c,0x60,0xc0,0x00,0x83,0xaa,0x80,0xb3,0xa9,0x81,0xb2,0xfb,0xcd,0x30,0x90,
 0xc1,0x02,0x10,0xaa,0x60,0xb2,0xa9,0x63,0xb1,0xfb,0x0c,0x2c,0x80,0x42,0x08,0x9a,
 0xaa,0x83,0xb2,0xa9,0x81,0xb0,0xfb,0x19,0x10,0x10,0x40,0x06,0x18,0xaa,0x60,0xb3,
 0xa9,0x62,0xb1,0xfb,0x01,0x08,0xe0,0x41,0x00,0x82,0xaa,0x80,0xb2,0xa9,0x63,0xb1,
 0xfb,0x07,0x30,0x42,0x80,0x00,0x99,0xaa,0x81,0xb3,0xa9,0x82,0xb0,0xfb,0x1d,0xec,
 0x54,0xc0,0x00,0x11,0xaa,0x61,0xb2,0xa9,0x60,0xb3,0xfb,0xdc,0x44,0x50,0x40,0x00,
 0x98,0xaa,0x83,0xb0,0xa9,0x61,0xb2,0xfb,0x06,0x04,0xf0,0x40,0x02,0x82,0xaa,0x82,
 0xb0,0xa9,0x81,0xb3,0xfb,0x28,0x14,0x60,0x80,0x03,0x88,0xaa,0x80,0xb1,0xa9,0x63,
 0xb2,0xfb,0x03,0x50,0x30,0x80,0x00,0x88,0xaa,0x81,0xb0,0xa9,0x83,0xb2,0xfb,0x04,
 0xcc,0x90,0x80,0x00,0x11,0xaa,0x61,0xb2,0xa9,0x63,0xb0,0xfb,0x18,0x09,0x70,0x00,
 0x02,0x81,0xaa,0x81,0xb0,0xa9,0x82,0xb3,0xfb,0xa0,0x91,0x00,0x04,0x03,0x10,0xaa,
 0x60,0xb2,0xa9,0x63,0xb1,0xfb,0x01,0xb4,0x40,0x40,0x04,0x91,0xaa,0x82,0xb1,0xa9,
 0x60,0xb3,0xfb,0x11,0x4c,0x30,0x44,0x49,0x13,0xaa,0x63,0xb2,0xa9,0x60,0xb1,0xfb,
 0x1c,0x1c,0x50,0xc0,0x01,0x82,0xaa,0x80,0xb2,0xa9,0x61,0xb3,0xfb,0x07,0x4c,0xb0,
 0x46,0x26,0x13,0xaa,0x62,0xb3,0xa9,0x61,0xb0,0xfb,0x05,0x50,0x70,0x80,0x01,0x99,
 0xaa,0x81,0xb3,0xa9,0x60,0xb2,0xfb,0x64,0x80,0x60,0x53,0x02,0x10,0xaa,0x60,0xb2,
 0xa9,0x61,0xb3,0xfb,0x37,0x08,0x60,0x40,0x01,0x81,0xaa,0x81,0xb0,0xa9,0x63,0xb2,
 0xfb,0x02,0x10,0x40,0x00,0x14,0x98,0xaa,0x80,0xb3,0xa9,0x81,0xb2,0xfb,0x6f,0x34,
 0xb0,0x03,0x01,0x02,0xaa,0x60,0xb2,0xa9,0x61,0xb3,0xfb,0x0f,0x98,0x13,0x00,0x02,
 0x91,0xaa,0x82,0xb1,0xa9,0x60,0xb3,0xfb,0x08,0x3c,0x30,0x00,0x01,0x81,0xaa,0x81,
 0xb0,0xa9,0x82,0xb3,0xfb,0x17,0x24,0xd3,0xc0,0x27,0x0b,0xaa,0x63,0xb1,0xa9,0x62,
 0xb0,0xfb,0x46,0x0c,0x90,0x00,0x03,0x81,0xaa,0x81,0xb0,0xa9,0x63,0xb2,0xfb,0x02,
 0x08,0x20,0x00,0x05,0x98,0xaa,0x80,0xb3,0xa9,0x81,0xb2,0xfb,0x05,0xb8,0x51,0xc0,
 0x02,0x81,0xaa,0x81,0xb0,0xa9,0x83,0xb2,0xfb,0x01,0x38,0x20,0x06,0x0d,0x1a,0xaa,
 0x63,0xb2,0xa9,0x60,0xb1,0xfb,0x05,0x24,0x60,0x84,0x00,0x9a,0xaa,0x83,0xb2,0xa9,
 0x60,0xb1,0xfb,0x14,0x28,0xc2,0xc5,0x00,0x11,0xaa,0x81,0xb0,0xa9,0x83,0xb2,0xfb,
 0xac,0x30,0x20,0x01,0x20,0x18,0xaa,0x63,0xb0,0xa9,0x61,0xb2,0xfb,0x02,0x10,0x10,
 0x44,0x02,0x82,0xaa,0x80,0xb2,0xa9,0x61,0xb3,0xfb,0x76,0x38,0x30,0x01,0x35,0x18,
 0xaa,0x60,0xb3,0xa9,0x61,0xb2,0xfb,0x02,0x14,0x80,0x40,0x10,0x83,0xaa,0x80,0xb3,
 0xa9,0x61,0xb2,0xfb,0x0b,0x18,0xb1,0xc0,0x01,0x81,0xaa,0x80,0xb1,0xa9,0x82,0xb3,
 0xfb,0x23,0x08,0x20,0x40,0x01,0x81,0xaa,0x81,0xb0,0xa9,0x62,0xb3,0xfb,0x47,0x1c,
 0x90,0x40,0x00,0x02,0xaa,0x60,0xb2,0xa9,0x63,0xb1,0xfb,0x01,0x04,0x20,0x03,0x01,
 0x82,0xaa,0x80,0xb2,0xa9,0x61,0xb3,0xfb,0x04,0xb8,0xc0,0x81,0x44,0x0b,0xaa,0x63,
 0xb1,0xa9,0x62,0xb0,0xfb,0x0b,0x54,0x50,0x00,0x10,0x93,0xaa,0x82,0xb3,0xa9,0x60,
 0xb1,0xfb,0x01,0x50,0x20,0x40,0x00,0x81,0xaa,0x80,0xb3,0xa8,0x91,0xb2,0xfb,0x1a,
 0x70,0x41,0x00,0x34,0x19,0xaa,0x63,0xb1,0xa9,0x60,0xb2,0xfb,0x46,0x1c,0x90,0x40,
 0x02,0x90,0xaa,0x80,0xb2,0xa9,0x81,0xb3,0xfb,0x18,0x34,0xe0,0x0d,0x25,0x13,0xaa,
 0x63,0xb2,0xa9,0x61,0xb0,0xfb,0x02,0x40,0x00,0x0a,0x04,0x82,0xaa,0x82,0xb0,0xa9,
 0x61,0xb3,0xfb,0x03,0x30,0x20,0x00,0x14,0x83,0xaa,0x80,0xb3,0xa9,0x81,0xb2,0xfb,
 0xa3,0x10,0x50,0xc2,0x3d,0x03,0xaa,0x60,0xb3,0xa9,0x62,0xb1,0xfb,0x4a,0x90,0x10,
 0x80,0x02,0x01,0xaa,0x61,0xb0,0xa9,0x62,0xb3,0xfb,0x06,0xd8,0x50,0x40,0x05,0x8a,
 0xaa,0x82,0xb1,0xa9,0x63,0xb0,0xfb,0x2d,0x08,0x90,0x00,0x01,0x83,0xaa,0x83,0xb0,
 0xa9,0x81,0xb2,0xfb,0x17,0x08,0x10,0x80,0x3e,0x93,0xaa,0x82,0xb3,0xa9,0x61,0xb0,
 0xfb,0x57,0x24,0xb1,0x40,0x01,0x01,0xaa,0x61,0xb0,0xa9,0x62,0xb3,0xfb,0x02,0x38,
 0xb0,0x49,0x04,0x82,0xaa,0x82,0xb0,0xa9,0x61,0xb3,0xfb,0x04,0x80,0x32,0x00,0x03,
 0x91,0xaa,0x81,0xb2,0xa9,0x83,0xb0,0xfb,0x05,0x6c,0x23,0xc1,0x02,0x0b,0xaa,0x63,
 0xb1,0xa9,0x62,0xb0,0xfb,0x09,0x38,0x50,0x48,0x18,0x1a,0xaa,0x62,0xb3,0xa9,0x61,
 0xb0,0xfb,0x16,0x04,0x50,0x80,0x02,0x82,0xaa,0x80,0xb2,0xa9,0x61,0xb3,0xfb,0x05,
 0x0c,0x20,0x00,0x03,0x83,0xaa,0x83,0xb0,0xa9,0x82,0xb1,0xfb,0x84,0x1c,0x80,0xc0,
 0x01,0x10,0xaa,0x60,0xb2,0xa9,0x61,0xb3,0xfb,0x03,0x08,0x90,0x81,0x00,0x8a,0xaa,
 0x81,0xb2,0xa9,0x63,0xb0,0xfb,0x1b,0x0c,0xd0,0xc2,0x3f,0x13,0xaa,0x63,0xb2,0xa9,
 0x60,0xb1,0xfb,0xb8,0x09,0xb0,0x00,0x02,0x88,0xaa,0x81,0xb0,0xa9,0x82,0xb3,0xfb,
 0x14,0x30,0x01,0x98,0x06,0x0a,0xaa,0x62,0xb1,0xa9,0x60,0xb3,0xfb,0x02,0x30,0x30,
 0x02,0x01,0x9a,0xaa,0x82,0xb3,0xa9,0x61,0xb0,0xfb,0x4b,0x61,0x80,0x41,0x25,0x18,
 0xaa,0x63,0xb0,0xa9,0x61,0xb2,0xfb,0x78,0x14,0x70,0x40,0x00,0x98,0xaa,0x83,0xb0,
 0xa9,0x61,0xb2,0xfb,0x03,0x0c,0x70,0x80,0x11,0x98,0xaa,0x80,0xb3,0xa9,0x81,0xb2,
 0xfb,0x07,0x84,0xe0,0x83,0x54,0x13,0xaa,0x63,0xb2,0xa9,0x61,0xb0,0xfb,0x0e,0x20,
 0x30,0x82,0x03,0x8a,0xaa,0x82,0xb1,0xa9,0x60,0xb3,0xfb,0xe1,0x28,0x40,0x40,0x02,
 0x90,0xaa,0x80,0xb2,0xa9,0x81,0xb3,0xfb,0x58,0x09,0x71,0x81,0x04,0x01,0xaa,0x60,
 0xb1,0xa9,0x63,0xb2,0xfb,0x46,0x04,0x60,0x40,0x00,0x88,0xaa,0x81,0xb0,0xa9,0x63,
 0xb2,0xfb,0x5a,0x30,0x90,0x00,0x03,0x81,0xaa,0x81,0xb0,0xa9,0x83,0xb2,0xfb,0x53,
 0x19,0x30,0x48,0x0a,0x02,0xaa,0x62,0xb0,0xa9,0x63,0xb1,0xfb,0x05,0x40,0x30,0x40,
 0x01,0x81,0xaa,0x81,0xb0,0xa9,0x62,0xb3,0xfb,0x0b,0x04,0x20,0xc0,0x0d,0x93,0xaa,
 0x81,0xb2,0xa8,0x93,0xb0,0xfb,0x14,0x70,0x20,0x8d,0x43,0x1a,0xaa,0x62,0xb3,0xa9,
 0x60,0xb1,0xfb,0x24,0x08,0x50,0x40,0x02,0x90,0xaa,0x80,0xb2,0xa9,0x81,0xb3,0xfb,
 0xcd,0x6c,0x70,0xc8,0x01,0x10,0xaa,0x62,0xb0,0xa9,0x61,0xb3,0xfb,0x0a,0x40,0x50,
 0x00,0x0d,0x9a,0xaa,0x82,0xb3,0xa9,0x60,0xb1,0xfb,0x22,0x4c,0x65,0x40,0x0f,0x0b,
 0xaa,0x61,0xb3,0xa9,0x60,0xb2,0xfb,0x02,0x4c,0x10,0x80,0x34,0x93,0xaa,0x82,0xb3,
 0xa9,0x61,0xb0,0xfb,0x24,0x30,0x80,0x02,0x03,0x82,0xaa,0x81,0xb2,0xa9,0x63,0xb0,
 0xfb,0x07,0x3c,0x90,0x41,0x62,0x03,0xaa,0x63,0xb0,0xa9,0x61,0xb2,0xfb,0x01,0x50,
 0x20,0xc0,0x00,0x8a,0xaa,0x82,0xb1,0xa9,0x60,0xb3,0xfb,0x09,0x54,0x40,0x04,0x3a,
 0x1a,0xaa,0x63,0xb2,0xa9,0x61,0xb0,0xfb,0x08,0x10,0xa0,0x00,0x32,0x8b,0xaa,0x83,
 0xb1,0xa9,0x82,0xb0,0xfb,0x07,0xac,0x53,0x4f,0x0a,0x0a,0xaa,0x61,0xb2,0xa9,0x63,
 0xb0,0xfb,0x01,0x08,0x40,0x00,0x0f,0x83,0xaa,0x80,0xb3,0xa9,0x61,0xb2,0xfb,0x68,
 0x18,0x20,0x40,0x02,0x08,0xaa,0x60,0xb1,0xa9,0x62,0xb3,0xfb,0x13,0xc8,0x40,0x40,
 0x00,0x91,0xaa,0x82,0xb1,0xa9,0x63,0xb0,0xfb,0xa4,0x50,0x60,0x45,0x01,0x10,0xaa,
 0x60,0xb2,0xa9,0x61,0xb3,0xfb,0x02,0xe0,0xc0,0x02,0x02,0x11,0xaa,0x62,0xb1,0xa9,
 0x60,0xb3,0xfb,0x0f,0x18,0xc0,0xc2,0x02,0x90,0xaa,0x80,0xb2,0xa9,0x83,0xb1,0xfb,
 0x1b,0xe0,0xa0,0x8e,0x00,0x0a,0xaa,0x62,0xb1,0xa9,0x63,0xb0,0xfb,0x07,0x88,0xf5,
 0x81,0x06,0x0b,0xaa,0x63,0xb1,0xa9,0x62,0xb0,0xfb,0x03,0x08,0x00,0x4a,0x07,0x91,
 0xaa,0x82,0xb1,0xa9,0x63,0xb0,0xfb,0x0b,0x28,0xc5,0x00,0x01,0x99,0xaa,0x81,0xb3,
 0xa9,0x80,0xb2,0xfb,0x13,0x94,0x91,0xc0,0x00,0x08,0xaa,0x61,0xb0,0xa9,0x63,0xb2,
 0xfb,0x0a,0x30,0xc0,0x03,0x05,0x9a,0xaa,0x83,0xb2,0xa9,0x80,0xb1,0xfb,0x02,0x0c,
 0x30,0xc0,0x0b,0x19,0xaa,0x61,0xb3,0xa9,0x60,0xb2,0xfb,0x2d,0x24,0x20,0x40,0x00,
 0x82,0xaa,0x83,0xb2,0xa8,0x90,0xb1,0xfb,0x94,0x0c,0x90,0x01,0x21,0x03,0xaa,0x63,
 0xb0,0xa9,0x62,0xb1,0xfb,0xe6,0x04,0x90,0x80,0x03,0x88,0xaa,0x81,0xb0,0xa9,0x63,
 0xb2,0xfb,0x28,0x08,0x10,0x80,0x00,0x90,0xaa,0x82,0xb0,0xa9,0x81,0xb3,0xfb,0x0e,
 0x20,0xe0,0x80,0x33,0x03,0xaa,0x60,0xb3,0xa9,0x62,0xb1,0xfb,0x0b,0x58,0x80,0x02,
 0x02,0x91,0xaa,0x81,0xb2,0xa9,0x80,0xb3,0xfb,0x3c,0x0c,0x20,0x00,0x01,0x82,0xaa,
 0x82,0xb0,0xa9,0x81,0xb3,0xfb,0x0d,0xa4,0xf2,0xc1,0x01,0x11,0xaa,0x61,0xb2,0xa9,
 0x60,0xb3,0xfb,0x14,0x04,0x10,0x41,0x02,0x83,0xaa,0x80,0xb3,0xa9,0x61,0xb2,0xfb,
 0x06,0x18,0x80,0x00,0x14,0x83,0xaa,0x80,0xb3,0xa9,0x81,0xb2,0xfb,0x01,0x50,0x10,
 0x80,0x34,0x83,0xaa,0x80,0xb3,0xa9,0x62,0xb1,0xfb,0x21,0xa0,0x70,0x00,0x5a,0x0b,
 0xaa,0x63,0xb1,0xa9,0x60,0xb2,0xfb,0x01,0x6c,0x80,0x02,0x3c,0x1a,0xaa,0x63,0xb2,
 0xa9,0x60,0xb1,0xfb,0x1e,0x08,0x00,0x05,0x01,0x9a,0xaa,0x83,0xb2,0xa9,0x61,0xb0,
 0xfb,0xfa,0x14,0x20,0x80,0x02,0x82,0xaa,0x82,0xb0,0xa9,0x83,0xb1,0xfb,0x6a,0xb8,
 0x52,0xc0,0x05,0x08,0xaa,0x60,0xb1,0xa9,0x63,0xb2,0xfb,0x19,0x18,0x70,0x00,0x02,
 0x81,0xaa,0x80,0xb1,0xa9,0x62,0xb3,0xfb,0x29,0x04,0xb3,0x50,0x01,0x0a,0xaa,0x61,
 0xb2,0xa9,0x60,0xb3,0xfb,0x03,0x04,0xd0,0x00,0x28,0x8b,0xaa,0x81,0xb3,0xa9,0x62,
 0xb0,0xfb,0x06,0x08,0x20,0xcd,0x01,0x8a,0xaa,0x81,0xb2,0xa9,0x80,0xb3,0xfb,0x05,
 0x24,0x50,0xc0,0x21,0x18,0xaa,0x63,0xb0,0xa9,0x62,0xb1,0xfb,0xc8,0x28,0x20,0x40,
 0x00,0x98,0xaa,0x83,0xb0,0xa9,0x81,0xb2,0xfb,0x04,0x2c,0x41,0x40,0x01,0x19,0xaa,
 0x63,0xb1,0xa9,0x60,0xb2,0xfb,0x05,0x20,0xc0,0xc0,0x12,0x8b,0xaa,0x83,0xb1,0xa9,
 0x82,0xb0,0xfb,0x0f,0x00,0x84,0x46,0x05,0x11,0xaa,0x62,0xb1,0xa9,0x60,0xb3,0xfb,
 0x0c,0x98,0x50,0xc0,0x01,0x8a,0xaa,0x81,0xb2,0xa9,0x60,0xb3,0xfb,0x03,0x30,0x00,
 0x99,0x02,0x82,0xaa,0x80,0xb2,0xa9,0x83,0xb1,0xfb,0x02,0xb0,0x43,0x85,0x07,0x0a,
 0xaa,0x61,0xb2,0xa9,0x60,0xb3,0xfb,0x05,0x04,0x20,0x03,0x06,0x82,0xaa,0x80,0xb2,
 0xa9,0x61,0xb3,0xfb,0x09,0x0c,0x30,0x80,0x16,0x8b,0xaa,0x81,0xb3,0xa9,0x82,0xb0,
 0xfb,0x1b,0x5c,0x00,0xc1,0x65,0x0b,0xaa,0x61,0xb3,0xa9,0x62,0xb0,0xfb,0x24,0x10,
 0x80,0x13,0x16,0x13,0xaa,0x62,0xb3,0xa9,0x60,0xb1,0xfb,0x14,0x24,0xc0,0x80,0x0d,
 0x98,0xaa,0x80,0xb3,0xa9,0x82,0xb1,0xfb,0x53,0xcd,0x60,0x40,0x08,0x08,0xaa,0x60,
 0xb1,0xa9,0x63,0xb2,0xfb,0x0c,0x38,0x60,0xcc,0x01,0x10,0xaa,0x60,0xb2,0xa9,0x61,
 0xb3,0xfb,0x64,0x30,0x20,0x00,0x02,0x82,0xaa,0x80,0xb2,0xa9,0x61,0xb3,0xfb,0x0b,
 0xb4,0x71,0x40,0x01,0x08,0xaa,0x61,0xb0,0xa9,0x63,0xb2,0xfb,0x29,0x84,0x64,0xc1,
 0x02,0x01,0xaa,0x61,0xb0,0xa9,0x63,0xb2,0xfb,0x05,0xf4,0x96,0x00,0x09,0x01,0xaa,
 0x61,0xb0,0xa9,0x63,0xb2,0xfb,0x1d,0x08,0xb0,0x89,0x00,0x8a,0xaa,0x82,0xb1,0xa9,
 0x63,0xb0,0xfb,0x0c,0x28,0x67,0x41,0x06,0x08,0xaa,0x60,0xb1,0xa9,0x62,0xb3,0xfb,
 0x04,0x1c,0x50,0x80,0x05,0x9a,0xaa,0x83,0xb2,0xa9,0x60,0xb1,0xfb,0x0b,0x0c,0x70,
 0x83,0x01,0x93,0xaa,0x82,0xb3,0xa9,0x80,0xb1,0xfb,0x23,0x04,0xc0,0x0e,0x1f,0x13,
 0xaa,0x63,0xb2,0xa9,0x61,0xb0,0xfb,0x04,0x30,0x00,0x5e,0x00,0x9a,0xaa,0x83,0xb2,
 0xa9,0x81,0xb0,0xfb,0x18,0x20,0x00,0x54,0x00,0x9a,0xaa,0x83,0xb2,0xa9,0x60,0xb1,
 0xfb,0x04,0x04,0x30,0x80,0x11,0x8b,0xaa,0x81,0xb3,0xa9,0x62,0xb0,0xfb,0x68,0x31,
 0x20,0x80,0x01,0x90,0xaa,0x82,0xb0,0xa9,0x81,0xb3,0xfb,0x17,0xc4,0x82,0x00,0x03,
 0x08,0xaa,0x61,0xb0,0xa9,0x63,0xb2,0xfb,0x84,0x71,0x61,0x82,0x02,0x08,0xaa,0x60,
 0xb1,0xa9,0x63,0xb2,0xfb,0x05,0x30,0x00,0x12,0x03,0x82,0xaa,0x82,0xb0,0xa9,0x81,
 0xb3,0xfb,0x7c,0x70,0x52,0xc1,0x01,0x01,0xaa,0x60,0xb1,0xa9,0x62,0xb3,0xfb,0x0c,
 0xa0,0x40,0x00,0x01,0x91,0xaa,0x82,0xb1,0xa9,0x60,0xb3,0xfb,0x05,0x1c,0x90,0x80,
 0x1f,0x98,0xaa,0x83,0xb0,0xa9,0x81,0xb2,0xfb,0xfa,0x84,0x90,0x80,0x2a,0x18,0xaa,
 0x63,0xb0,0xa9,0x61,0xb2,0xfb,0x03,0x30,0xc0,0x83,0x01,0x90,0xaa,0x80,0xb2,0xa9,
 0x61,0xb3,0xfb,0x03,0xd0,0x62,0x40,0x02,0x81,0xaa,0x81,0xb0,0xa9,0x82,0xb3,0xfb,
 0x98,0x44,0x60,0x80,0x13,0x03,0xaa,0x60,0xb3,0xa9,0x61,0xb2,0xfb,0x02,0x34,0xf0,
 0x85,0x01,0x82,0xaa,0x80,0xb2,0xa9,0x61,0xb3,0xfb,0xa9,0x24,0x63,0xc0,0x07,0x08,
 0xaa,0x60,0xb1,0xa9,0x63,0xb2,0xfb,0x04,0x04,0x31,0xc0,0x05,0x81,0xaa,0x80,0xb1,
 0xa9,0x63,0xb2,0xfb,0x03,0x08,0x50,0xc0,0x12,0x8b,0xaa,0x81,0xb3,0xa9,0x80,0xb2,
 0xfb,0x1e,0x78,0x50,0x40,0x00,0x08,0xaa,0x60,0xb1,0xa9,0x63,0xb2,0xfb,0x01,0x80,
 0xf2,0x40,0x00,0x81,0xaa,0x80,0xb1,0xa9,0x63,0xb2,0xfb,0x2c,0x19,0xa0,0x80,0x00,
 0x83,0xaa,0x83,0xb0,0xa9,0x82,0xb1,0xfb,0x0a,0x40,0xa2,0xd0,0x07,0x0a,0xaa,0x61,
 0xb2,0xa9,0x60,0xb3,0xfb,0x0f,0x38,0x40,0x00,0x03,0x83,0xaa,0x83,0xb0,0xa9,0x61,
 0xb2,0xfb,0x19,0x14,0x80,0x00,0x04,0x98,0xaa,0x83,0xb0,0xa9,0x81,0xb2,0xfb,0x8d,
 0x39,0x70,0x01,0x07,0x10,0xaa,0x62,0xb0,0xa9,0x61,0xb3,0xfb,0x08,0x00,0x25,0x00,
 0x02,0x8a,0xaa,0x82,0xb1,0xa9,0x80,0xb3,0xfb,0xc7,0x88,0x70,0x49,0x00,0x10,0xaa,
 0x62,0xb0,0xa9,0x63,0xb1,0xfb,0x0c,0xe0,0xb6,0xc0,0x00,0x99,0xaa,0x83,0xb1,0xa9,
 0x82,0xb0,0xfb,0x08,0x44,0x52,0x81,0x00,0x99,0xaa,0x81,0xb3,0xa9,0x62,0xb0,0xfb,
 0x12,0x40,0x61,0x80,0x02,0x88,0xaa,0x80,0xb1,0xa9,0x83,0xb2,0xfb,0x1d,0x5c,0x18,
 0x40,0x2e,0x0b,0xaa,0x63,0xb1,0xa9,0x62,0xb0,0xfb,0x02,0x08,0x20,0x00,0x0c,0x98,
 0xaa,0x80,0xb3,0xa9,0x81,0xb2,0xfb,0x09,0x48,0x40,0xc8,0x02,0x91,0xaa,0x82,0xb1,
 0xa9,0x83,0xb0,0xfb,0x1b,0x58,0x9d,0x80,0x02,0x0b,0xaa,0x63,0xb1,0xa9,0x60,0xb2,
 0xfb,0x0a,0x2c,0x30,0x01,0x12,0x98,0xaa,0x80,0xb3,0xa9,0x61,0xb2,0xfb,0x40,0x10,
 0xc0,0x80,0x04,0x98,0xaa,0x83,0xb0,0xa9,0x82,0xb1,0xfb,0x10,0x30,0xe0,0xa3,0x18,
 0x13,0xaa,0x62,0xb3,0xa9,0x61,0xb0,0xfb,0x04,0x80,0x80,0x40,0x02,0x99,0xaa,0x81,
 0xb3,0xa9,0x60,0xb2,0xfb,0x0b,0xa4,0x84,0x40,0x02,0x91,0xaa,0x81,0xb2,0xa9,0x80,
 0xb3,0xfb,0x04,0x10,0xc1,0x00,0x4f,0x0b,0xaa,0x63,0xb1,0xa9,0x62,0xb0,0xfb,0x08,
 0x44,0xc0,0x80,0x0c,0x93,0xaa,0x82,0xb3,0xa9,0x61,0xb0,0xfb,0x0a,0x1c,0x00,0xcf,
 0x01,0x8a,0xaa,0x82,0xb1,0xa9,0x80,0xb3,0xfb,0x01,0xb4,0xd0,0x01,0x04,0x8b,0xaa,
 0x83,0xb1,0xa9,0x60,0xb2,0xfb,0x02,0x04,0xc0,0x00,0x24,0x98,0xaa,0x81,0xb0,0xa8,
 0x93,0xb2,0xfb,0x0e,0x5c,0x99,0x96,0x06,0x11,0xaa,0x62,0xb1,0xa9,0x60,0xb3,0xfb,
 0x20,0x1d,0xc0,0xc0,0x01,0x81,0xaa,0x80,0xb1,0xa9,0x82,0xb3,0xfb,0x05,0x58,0x23,
 0x00,0x01,0x11,0xaa,0x62,0xb1,0xa9,0x63,0xb0,0xfb,0x0b,0x44,0x30,0x00,0x38,0x93,
 0xaa,0x83,0xb2,0xa9,0x60,0xb1,0xfb,0x06,0x40,0x32,0x00,0x03,0x88,0xaa,0x81,0xb2,
 0xa9,0x63,0xb0,0xfb,0x09,0x98,0xa3,0x40,0x00,0x11,0xaa,0x62,0xb1,0xa9,0x63,0xb0,
 0xfb,0x04,0x08,0x40,0xc5,0x00,0x91,0xaa,0x81,0xb2,0xa9,0x63,0xb0,0xfb,0x07,0x28,
 0x00,0xc3,0x08,0x9a,0xaa,0x83,0xb2,0xa9,0x81,0xb0,0xfb,0x13,0x7c,0xcb,0x40,0x02,
 0x0b,0xaa,0x61,0xb3,0xa9,0x62,0xb0,0xfb,0x09,0x10,0x65,0x40,0x02,0x91,0xaa,0x81,
 0xb2,0xa9,0x80,0xb3,0xfb,0x05,0x20,0x80,0x00,0x4c,0x19,0xaa,0x63,0xb1,0xa9,0x60,
 0xb2,0xfb,0x03,0x1c,0xc0,0x00,0x26,0x83,0xaa,0x83,0xb0,0xa9,0x62,0xb1,0xfb,0x02,
 0x00,0x86,0x00,0x01,0x81,0xaa,0x80,0xb1,0xa9,0x83,0xb2,0xfb,0x3f,0x05,0x10,0xd6,
 0x06,0x10,0xaa,0x60,0xb2,0xa9,0x61,0xb3,0xfb,0x06,0x60,0x51,0x40,0x04,0x81,0xaa,
 0x80,0xb1,0xa9,0x63,0xb2,0xfb,0x06,0x20,0x61,0xc0,0x00,0x81,0xaa,0x80,0xb1,0xa9,
 0x83,0xb2,0xfb,0x01,0x44,0x30,0x00,0x24,0x9a,0xaa,0x83,0xb2,0xa9,0x60,0xb1,0xfb,
 0x95,0x15,0x30,0x06,0x04,0x02,0xaa,0x60,0xb2,0xa9,0x63,0xb1,0xfb,0x4f,0x04,0x70,
 0x40,0x1c,0x03,0xaa,0x63,0xb0,0xa9,0x61,0xb2,0xfb,0x02,0x00,0x53,0xc0,0x02,0x88,
 0xaa,0x81,0xb0,0xa9,0x63,0xb2,0xfb,0x04,0x24,0x90,0x80,0x79,0x83,0xaa,0x80,0xb3,
 0xa9,0x81,0xb2,0xfb,0x19,0x88,0xec,0x52,0x05,0x11,0xaa,0x62,0xb1,0xa9,0x63,0xb0,
 0xfb,0x84,0x18,0xb0,0x00,0x03,0x98,0xaa,0x83,0xb0,0xa9,0x82,0xb1,0xfb,0x2f,0x10,
 0x10,0x40,0x12,0x03,0xaa,0x60,0xb3,0xa9,0x62,0xb1,0xfb,0x90,0x30,0x10,0x00,0x2a,
 0x18,0xaa,0x60,0xb3,0xa9,0x62,0xb1,0xfb,0x2a,0x70,0x70,0xc0,0x01,0x81,0xaa,0x81,
 0xb0,0xa9,0x82,0xb3,0xfb,0x04,0x50,0x8f,0x41,0x04,0x01,0xaa,0x60,0xb1,0xa9,0x63,
 0xb2,0xfb,0x04,0x10,0xb0,0x80,0x16,0x83,0xaa,0x80,0xb3,0xa9,0x62,0xb1,0xfb,0x06,
 0xc0,0x0b,0x93,0x09,0x0a,0xaa,0x62,0xb1,0xa9,0x63,0xb0,0xfb,0x14,0x30,0x21,0x00,
 0x71,0x0b,0xaa,0x63,0xb1,0xa9,0x62,0xb0,0xfb,0x01,0xa8,0x10,0x80,0x01,0x19,0xaa,
 0x61,0xb3,0xa9,0x60,0xb2,0xfb,0x01,0x28,0x30,0x00,0x16,0x93,0xaa,0x82,0xb3,0xa9,
 0x60,0xb1,0xfb,0x10,0x0c,0xc0,0x80,0x0d,0x83,0xaa,0x80,0xb3,0xa9,0x82,0xb1,0xfb,
 0x13,0x10,0x40,0x80,0x22,0x8b,0xaa,0x83,0xb1,0xa9,0x60,0xb2,0xfb,0x06,0xf0,0x38,
 0x02,0x67,0x0b,0xaa,0x63,0xb1,0xa9,0x62,0xb0,0xfb,0x0c,0x00,0x32,0x00,0x01,0x91,
 0xaa,0x81,0xb2,0xa9,0x60,0xb3,0xfb,0x0e,0x04,0x70,0x00,0x03,0x83,0xaa,0x81,0xb3,
 0xa8,0x90,0xb2,0xfb,0xc8,0x61,0x49,0x02,0x02,0x01,0xaa,0x60,0xb1,0xa9,0x62,0xb3,
 0xfb,0x08,0x84,0xb0,0x00,0x10,0x8b,0xaa,0x81,0xb3,0xa9,0x82,0xb0,0xfb,0x0a,0x10,
 0x00,0x03,0x48,0x13,0xaa,0x63,0xb2,0xa9,0x60,0xb1,0xfb,0x1a,0x30,0x80,0x40,0x01,
 0x88,0xaa,0x81,0xb0,0xa9,0x63,0xb2,0xfb,0x58,0x04,0xb0,0xc0,0x00,0x98,0xaa,0x81,
 0xb3,0xa8,0x90,0xb2,0xfb,0x5c,0x35,0xc0,0x03,0x01,0x10,0xaa,0x60,0xb2,0xa9,0x61,
 0xb3,0xfb,0x0c,0x08,0x70,0x00,0x07,0x98,0xaa,0x80,0xb3,0xa9,0x81,0xb2,0xfb,0x01,
 0xbc,0x91,0x83,0x01,0x0a,0xaa,0x61,0xb2,0xa9,0x60,0xb3,0xfb,0x04,0x40,0x60,0x46,
 0x00,0x82,0xaa,0x82,0xb0,0xa9,0x63,0xb1,0xfb,0x07,0x10,0x70,0x46,0x28,0x13,0xaa,
 0x62,0xb3,0xa9,0x61,0xb0,0xfb,0x06,0xa0,0xc0,0x80,0x03,0x8a,0xaa,0x82,0xb1,0xa9,
 0x63,0xb0,0xfb,0x0a,0x38,0x40,0x15,0x3b,0x1a,0xaa,0x63,0xb2,0xa9,0x60,0xb1,0xfb,
 0x28,0x1e,0x70,0x02,0x8a,0x18,0xaa,0x60,0xb3,0xa9,0x62,0xb1,0xfb,0x01,0x38,0x40,
 0x8b,0x00,0x93,0xaa,0x82,0xb3,0xa9,0x60,0xb1,0xfb,0x39,0x20,0xf0,0xd2,0x01,0x10,
 0xaa,0x62,0xb0,0xa9,0x63,0xb1,0xfb,0x78,0x18,0x50,0x80,0x01,0x81,0xaa,0x80,0xb1,
 0xa9,0x82,0xb3,0xfb,0x09,0xfc,0x92,0x13,0x03,0x11,0xaa,0x61,0xb2,0xa9,0x63,0xb0,
 0xfb,0x17,0xc0,0xe0,0x40,0x01,0x91,0xaa,0x82,0xb1,0xa9,0x60,0xb3,0xfb,0x01,0x20,
 0x50,0xc1,0x01,0x8a,0xaa,0x80,0xb1,0xa8,0x92,0xb3,0xfb,0x35,0x15,0x30,0x9b,0x06,
 0x10,0xaa,0x60,0xb2,0xa9,0x63,0xb1,0xfb,0x08,0x28,0x00,0xc9,0x00,0x93,0xaa,0x82,
 0xb3,0xa9,0x61,0xb0,0xfb,0x0a,0xcc,0xd3,0x0b,0x02,0x11,0xaa,0x62,0xb1,0xa9,0x60,
 0xb3,0xfb,0x03,0xf0,0x20,0x80,0x00,0x8a,0xaa,0x82,0xb3,0xa6,0x91,0xb0,0xfb,0x30,
 0x14,0xa0,0x00,0x01,0x82,0xaa,0x82,0xb0,0xa9,0x83,0xb1,0xfb,0x07,0x10,0x12,0x00,
 0x0f,0x19,0xaa,0x61,0xb3,0xa9,0x62,0xb0,0xfb,0x11,0x08,0xf0,0x00,0x60,0x8b,0xaa,
 0x81,0xb3,0xa9,0x62,0xb0,0xfb,0x6c,0x10,0x20,0x40,0x02,0x81,0xaa,0x80,0xb1,0xa9,
 0x82,0xb3,0xfb,0x62,0x28,0x20,0x80,0x2f,0x03,0xaa,0x63,0xb0,0xa9,0x61,0xb2,0xfb,
 0x0c,0xb0,0x30,0xc0,0x04,0x88,0xaa,0x80,0xb1,0xa9,0x63,0xb2,0xfb,0x0c,0x1c,0xe0,
 0x47,0x02,0x82,0xaa,0x80,0xb2,0xa9,0x81,0xb3,0xfb,0x1a,0x44,0x15,0xc0,0x4d,0x19,
 0xaa,0x63,0xb1,0xa9,0x62,0xb0,0xfb,0x04,0x10,0x00,0xc8,0x00,0x9a,0xaa,0x82,0xb3,
 0xa9,0x80,0xb1,0xfb,0x2e,0x08,0x10,0x40,0x00,0x08,0xaa,0x82,0xb3,0xa6,0x90,0xb1,
 0xfb,0x02,0xe0,0x21,0x00,0x02,0x81,0xaa,0x81,0xb0,0xa9,0x62,0xb3,0xfb,0x02,0xbc,
 0x97,0x61,0x0a,0x0a,0xaa,0x61,0xb2,0xa9,0x60,0xb3,0xfb,0x0b,0x9c,0x20,0x00,0x02,
 0x99,0xaa,0x81,0xb3,0xa9,0x60,0xb2,0xfb,0x0a,0x40,0x11,0xc2,0x02,0x91,0xaa,0x82,
 0xb1,0xa9,0x80,0xb3,0xfb,0x26,0xdc,0x41,0x40,0xde,0x0b,0xaa,0x61,0xb3,0xa9,0x60,
 0xb2,0xfb,0x2a,0x10,0x70,0x00,0x04,0x83,0xaa,0x83,0xb0,0xa9,0x81,0xb2,0xfb,0x79,
 0x62,0xf0,0xcc,0x02,0x10,0xaa,0x62,0xb0,0xa9,0x63,0xb1,0xfb,0x03,0x64,0x80,0x0a,
 0x01,0x93,0xaa,0x82,0xb3,0xa9,0x61,0xb0,0xfb,0x0c,0x1c,0x00,0x46,0x05,0x9a,0xaa,
 0x83,0xb2,0xa9,0x80,0xb1,0xfb,0xa8,0xbc,0x10,0x00,0xf6,0x18,0xaa,0x60,0xb3,0xa9,
 0x62,0xb1,0xfb,0x03,0xa0,0x21,0xc0,0x02,0x81,0xaa,0x81,0xb0,0xa9,0x63,0xb2,0xfb,
 0x09,0x60,0x13,0x40,0x00,0x91,0xaa,0x82,0xb3,0xa8,0x91,0xb0,0xfb,0x0d,0xa4,0xf5,
 0x02,0x01,0x0a,0xaa,0x61,0xb2,0xa9,0x60,0xb3,0xfb,0x02,0x80,0x32,0x80,0x04,0x8a,
 0xaa,0x81,0xb2,0xa9,0x63,0xb0,0xfb,0x06,0x0c,0x40,0xc8,0x02,0x82,0xaa,0x82,0xb0,
 0xa9,0x83,0xb1,0xfb,0x01,0x28,0x61,0xc7,0x01,0x0a,0xaa,0x62,0xb1,0xa9,0x60,0xb3,
 0xfb,0x05,0x28,0x80,0x42,0x02,0x93,0xaa,0x82,0xb3,0xa9,0x61,0xb0,0xfb,0x0f,0xc0,
 0xa2,0xc0,0x02,0x81,0xaa,0x80,0xb1,0xa9,0x82,0xb3,0xfb,0xa6,0x10,0xa0,0x01,0x01,
 0x10,0xaa,0x60,0xb2,0xa9,0x61,0xb3,0xfb,0x04,0x14,0xc0,0x49,0x05,0x82,0xaa,0x82,
 0xb0,0xa9,0x63,0xb1,0xfb,0x90,0x24,0x20,0xc0,0x00,0x98,0xaa,0x80,0xb2,0xa9,0x63,
 0xb1,0xfb,0x0d,0x00,0x54,0x00,0x2c,0x19,0xaa,0x63,0xb1,0xa9,0x60,0xb2,0xfb,0x0a,
 0x94,0x10,0xef,0x5d,0x13,0xaa,0x63,0xb2,0xa9,0x60,0xb1,0xfb,0x36,0x0c,0xc0,0x40,
 0x02,0x82,0xaa,0x82,0xb0,0xa9,0x81,0xb3,0xfb,0x12,0x08,0x80,0x16,0x03,0x8a,0xaa,
 0x81,0xb2,0xa9,0x63,0xb0,0xfb,0x05,0x18,0x40,0x00,0x2d,0x93,0xaa,0x83,0xb2,0xa9,
 0x80,0xb1,0xfb,0x6b,0x0c,0x90,0x42,0xed,0x18,0xaa,0x60,0xb3,0xa9,0x61,0xb2,0xfb,
 0x0b,0xc0,0x40,0x80,0x04,0x81,0xaa,0x80,0xb1,0xa9,0x63,0xb2,0xfb,0x01,0x0c,0x90,
 0x00,0x02,0x93,0xaa,0x80,0xb3,0xa8,0x92,0xb1,0xfb,0xf5,0x2e,0x26,0x80,0x0b,0x08,
 0xaa,0x61,0xb0,0xa9,0x62,0xb3,0xfb,0x50,0x09,0xf0,0x40,0x03,0x81,0xaa,0x81,0xb0,
 0xa9,0x63,0xb2,0xfb,0x60,0x33,0xc0,0x00,0x01,0x83,0xaa,0x83,0xb0,0xa9,0x81,0xb2,
 0xfb,0x7a,0x54,0x60,0xdc,0x00,0x02,0xaa,0x60,0xb2,0xa9,0x61,0xb3,0xfb,0x05,0x04,
 0x20,0x00,0x2a,0x8b,0xaa,0x81,0xb3,0xa9,0x62,0xb0,0xfb,0x07,0xe0,0x71,0x40,0x01,
 0x88,0xaa,0x81,0xb0,0xa9,0x83,0xb2,0xfb,0x06,0x54,0x31,0xce,0x01,0x11,0xaa,0x62,
 0xb1,0xa9,0x60,0xb3,0xfb,0x02,0x80,0x41,0x00,0x01,0x81,0xaa,0x80,0xb1,0xa9,0x62,
 0xb3,0xfb,0x12,0x3c,0xda,0x40,0x16,0x0b,0xaa,0x61,0xb3,0xa9,0x62,0xb0,0xfb,0x4b,
 0x20,0x80,0x40,0x04,0x81,0xaa,0x80,0xb1,0xa9,0x63,0xb2,0xfb,0x08,0x14,0xf0,0x00,
 0x10,0x93,0xaa,0x82,0xb3,0xa9,0x81,0xb0,0xfb,0x1f,0x30,0x80,0x08,0xe0,0x13,0xaa,
 0x62,0xb3,0xa9,0x61,0xb0,0xfb,0x10,0x40,0x60,0x00,0x20,0x93,0xaa,0x83,0xb2,0xa9,
 0x60,0xb1,0xfb,0x30,0x78,0x50,0x00,0x03,0x81,0xaa,0x81,0xb0,0xa9,0x83,0xb2,0xfb,
 0x01,0x9c,0xfb,0x42,0x66,0x0b,0xaa,0x63,0xb1,0xa9,0x60,0xb2,0xfb,0x14,0x18,0x40,
 0x00,0x27,0x9a,0xaa,0x83,0xb2,0xa9,0x60,0xb1,0xfb,0x03,0x14,0x00,0x0a,0x08,0x13,
 0xaa,0x62,0xb3,0xa9,0x60,0xb1,0xfb,0x0a,0x68,0x31,0x00,0x02,0x8b,0xaa,0x83,0xb1,
 0xa9,0x80,0xb2,0xfb,0x10,0x1a,0x90,0x01,0x36,0x18,0xaa,0x63,0xb0,0xa9,0x62,0xb1,
 0xfb,0x17,0x04,0x00,0x44,0x02,0x93,0xaa,0x82,0xb3,0xa9,0x61,0xb0,0xfb,0x15,0x20,
 0x91,0xc0,0x01,0x81,0xaa,0x80,0xb1,0xa9,0x83,0xb2,0xfb,0x11,0x3d,0x16,0xc1,0x02,
 0x08,0xaa,0x60,0xb1,0xa9,0x63,0xb2,0xfb,0x45,0x1c,0x00,0x01,0x02,0x83,0xaa,0x80,
 0xb3,0xa9,0x62,0xb1,0xfb,0xc0,0x40,0x80,0x00,0x60,0x18,0xaa,0x60,0xb3,0xa9,0x61,
 0xb2,0xfb,0x02,0x08,0x40,0x45,0x01,0x90,0xaa,0x80,0xb2,0xa9,0x61,0xb3,0xfb,0xfb,
 0x08,0xd0,0xc3,0x02,0x02,0xaa,0x60,0xb2,0xa9,0x63,0xb1,0xfb,0x11,0x14,0x81,0x80,
 0x01,0x91,0xaa,0x81,0xb2,0xa9,0x60,0xb3,0xfb,0x17,0x8c,0x50,0x2c,0x02,0x11,0xaa,
 0x61,0xb2,0xa9,0x60,0xb3,0xfb,0x06,0x18,0xa0,0x00,0x3c,0x98,0xaa,0x83,0xb0,0xa9,
 0x82,0xb1,0xfb,0x35,0x0c,0x30,0x84,0x00,0x02,0xaa,0x60,0xb2,0xa9,0x63,0xb1,0xfb,
 0x0b,0x30,0x20,0x04,0x0c,0x93,0xaa,0x83,0xb2,0xa9,0x80,0xb1,0xfb,0x09,0x20,0xb0,
 0x46,0x4b,0x13,0xaa,0x62,0xb3,0xa9,0x61,0xb0,0xfb,0x0b,0x2c,0x80,0x00,0x30,0x98,
 0xaa,0x80,0xb3,0xa9,0x81,0xb2,0xfb,0x18,0x34,0xa0,0x8e,0xa3,0x13,0xaa,0x62,0xb3,
 0xa9,0x61,0xb0,0xfb,0x03,0x34,0x00,0xc3,0x05,0x91,0xaa,0x81,0xb2,0xa9,0x63,0xb0,
 0xfb,0x40,0x24,0x40,0x80,0x01,0x81,0xaa,0x80,0xb1,0xa9,0x82,0xb3,0xfb,0x3d,0x2b,
 0xb0,0x46,0x07,0x02,0xaa,0x62,0xb0,0xa9,0x61,0xb3,0xfb,0x14,0x78,0x10,0x00,0x06,
 0x81,0xaa,0x80,0xb1,0xa9,0x62,0xb3,0xfb,0x75,0x60,0x30,0xe1,0x00,0x10,0xaa,0x60,
 0xb2,0xa9,0x61,0xb3,0xfb,0x01,0x00,0x26,0xc0,0x07,0x91,0xaa,0x82,0xb1,0xa9,0x60,
 0xb3,0xfb,0x0f,0xc0,0x50,0x80,0x01,0x81,0xaa,0x80,0xb1,0xa9,0x82,0xb3,0xfb,0x15,
 0x5c,0x14,0x91,0x00,0x11,0xaa,0x62,0xb1,0xa9,0x63,0xb0,0xfb,0x01,0x24,0x00,0x4f,
 0x00,0x82,0xaa,0x80,0xb2,0xa9,0x63,0xb1,0xfb,0x01,0x28,0x20,0x00,0x1e,0x93,0xaa,
 0x80,0xb2,0xa8,0x93,0xb1,0xfb,0x1a,0xdc,0x20,0x40,0x9a,0x0b,0xaa,0x61,0xb3,0xa9,
 0x62,0xb0,0xfb,0xe8,0x50,0x90,0xc0,0x00,0x83,0xaa,0x80,0xb3,0xa9,0x61,0xb2,0xfb,
 0x08,0x00,0x36,0x80,0x01,0x8a,0xaa,0x82,0xb1,0xa9,0x83,0xb0,0xfb,0xcf,0x41,0x60,
 0x40,0x10,0x18,0xaa,0x60,0xb3,0xa9,0x61,0xb2,0xfb,0x0d,0xe0,0xc0,0xc0,0x03,0x8a,
 0xaa,0x82,0xb1,0xa9,0x60,0xb3,0xfb,0x48,0x0c,0x20,0x80,0x00,0x90,0xaa,0x82,0xb0,
 0xa9,0x83,0xb1,0xfb,0x4b,0x36,0x50,0x42,0x03,0x02,0xaa,0x62,0xb0,0xa9,0x61,0xb3,
 0xfb,0x01,0xc0,0x29,0x00,0x06,0x81,0xaa,0x80,0xb1,0xa9,0x62,0xb3,0xfb,0x05,0x80,
 0x21,0x80,0x02,0x88,0xaa,0x80,0xb1,0xa9,0x83,0xb2,0xfb,0x15,0x5c,0x19,0x00,0x01,
 0x11,0xaa,0x62,0xb1,0xa9,0x60,0xb3,0xfb,0x0b,0xe0,0x60,0xc0,0x00,0x8a,0xaa,0x81,
 0xb2,0xa9,0x60,0xb3,0xfb,0x05,0x14,0x00,0x06,0x01,0x90,0xaa,0x80,0xb2,0xa9,0x83,
 0xb1,0xfb,0x21,0x3c,0x12,0x40,0xa8,0x19,0xaa,0x61,0xb3,0xa9,0x62,0xb0,0xfb,0x04,
 0x28,0x00,0x4c,0x01,0x93,0xaa,0x82,0xb3,0xa9,0x81,0xb0,0xfb,0x22,0x18,0x90,0x80,
 0x51,0x18,0xaa,0x63,0xb0,0xa9,0x61,0xb2,0xfb,0x04,0x68,0xa1,0x01,0x02,0x99,0xaa,
 0x83,0xb1,0xa9,0x62,0xb0,0xfb,0x5a,0x10,0x30,0x40,0x01,0x88,0xaa,0x81,0xb0,0xa9,
 0x82,0xb3,0xfb,0x29,0x04,0x70,0x40,0x00,0x10,0xaa,0x60,0xb2,0xa9,0x61,0xb3,0xfb,
 0x2c,0x18,0x60,0x40,0x01,0x81,0xaa,0x80,0xb1,0xa9,0x63,0xb2,0xfb,0x09,0x18,0x80,
 0xa8,0x00,0x93,0xaa,0x83,0xb2,0xa9,0x81,0xb0,0xfb,0x0e,0x0c,0x60,0x00,0x28,0x8b,
 0xaa,0x83,0xb1,0xa9,0x60,0xb2,0xfb,0x0e,0xd0,0x43,0x59,0x03,0x11,0xaa,0x61,0xb2,
 0xa9,0x63,0xb0,0xfb,0x04,0x68,0xd1,0x80,0x00,0x81,0xaa,0x80,0xb1,0xa9,0x62,0xb3,
 0xfb,0x03,0x80,0xcd,0x40,0x02,0x88,0xaa,0x80,0xb1,0xa9,0x82,0xb3,0xfb,0x06,0x08,
 0x80,0x04,0x1e,0x13,0xaa,0x63,0xb2,0xa9,0x61,0xb0,0xfb,0x0c,0x30,0x10,0x40,0x01,
 0x88,0xaa,0x80,0xb1,0xa9,0x62,0xb3,0xfb,0x14,0x0c,0x10,0x00,0x2a,0x99,0xaa,0x83,
 0xb1,0xa9,0x62,0xb0,0xfb,0x12,0x1c,0x30,0x00,0x07,0x83,0xaa,0x80,0xb3,0xa9,0x82,
 0xb1,0xfb,0x0b,0x34,0x70,0x46,0x76,0x13,0xaa,0x62,0xb3,0xa9,0x60,0xb1,0xfb,0x02,
 0x40,0x42,0x40,0x00,0x99,0xaa,0x83,0xb1,0xa9,0x60,0xb2,0xfb,0x02,0x08,0x00,0x06,
 0x01,0x82,0xaa,0x80,0xb2,0xa9,0x81,0xb3,0xfb,0x0d,0xb0,0x21,0x00,0x3f,0x19,0xaa,
 0x61,0xb3,0xa9,0x60,0xb2,0xfb,0x78,0x14,0x50,0x00,0x05,0x81,0xaa,0x80,0xb1,0xa9,
 0x63,0xb2,0xfb,0x09,0x6c,0x80,0x40,0x00,0x8a,0xaa,0x83,0xb2,0xa8,0x91,0xb0,0xfb,
 0x05,0x8c,0xe0,0xba,0x04,0x1a,0xaa,0x63,0xb2,0xa9,0x61,0xb0,0xfb,0x04,0x80,0x27,
 0x80,0x02,0x8a,0xaa,0x82,0xb1,0xa9,0x83,0xb0,0xfb,0x89,0x54,0x70,0xc0,0x85,0x18,
 0xaa,0x60,0xb3,0xa9,0x61,0xb2,0xfb,0x0b,0xe0,0x10,0xc2,0x01,0x91,0xaa,0x82,0xb1,
 0xa9,0x80,0xb3,0xfb,0x01,0xf4,0xb6,0x98,0x08,0x0a,0xaa,0x62,0xb1,0xa9,0x60,0xb3,
 0xfb,0x02,0x30,0xc0,0x01,0x03,0x8a,0xaa,0x81,0xb2,0xa9,0x63,0xb0,0xfb,0x08,0x80,
 0x80,0x04,0x03,0x91,0xaa,0x81,0xb2,0xa9,0x83,0xb0,0xfb,0xa5,0x4c,0xde,0x01,0x04,
 0x08,0xaa,0x60,0xb1,0xa9,0x63,0xb2,0xfb,0x02,0x08,0x70,0x41,0x9c,0x98,0xaa,0x80,
 0xb3,0xa9,0x61,0xb2,0xfb,0x0c,0x90,0x21,0x00,0x03,0x81,0xaa,0x81,0xb0,0xa9,0x83,
 0xb2,0xfb,0x03,0x90,0x62,0x80,0x47,0x19,0xaa,0x61,0xb3,0xa9,0x60,0xb2,0xfb,0x05,
 0x40,0x90,0x80,0x3e,0x83,0xaa,0x83,0xb0,0xa9,0x61,0xb2,0xfb,0x6e,0x2c,0x70,0xc3,
 0x02,0x90,0xaa,0x80,0xb2,0xa9,0x81,0xb3,0xfb,0x03,0xfc,0xfc,0x40,0x11,0x19,0xaa,
 0x63,0xb1,0xa9,0x62,0xb0,0xfb,0x0a,0x30,0xf0,0x00,0x64,0x93,0xaa,0x82,0xb3,0xa9,
 0x80,0xb1,0xfb,0x07,0xe0,0x43,0x80,0x4b,0x19,0xaa,0x61,0xb3,0xa9,0x62,0xb0,0xfb,
 0x7d,0x48,0x90,0x40,0x01,0x88,0xaa,0x80,0xb1,0xa9,0x83,0xb2,0xfb,0x03,0x04,0x60,
 0x8a,0x08,0x1a,0xaa,0x62,0xb3,0xa9,0x61,0xb0,0xfb,0x05,0x4c,0xa0,0x00,0x1e,0x9a,
 0xaa,0x82,0xb3,0xa9,0x61,0xb0,0xfb,0xc8,0x1c,0x70,0x00,0x01,0x81,0xaa,0x80,0xb1,
 0xa9,0x83,0xb2,0xfb,0x10,0x04,0x98,0x7a,0x03,0x11,0xaa,0x61,0xb2,0xa9,0x63,0xb0,
 0xfb,0xbc,0x1e,0x40,0x80,0x00,0x83,0xaa,0x83,0xb0,0xa9,0x82,0xb1,0xfb,0xea,0xb8,
 0x65,0x80,0x01,0x08,0xaa,0x60,0xb1,0xa9,0x62,0xb3,0xfb,0x7d,0x08,0x20,0xc0,0x00,
 0x81,0xaa,0x80,0xb1,0xa9,0x62,0xb3,0xfb,0x02,0x0c,0x30,0x00,0x19,0x99,0xaa,0x83,
 0xb1,0xa9,0x80,0xb2,0xfb,0x52,0x23,0xc3,0x40,0x02,0x08,0xaa,0x61,0xb0,0xa9,0x62,
 0xb3,0xfb,0x18,0xa0,0x40,0xc0,0x08,0x99,0xaa,0x83,0xb1,0xa9,0x60,0xb2,0xfb,0xc2,
 0x21,0x80,0x40,0x02,0x81,0xaa,0x80,0xb1,0xa9,0x82,0xb3,0xfb,0x10,0xa0,0xcb,0xa2,
 0x02,0x0a,0xaa,0x62,0xb1,0xa9,0x63,0xb0,0xfb,0x03,0x20,0x60,0x00,0x32,0x93,0xaa,
 0x83,0xb2,0xa9,0x80,0xb1,0xfb,0x0e,0x0c,0x20,0x15,0x80,0x1a,0xaa,0x62,0xb3,0xa9,
 0x60,0xb1,0xfb,0x0d,0x04,0xf0,0x0a,0x01,0x93,0xaa,0x82,0xb3,0xa9,0x61,0xb0,0xfb,
 0x02,0x08,0xb0,0x40,0x51,0x98,0xaa,0x80,0xb3,0xa9,0x62,0xb1,0xfb,0x02,0x90,0x81,
 0x00,0x02,0x8a,0xaa,0x81,0xb2,0xa9,0x80,0xb3,0xfb,0xcb,0x97,0x30,0xbd,0x00,0x02,
 0xaa,0x60,0xb2,0xa9,0x63,0xb1,0xfb,0x87,0x40,0xa0,0xc0,0x02,0x90,0xaa,0x82,0xb0,
 0xa9,0x63,0xb1,0xfb,0x58,0x0e,0x10,0x00,0x01,0x90,0xaa,0x82,0xb0,0xa9,0x81,0xb3,
 0xfb,0x21,0x04,0xf0,0x70,0xe5,0x1a,0xaa,0x62,0xb3,0xa9,0x61,0xb0,0xfb,0x0c,0x18,
 0x90,0x00,0x19,0x93,0xaa,0x83,0xb2,0xa9,0x60,0xb1,0xfb,0x10,0x60,0xe9,0xd5,0x00,
 0x0a,0xaa,0x62,0xb1,0xa9,0x60,0xb3,0xfb,0x0a,0xf4,0xc1,0xc2,0x02,0x8a,0xaa,0x81,
 0xb2,0xa9,0x80,0xb3,0xfb,0x0b,0x5c,0xe0,0xb1,0xe1,0x1a,0xaa,0x62,0xb3,0xa9,0x60,
 0xb1,0xfb,0x06,0xf4,0x41,0x00,0x01,0x91,0xaa,0x81,0xb2,0xa9,0x63,0xb0,0xfb,0x37,
 0x04,0xb0,0x80,0x02,0x98,0xaa,0x81,0xb3,0xa8,0x90,0xb2,0xfb,0xae,0x02,0x41,0xc0,
 0x02,0x08,0xaa,0x61,0xb0,0xa9,0x63,0xb2,0xfb,0x10,0xf4,0x91,0x80,0x02,0x99,0xaa,
 0x83,0xb1,0xa9,0x60,0xb2,0xfb,0x8c,0x10,0x70,0x80,0x02,0x83,0xaa,0x83,0xb0,0xa9,
 0x81,0xb2,0xfb,0xe6,0x30,0x40,0x80,0x8e,0x18,0xaa,0x60,0xb3,0xa9,0x61,0xb2,0xfb,
 0x2c,0x05,0x20,0x00,0x01,0x88,0xaa,0x81,0xb0,0xa9,0x62,0xb3,0xfb,0x0b,0x08,0xe0,
 0x86,0x02,0x93,0xaa,0x83,0xb2,0xa9,0x80,0xb1,0xfb,0x0a,0x18,0xf0,0x66,0x2c,0x13,
 0xaa,0x63,0xb2,0xa9,0x60,0xb1,0xfb,0x91,0x25,0x9a,0x00,0x03,0x08,0xaa,0x60,0xb1,
 0xa9,0x63,0xb2,0xfb,0x0c,0xc0,0x60,0x09,0x03,0x91,0xaa,0x82,0xb1,0xa9,0x80,0xb3,
 0xfb,0xe1,0x2f,0xee,0x01,0x02,0x01,0xaa,0x61,0xb0,0xa9,0x62,0xb3,0xfb,0x05,0x38,
 0xa4,0x41,0x00,0x88,0xaa,0x81,0xb0,0xa9,0x63,0xb2,0xfb,0x0d,0x20,0x00,0xa1,0x82,
 0x1a,0xaa,0x63,0xb2,0xa9,0x60,0xb1,0xfb,0x05,0x44,0x30,0x11,0x01,0x9a,0xaa,0x82,
 0xb3,0xa9,0x61,0xb0,0xfb,0x0c,0x90,0x61,0x00,0x01,0x81,0xaa,0x81,0xb0,0xa9,0x83,
 0xb2,0xfb,0x09,0x58,0x7c,0x81,0xca,0x0b,0xaa,0x61,0xb3,0xa9,0x62,0xb0,0xfb,0x03,
 0x50,0x20,0xc0,0x8f,0x9a,0xaa,0x82,0xb3,0xa9,0x61,0xb0,0xfb,0x19,0x14,0x40,0x00,
 0x0a,0x98,0xaa,0x80,0xb3,0xa9,0x82,0xb1,0xfb,0xd0,0x53,0x20,0x6a,0x03,0x02,0xaa,
 0x62,0xb0,0xa9,0x63,0xb1,0xfb,0x0a,0x20,0x43,0x80,0x02,0x81,0xaa,0x80,0xb1,0xa9,
 0x83,0xb2,0xfb,0x03,0xdc,0x72,0x40,0x4f,0x19,0xaa,0x61,0xb3,0xa9,0x60,0xb2,0xfb,
 0x90,0x11,0x10,0x00,0x01,0x90,0xaa,0x82,0xb0,0xa9,0x61,0xb3,0xfb,0x5e,0x1d,0x70,
 0xc0,0x01,0x88,0xaa,0x80,0xb1,0xa9,0x82,0xb3,0xfb,0x04,0xa0,0xea,0xd0,0x03,0x0a,
 0xaa,0x62,0xb1,0xa9,0x63,0xb0,0xfb,0x08,0x78,0x90,0xc1,0x01,0x8a,0xaa,0x82,0xb1,
 0xa9,0x63,0xb0,0xfb,0x06,0x28,0xb5,0x80,0x02,0x99,0xaa,0x83,0xb1,0xa9,0x82,0xb0,
 0xfb,0x5c,0x2d,0xb0,0x00,0xbc,0x18,0xaa,0x60,0xb3,0xa9,0x61,0xb2,0xfb,0xc2,0x15,
 0x90,0x40,0x01,0x81,0xaa,0x80,0xb1,0xa9,0x83,0xb2,0xfb,0x04,0x8c,0xf5,0x45,0x01,
 0x11,0xaa,0x61,0xb2,0xa9,0x60,0xb3,0xfb,0x06,0x14,0x20,0xc0,0x44,0x93,0xaa,0x82,
 0xb3,0xa9,0x61,0xb0,0xfb,0x14,0x30,0xb0,0x80,0x52,0x83,0xaa,0x80,0xb3,0xa9,0x82,
 0xb1,0xfb,0x6c,0xf0,0x8d,0x00,0x03,0x01,0xaa,0x60,0xb1,0xa9,0x63,0xb2,0xfb,0x14,
 0x4c,0xc0,0x43,0x01,0x90,0xaa,0x80,0xb2,0xa9,0x61,0xb3,0xfb,0x01,0x10,0x60,0x09,
 0x03,0x8a,0xaa,0x82,0xb1,0xa9,0x80,0xb3,0xfb,0x77,0x23,0xf0,0xc0,0x41,0x18,0xaa,
 0x63,0xb0,0xa9,0x62,0xb1,0xfb,0x2d,0x78,0x10,0x81,0x02,0x81,0xaa,0x81,0xb0,0xa9,
 0x63,0xb2,0xfb,0x96,0x0c,0x10,0x40,0x00,0x90,0xaa,0x82,0xb3,0xa8,0x90,0xb1,0xfb,
 0x99,0x93,0x20,0xc0,0xf4,0x03,0xaa,0x60,0xb3,0xa9,0x62,0xb1,0xfb,0x7d,0x28,0x80,
 0x81,0x01,0x82,0xaa,0x80,0xb2,0xa9,0x81,0xb3,0xfb,0x04,0x24,0x20,0x22,0x1a,0x1a,
 0xaa,0x63,0xb2,0xa9,0x60,0xb1,0xfb,0x03,0x14,0x40,0x00,0x19,0x9a,0xaa,0x83,0xb2,
 0xa9,0x60,0xb1,0xfb,0x16,0x2c,0x31,0xc0,0x02,0x88,0xaa,0x80,0xb1,0xa9,0x83,0xb2,
 0xfb,0x95,0x10,0x70,0xa2,0x02,0x02,0xaa,0x60,0xb2,0xa9,0x63,0xb1,0xfb,0xf4,0x15,
 0x40,0x80,0x00,0x98,0xaa,0x83,0xb0,0xa9,0x82,0xb1,0xfb,0x8f,0x38,0xf0,0x65,0x00,
 0x10,0xaa,0x60,0xb2,0xa9,0x63,0xb1,0xfb,0x02,0x28,0x50,0xed,0x04,0x90,0xaa,0x80,
 0xb2,0xa9,0x61,0xb3,0xfb,0x01,0xe8,0x53,0x40,0x00,0x81,0xaa,0x80,0xb3,0xa8,0x91,
 0xb2,0xfb,0x04,0xe4,0x52,0xe3,0x02,0x11,0xaa,0x61,0xb2,0xa9,0x63,0xb0,0xfb,0x64,
 0x08,0x20,0x80,0x00,0x88,0xaa,0x80,0xb1,0xa9,0x82,0xb3,0xfb,0x97,0x5a,0x90,0xba,
 0x02,0x10,0xaa,0x60,0xb2,0xa9,0x63,0xb1,0xfb,0x04,0x40,0x16,0xc1,0x03,0x81,0xaa,
 0x80,0xb1,0xa9,0x63,0xb2,0xfb,0x64,0xb0,0x80,0xc0,0x02,0x88,0xaa,0x80,0xb1,0xa9,
 0x83,0xb2,0xfb,0x09,0x38,0x40,0xb8,0x3e,0x13,0xaa,0x63,0xb2,0xa9,0x61,0xb0,0xfb,
 0x01,0x18,0xf0,0x8a,0x00,0x9a,0xaa,0x82,0xb3,0xa9,0x60,0xb1,0xfb,0xd7,0x0c,0x30,
 0x40,0x15,0x18,0xaa,0x60,0xb3,0xa9,0x61,0xb2,0xfb,0x03,0x18,0xd0,0x59,0x09,0x13,
 0xaa,0x63,0xb2,0xa9,0x60,0xb1,0xfb,0xfa,0x40,0x40,0x00,0x01,0x90,0xaa,0x80,0xb2,
 0xa9,0x61,0xb3,0xfb,0x0f,0x05,0xd0,0x5a,0x03,0x02,0xaa,0x60,0xb2,0xa9,0x61,0xb3,
 0xfb,0x0f,0x18,0x60,0xc4,0x03,0x90,0xaa,0x80,0xb2,0xa9,0x63,0xb1,0xfb,0x08,0x1c,
 0x00,0xd9,0x01,0x91,0xaa,0x82,0xb1,0xa9,0x83,0xb0,0xfb,0x03,0x20,0x93,0x00,0x03,
 0x8a,0xaa,0x81,0xb2,0xa9,0x83,0xb0,0xfb,0x0d,0xa0,0xd9,0x00,0xab,0x19,0xaa,0x61,
 0xb3,0xa9,0x60,0xb2,0xfb,0x19,0x0c,0xa0,0x80,0x00,0x82,0xaa,0x82,0xb0,0xa9,0x63,
 0xb1,0xfb,0xd2,0x05,0x40,0x85,0x02,0x02,0xaa,0x60,0xb2,0xa9,0x61,0xb3,0xfb,0x0c,
 0x10,0x00,0x4a,0x01,0x9a,0xaa,0x82,0xb3,0xa9,0x60,0xb1,0xfb,0x0a,0x08,0x70,0x80,
 0x11,0x83,0xaa,0x80,0xb3,0xa9,0x81,0xb2,0xfb,0x01,0x04,0xb0,0x41,0x12,0x13,0xaa,
 0x62,0xb3,0xa9,0x60,0xb1,0xfb,0x09,0x1c,0xb0,0x93,0x02,0x93,0xaa,0x83,0xb2,0xa9,
 0x81,0xb0,0xfb,0x04,0xbc,0xf1,0xce,0x00,0x11,0xaa,0x61,0xb2,0xa9,0x63,0xb0,0xfb,
 0x0f,0x90,0xe1,0x00,0x04,0x81,0xaa,0x81,0xb0,0xa9,0x62,0xb3,0xfb,0x0f,0x68,0x91,
 0xc0,0x00,0x88,0xaa,0x80,0xb1,0xa9,0x83,0xb2,0xfb,0x6a,0x04,0xe0,0xc5,0x00,0x02,
 0xaa,0x60,0xb2,0xa9,0x61,0xb3,0xfb,0x5e,0x31,0x70,0x00,0x03,0x88,0xaa,0x81,0xb0,
 0xa9,0x83,0xb2,0xfb,0x2e,0x20,0x9e,0x80,0x02,0x01,0xaa,0x60,0xb1,0xa9,0x63,0xb2,
 0xfb,0x96,0x18,0xb0,0x80,0x05,0x83,0xaa,0x80,0xb3,0xa9,0x82,0xb1,0xfb,0x01,0x08,
 0x31,0x80,0x21,0x0b,0xaa,0x63,0xb1,0xa9,0x60,0xb2,0xfb,0x01,0x30,0x50,0x40,0x06,
 0x99,0xaa,0x81,0xb3,0xa9,0x60,0xb2,0xfb,0x05,0x18,0x70,0x17,0x01,0x93,0xaa,0x82,
 0xb3,0xa9,0x80,0xb1,0xfb,0x81,0x08,0x30,0x40,0x1e,0x18,0xaa,0x63,0xb0,0xa9,0x61,
 0xb2,0xfb,0x12,0x30,0xc0,0x52,0x01,0x93,0xaa,0x82,0xb3,0xa9,0x61,0xb0,0xfb,0x0a,
 0xd0,0x89,0x04,0x01,0x0a,0xaa,0x61,0xb2,0xa9,0x60,0xb3,0xfb,0x01,0x04,0x80,0xcc,
 0x00,0x82,0xaa,0x80,0xb2,0xa9,0x61,0xb3,0xfb,0x09,0x20,0x90,0x01,0x24,0x9a,0xaa,
 0x83,0xb2,0xa9,0x81,0xb0,0xfb,0x40,0x40,0x90,0x01,0x04,0x90,0xaa,0x82,0xb0,0xa9,
 0x61,0xb3,0xfb,0x37,0x2c,0x70,0x80,0x11,0x98,0xaa,0x80,0xb3,0xa9,0x81,0xb2,0xfb,
 0xa4,0x23,0x6f,0x00,0x08,0x01,0xaa,0x60,0xb1,0xa9,0x63,0xb2,0xfb,0x05,0x04,0xe0,
 0x8b,0x04,0x90,0xaa,0x82,0xb0,0xa9,0x61,0xb3,0xfb,0x09,0x70,0x21,0xa9,0x01,0x0a,
 0xaa,0x62,0xb1,0xa9,0x63,0xb0,0xfb,0x04,0x08,0xb0,0xc1,0xc1,0x99,0xaa,0x81,0xb3,
 0xa9,0x62,0xb0,0xfb,0x0f,0x78,0x10,0x40,0x02,0x81,0xaa,0x80,0xb1,0xa9,0x82,0xb3,
 0xfb,0x11,0x18,0xe8,0x57,0x00,0x0a,0xaa,0x62,0xb1,0xa9,0x63,0xb0,0xfb,0x07,0x40,
 0x60,0x49,0x01,0x90,0xaa,0x82,0xb0,0xa9,0x61,0xb3,0xfb,0xf0,0x50,0xc0,0x00,0x02,
 0x81,0xaa,0x81,0xb0,0xa9,0x82,0xb3,0xfb,0x08,0xcc,0x76,0xc0,0x4e,0x19,0xaa,0x63,
 0xb1,0xa9,0x62,0xb0,0xfb,0x08,0x2c,0x00,0xd9,0x02,0x8a,0xaa,0x81,0xb2,0xa9,0x83,
 0xb0,0xfb,0x03,0x38,0xd9,0x80,0x34,0x19,0xaa,0x63,0xb1,0xa9,0x62,0xb0,0xfb,0x01,
 0x98,0x4e,0x02,0xe5,0x19,0xaa,0x63,0xb1,0xa9,0x60,0xb2,0xfb,0x08,0x98,0xf3,0x40,
 0x01,0x8b,0xaa,0x81,0xb3,0xa9,0x62,0xb0,0xfb,0x1c,0x08,0xf0,0x7d,0x7f,0x1a,0xaa,
 0x63,0xb2,0xa9,0x61,0xb0,0xfb,0x05,0x24,0x40,0xc1,0x08,0x9a,0xaa,0x82,0xb3,0xa9,
 0x60,0xb1,0xfb,0x0b,0x30,0x60,0x09,0x0b,0x9a,0xaa,0x82,0xb3,0xa9,0x80,0xb1,0xfb,
 0xf2,0x52,0xf0,0x00,0xf9,0x03,0xaa,0x60,0xb3,0xa9,0x62,0xb1,0xfb,0x96,0x0c,0xb0,
 0xc0,0x02,0x90,0xaa,0x82,0xb0,0xa9,0x83,0xb1,0xfb,0x9d,0x30,0xf0,0xba,0x02,0x02,
 0xaa,0x60,0xb2,0xa9,0x63,0xb1,0xfb,0xf4,0x19,0xe0,0x80,0x00,0x98,0xaa,0x83,0xb0,
 0xa9,0x62,0xb1,0xfb,0x06,0x34,0x48,0xc0,0x01,0x8a,0xaa,0x82,0xb1,0xa9,0x80,0xb3,
 0xfb,0x67,0x67,0xc0,0xc0,0xf4,0x03,0xaa,0x60,0xb3,0xa9,0x62,0xb1,0xfb,0x64,0x48,
 0x60,0x80,0x01,0x88,0xaa,0x80,0xb1,0xa9,0x82,0xb3,0xfb,0xdc,0x13,0x80,0xac,0x07,
 0x10,0xaa,0x62,0xb0,0xa9,0x63,0xb1,0xfb,0x02,0x0c,0x60,0xc9,0x00,0x90,0xaa,0x82,
 0xb0,0xa9,0x61,0xb3,0xfb,0x97,0x08,0x70,0x4c,0x01,0x10,0xaa,0x60,0xb2,0xa9,0x61,
 0xb3,0xfb,0x06,0x0c,0x50,0x80,0x16,0x93,0xaa,0x82,0xb3,0xa9,0x61,0xb0,0xfb,0xc4,
 0x31,0x40,0x3b,0x04,0x10,0xaa,0x60,0xb2,0xa9,0x61,0xb3,0xfb,0x02,0x78,0x10,0xc0,
 0xc1,0x98,0xaa,0x80,0xb3,0xa9,0x62,0xb1,0xfb,0x64,0x20,0x10,0x00,0x01,0x98,0xaa,
 0x80,0xb3,0xa9,0x82,0xb1,0xfb,0x10,0xa8,0x1d,0x01,0xc2,0x19,0xaa,0x63,0xb1,0xa9,
 0x60,0xb2,0xfb,0x03,0x2c,0xf0,0x41,0xa7,0x1a,0xaa,0x62,0xb3,0xa9,0x61,0xb0,0xfb,
 0x26,0x0a,0x30,0xc1,0x00,0x88,0xaa,0x81,0xb0,0xa9,0x62,0xb3,0xfb,0x02,0xd0,0x27,
 0x80,0x02,0x88,0xaa,0x80,0xb1,0xa9,0x83,0xb2,0xfb,0x19,0x68,0xac,0x5f,0x00,0x0a,
 0xaa,0x62,0xb1,0xa9,0x63,0xb0,0xfb,0x10,0x40,0xb0,0x04,0x02,0x90,0xaa,0x80,0xb2,
 0xa9,0x61,0xb3,0xfb,0x0c,0x04,0x10,0x00,0x96,0x8b,0xaa,0x81,0xb2,0xa8,0x93,0xb0,
 0xfb,0xa0,0x1c,0x60,0x18,0x01,0x02,0xaa,0x60,0xb2,0xa9,0x63,0xb1,0xfb,0x0b,0x04,
 0xa1,0x80,0x00,0x8a,0xaa,0x82,0xb1,0xa9,0x60,0xb3,0xfb,0x04,0x04,0x80,0x4c,0x00,
 0x8a,0xaa,0x81,0xb3,0xa8,0x92,0xb0,0xfb,0xa2,0x48,0x95,0x40,0x00,0x08,0xaa,0x60,
 0xb1,0xa9,0x63,0xb2,0xfb,0x14,0x2c,0x60,0x40,0x29,0x98,0xaa,0x83,0xb0,0xa9,0x81,
 0xb2,0xfb,0x03,0x1c,0x60,0xc0,0x6e,0x19,0xaa,0x63,0xb1,0xa9,0x60,0xb2,0xfb,0x15,
 0x0c,0xc0,0x12,0x01,0x9a,0xaa,0x82,0xb3,0xa9,0x60,0xb1,0xfb,0x74,0x22,0xc0,0x00,
 0x5d,0x03,0xaa,0x63,0xb0,0xa9,0x62,0xb1,0xfb,0x05,0xa8,0x12,0x00,0x04,0x81,0xaa,
 0x82,0xb3,0xa6,0x91,0xb0,0xfb,0x01,0x14,0x20,0x00,0x7d,0x83,0xaa,0x80,0xb3,0xa9,
 0x82,0xb1,0xfb,0x23,0x22,0x30,0xc0,0x00,0x10,0xaa,0x62,0xb0,0xa9,0x63,0xb1,0xfb,
 0x28,0x50,0xb0,0x40,0x01,0x88,0xaa,0x81,0xb0,0xa9,0x62,0xb3,0xfb,0x14,0x90,0x41,
 0x80,0x02,0x81,0xaa,0x81,0xb0,0xa9,0x83,0xb2,0xfb,0x05,0x2c,0xdd,0xfb,0x07,0x0a,
 0xaa,0x61,0xb2,0xa9,0x63,0xb0,0xfb,0x0a,0x7c,0x11,0x81,0x00,0x81,0xaa,0x80,0xb1,
 0xa9,0x62,0xb3,0xfb,0x0a,0x38,0x9c,0x01,0xf2,0x0b,0xaa,0x61,0xb3,0xa9,0x60,0xb2,
 0xfb,0x07,0x90,0x11,0x00,0x01,0x99,0xaa,0x81,0xb3,0xa9,0x62,0xb0,0xfb,0x06,0x08,
 0x40,0x80,0x25,0x9a,0xaa,0x83,0xb2,0xa9,0x81,0xb0,0xfb,0x0a,0x18,0xe0,0x9f,0x48,
 0x13,0xaa,0x63,0xb2,0xa9,0x60,0xb1,0xfb,0xb3,0x1c,0xf0,0x90,0x00,0x02,0xaa,0x60,
 0xb2,0xa9,0x63,0xb1,0xfb,0x08,0x14,0x90,0x00,0xb4,0x99,0xaa,0x81,0xb3,0xa9,0x80,
 0xb2,0xfb,0xfe,0x31,0xe0,0x80,0xc5,0x03,0xaa,0x60,0xb3,0xa9,0x61,0xb2,0xfb,0x03,
 0x0c,0x50,0x00,0x0f,0x9a,0xaa,0x82,0xb3,0xa9,0x60,0xb1,0xfb,0x08,0x08,0x20,0x40,
 0x06,0x83,0xaa,0x83,0xb0,0xa9,0x81,0xb2,0xfb,0x81,0x87,0x75,0x81,0x00,0x08,0xaa,
 0x61,0xb0,0xa9,0x63,0xb2,0xfb,0x0b,0x64,0x00,0x0b,0x02,0x91,0xaa,0x82,0xb1,0xa9,
 0x80,0xb3,0xfb,0x12,0x08,0x10,0xd8,0x99,0x1a,0xaa,0x62,0xb3,0xa9,0x60,0xb1,0xfb,
 0x0f,0x58,0x80,0xb8,0xec,0x13,0xaa,0x62,0xb3,0xa9,0x60,0xb1,0xfb,0x1c,0x28,0x10,
 0x40,0x24,0x8b,0xaa,0x81,0xb3,0xa9,0x62,0xb0,0xfb,0x05,0x2c,0xa0,0xc0,0x44,0x9a,
 0xaa,0x82,0xb3,0xa9,0x81,0xb0,0xfb,0x09,0xb0,0x17,0x00,0x02,0x19,0xaa,0x61,0xb3,
 0xa9,0x62,0xb0,0xfb,0x09,0x04,0x80,0x80,0xd4,0x8b,0xaa,0x81,0xb3,0xa9,0x62,0xb0,
 0xfb,0x02,0x04,0xf0,0xc4,0x11,0x13,0xaa,0x63,0xb2,0xa9,0x61,0xb0,0xfb,0x13,0x09,
 0xa0,0x40,0x00,0x88,0xaa,0x81,0xb0,0xa9,0x63,0xb2,0xfb,0x0b,0x2c,0xa0,0x4f,0x01,
 0x82,0xaa,0x80,0xb2,0xa9,0x81,0xb3,0xfb,0x01,0xc4,0x6e,0x41,0x33,0x0b,0xaa,0x63,
 0xb1,0xa9,0x60,0xb2,0xfb,0x06,0x10,0x40,0x5f,0x00,0x9a,0xaa,0x83,0xb2,0xa9,0x61,
 0xb0,0xfb,0x04,0x20,0x00,0x19,0x01,0x82,0xaa,0x80,0xb2,0xa9,0x83,0xb1,0xfb,0x06,
 0x18,0x40,0x05,0x81,0x13,0xaa,0x63,0xb2,0xa9,0x60,0xb1,0xfb,0x0e,0x40,0x41,0x81,
 0x04,0x8a,0xaa,0x82,0xb1,0xa9,0x60,0xb3,0xfb,0xad,0xe4,0x45,0xc0,0x01,0x01,0xaa,
 0x60,0xb1,0xa9,0x62,0xb3,0xfb,0x1e,0x2c,0x40,0x40,0x06,0x83,0xaa,0x83,0xb0,0xa9,
 0x61,0xb2,0xfb,0x06,0x30,0x80,0x0c,0x02,0x8a,0xaa,0x81,0xb2,0xa9,0x80,0xb3,0xfb,
 0x04,0x14,0x85,0x80,0x05,0x8a,0xaa,0x81,0xb2,0xa9,0x63,0xb0,0xfb,0x09,0x60,0x29,
 0xc0,0x00,0x99,0xaa,0x82,0xb1,0xa9,0x63,0xb0,0xfb,0x7d,0x2a,0xb0,0x2f,0x01,0x02,
 0xaa,0x60,0xb2,0xa9,0x61,0xb3,0xfb,0x8c,0x3c,0x50,0x00,0x04,0x81,0xaa,0x80,0xb1,
 0xa9,0x63,0xb2,0xfb,0x75,0x1a,0x70,0x44,0x00,0x02,0xaa,0x60,0xb2,0xa9,0x63,0xb1,
 0xfb,0xc8,0x0c,0x30,0xc0,0x00,0x81,0xaa,0x80,0xb1,0xa9,0x62,0xb3,0xfb,0x04,0x48,
 0x61,0xa0,0x00,0x11,0xaa,0x62,0xb1,0xa9,0x63,0xb0,0xfb,0x10,0xf4,0x21,0x81,0x00,
 0x88,0xaa,0x81,0xb0,0xa9,0x62,0xb3,0xfb,0x0c,0x10,0x90,0x00,0x4b,0x98,0xaa,0x80,
 0xb3,0xa9,0x81,0xb2,0xfb,0x03,0xb8,0x62,0x94,0x00,0x11,0xaa,0x61,0xb2,0xa9,0x63,
 0xb0,0xfb,0xaf,0x0c,0x00,0x41,0x06,0x82,0xaa,0x82,0xb0,0xa9,0x63,0xb1,0xfb,0x01,
 0x0c,0x80,0x15,0x0e,0x1a,0xaa,0x62,0xb3,0xa9,0x60,0xb1,0xfb,0x30,0xc8,0xc0,0x00,
 0x03,0x81,0xaa,0x80,0xb1,0xa9,0x62,0xb3,0xfb,0x04,0x60,0x69,0x00,0x01,0x81,0xaa,
 0x80,0xb1,0xa9,0x83,0xb2,0xfb,0x02,0xdc,0x93,0x40,0xd5,0x0b,0xaa,0x61,0xb3,0xa9,
 0x60,0xb2,0xfb,0x0a,0x1c,0xa0,0x80,0x2a,0x83,0xaa,0x80,0xb3,0xa9,0x62,0xb1,0xfb,
 0x14,0xd4,0x73,0xc0,0x01,0x88,0xaa,0x80,0xb1,0xa9,0x82,0xb3,0xfb,0xa8,0x22,0x40,
 0x00,0x82,0x18,0xaa,0x63,0xb0,0xa9,0x62,0xb1,0xfb,0xfa,0x60,0xa0,0x40,0x00,0x82,
 0xaa,0x82,0xb0,0xa9,0x63,0xb1,0xfb,0x08,0x28,0x80,0x00,0xa0,0x99,0xaa,0x81,0xb3,
 0xa9,0x80,0xb2,0xfb,0xd5,0x2a,0x30,0xc0,0x8f,0x18,0xaa,0x63,0xb0,0xa9,0x61,0xb2,
 0xfb,0x03,0x34,0x40,0x00,0x64,0x93,0xaa,0x82,0xb3,0xa9,0x61,0xb0,0xfb,0x09,0x24,
 0xc0,0xeb,0x01,0x90,0xaa,0x82,0xb0,0xa9,0x83,0xb1,0xfb,0x65,0x6f,0xab,0x80,0x01,
 0x01,0xaa,0x61,0xb0,0xa9,0x62,0xb3,0xfb,0x0a,0x04,0x80,0x40,0x1f,0x9a,0xaa,0x83,
 0xb2,0xa9,0x81,0xb0,0xfb,0xd3,0x67,0x1e,0x80,0x04,0x08,0xaa,0x61,0xb0,0xa9,0x62,
 0xb3,0xfb,0x0c,0x0c,0x40,0xdf,0x00,0x8a,0xaa,0x81,0xb2,0xa9,0x60,0xb3,0xfb,0x0c,
 0x0c,0x80,0x82,0x16,0x93,0xaa,0x82,0xb3,0xa9,0x80,0xb1,0xfb,0x01,0xc0,0xfa,0x00,
 0xe4,0x19,0xaa,0x61,0xb3,0xa9,0x60,0xb2,0xfb,0x05,0x1c,0x80,0x80,0x25,0x93,0xaa,
 0x83,0xb2,0xa9,0x60,0xb1,0xfb,0x04,0x04,0x70,0xc0,0x2b,0x98,0xaa,0x81,0xb0,0xa8,
 0x93,0xb2,0xfb,0x52,0xa9,0x35,0x00,0x01,0x01,0xaa,0x60,0xb1,0xa9,0x62,0xb3,0xfb,
 0x04,0x30,0x20,0x03,0x18,0x93,0xaa,0x82,0xb3,0xa9,0x81,0xb0,0xfb,0x07,0x0c,0x40,
 0x26,0x61,0x1a,0xaa,0x63,0xb2,0xa9,0x61,0xb0,0xfb,0x0b,0x70,0x70,0xc0,0x44,0x8b,
 0xaa,0x83,0xb1,0xa9,0x80,0xb2,0xfb,0x0b,0x48,0x28,0xb0,0x00,0x0a,0xaa,0x61,0xb2,
 0xa9,0x60,0xb3,0xfb,0x02,0x5c,0x40,0x40,0x9c,0x93,0xaa,0x82,0xb3,0xa9,0x60,0xb1,
 0xfb,0x01,0x10,0xa0,0x8f,0x02,0x8a,0xaa,0x80,0xb1,0xa8,0x92,0xb3,0xfb,0x18,0x05,
 0x30,0x00,0x1e,0x18,0xaa,0x63,0xb0,0xa9,0x61,0xb2,0xfb,0x32,0x18,0x10,0x80,0x00,
 0x81,0xaa,0x80,0xb1,0xa9,0x62,0xb3,0xfb,0x0e,0x04,0x20,0xc3,0x01,0x82,0xaa,0x81,
 0xb2,0xa8,0x90,0xb3,0xfb,0x08,0xec,0x1d,0xe6,0x01,0x0a,0xaa,0x62,0xb1,0xa9,0x63,
 0xb0,0xfb,0x0d,0xdc,0x25,0x00,0x01,0x8b,0xaa,0x81,0xb3,0xa9,0x60,0xb2,0xfb,0x96,
 0x0c,0x60,0xc1,0x02,0x90,0xaa,0x80,0xb2,0xa9,0x83,0xb1,0xfb,0xe3,0x04,0x10,0x11,
 0x01,0x02,0xaa,0x60,0xb2,0xa9,0x61,0xb3,0xfb,0x0a,0x64,0x40,0xc3,0x00,0x8a,0xaa,
 0x81,0xb2,0xa9,0x60,0xb3,0xfb,0x04,0x1c,0xe0,0x00,0x32,0x9a,0xaa,0x82,0xb3,0xa9,
 0x80,0xb1,0xfb,0x01,0x0c,0xc0,0x18,0x01,0x1a,0xaa,0x62,0xb3,0xa9,0x60,0xb1,0xfb,
 0x04,0x04,0x80,0x00,0x32,0x83,0xaa,0x81,0xb0,0xa8,0x93,0xb2,0xfb,0x0e,0x14,0x00,
 0x39,0xf7,0x1a,0xaa,0x62,0xb3,0xa9,0x60,0xb1,0xfb,0x07,0x28,0x20,0xb5,0x00,0x93,
 0xaa,0x83,0xb2,0xa9,0x61,0xb0,0xfb,0x07,0x04,0x10,0x4c,0x00,0x02,0xaa,0x62,0xb0,
 0xa9,0x61,0xb3,0xfb,0x08,0x0c,0x1f,0x6e,0x02,0x0a,0xaa,0x62,0xb1,0xa9,0x60,0xb3,
 0xfb,0x0a,0x6c,0x8e,0x40,0xdb,0x19,0xaa,0x63,0xb1,0xa9,0x60,0xb2,0xfb,0x0e,0x98,
 0x48,0x00,0x02,0x8a,0xaa,0x82,0xb1,0xa9,0x60,0xb3,0xfb,0x19,0x18,0x50,0x00,0x1e,
 0x83,0xaa,0x83,0xb0,0xa9,0x82,0xb1,0xfb,0x06,0x24,0xbb,0xfd,0x02,0x11,0xaa,0x61,
 0xb2,0xa9,0x63,0xb0,0xfb,0x02,0x08,0x00,0x41,0x06,0x9a,0xaa,0x82,0xb3,0xa9,0x80,
 0xb1,0xfb,0x0b,0x2c,0x81,0x85,0x01,0x8a,0xaa,0x81,0xb2,0xa9,0x80,0xb3,0xfb,0x01,
 0x0c,0x10,0xc9,0x3f,0x13,0xaa,0x62,0xb3,0xa9,0x60,0xb1,0xfb,0x02,0x60,0x69,0x01,
 0x01,0x8b,0xaa,0x83,0xb1,0xa9,0x60,0xb2,0xfb,0x8c,0x2c,0x70,0xc3,0x01,0x82,0xaa,
 0x80,0xb2,0xa9,0x81,0xb3,0xfb,0x93,0x67,0x3f,0x00,0x04,0x08,0xaa,0x60,0xb1,0xa9,
 0x63,0xb2,0xfb,0x08,0x04,0x10,0x40,0x06,0x83,0xaa,0x83,0xb0,0xa9,0x61,0xb2,0xfb,
 0x32,0x10,0x80,0x42,0x01,0x82,0xaa,0x82,0xb0,0xa9,0x81,0xb3,0xfb,0xdd,0x05,0xd0,
 0xc0,0xe6,0x03,0xaa,0x60,0xb3,0xa9,0x61,0xb2,0xfb,0x22,0x34,0x20,0x03,0x01,0x90,
 0xaa,0x80,0xb2,0xa9,0x61,0xb3,0xfb,0x02,0x0c,0xf0,0x45,0x65,0x13,0xaa,0x63,0xb2,
 0xa9,0x60,0xb1,0xfb,0x04,0x48,0x20,0x00,0x7d,0x98,0xaa,0x80,0xb3,0xa9,0x61,0xb2,
 0xfb,0x01,0x44,0x71,0x47,0x00,0x0a,0xaa,0x62,0xb1,0xa9,0x60,0xb3,0xfb,0x28,0x30,
 0x40,0x00,0x0a,0x98,0xaa,0x80,0xb3,0xa9,0x61,0xb2,0xfb,0x28,0x78,0x30,0x00,0x01,
 0x88,0xaa,0x82,0xb1,0xa6,0x90,0xb3,0xfb,0x02,0xc0,0xca,0x40,0x01,0x11,0xaa,0x62,
 0xb1,0xa9,0x60,0xb3,0xfb,0x0b,0x18,0x41,0xc1,0x00,0x8a,0xaa,0x82,0xb1,0xa9,0x60,
 0xb3,0xfb,0x03,0x60,0x20,0x40,0x06,0x99,0xaa,0x81,0xb3,0xa9,0x82,0xb0,0xfb,0x27,
 0xa5,0x21,0x80,0x00,0x08,0xaa,0x61,0xb0,0xa9,0x82,0xb3,0xfb,0x4c,0x20,0x90,0xc1,
 0x02,0x90,0xaa,0x82,0xb0,0xa9,0x63,0xb1,0xfb,0x02,0xa0,0xb0,0xc0,0x0d,0x8b,0xaa,
 0x81,0xb3,0xa9,0x82,0xb0,0xfb,0x03,0x1c,0x25,0x40,0x2b,0x19,0xaa,0x63,0xb1,0xa9,
 0x62,0xb0,0xfb,0x10,0x40,0x20,0x03,0x10,0x9a,0xaa,0x82,0xb3,0xa9,0x60,0xb1,0xfb,
 0x2a,0x2b,0x90,0x40,0x02,0x88,0xaa,0x81,0xb0,0xa9,0x82,0xb3,0xfb,0x02,0x1c,0x20,
 0x40,0x62,0x0b,0xaa,0x63,0xb1,0xa9,0x80,0xb2,0xfb,0x01,0x50,0x10,0x80,0x02,0x8b,
 0xaa,0x83,0xb1,0xa9,0x60,0xb2,0xfb,0x04,0x14,0x80,0x80,0x3e,0x93,0xaa,0x83,0xb2,
 0xa9,0x80,0xb1,0xfb,0x01,0x74,0x35,0xc0,0x0c,0x19,0xaa,0x61,0xb3,0xa9,0x60,0xb2,
 0xfb,0x08,0x58,0xa2,0x80,0x00,0x88,0xaa,0x81,0xb0,0xa9,0x62,0xb3,0xfb,0x78,0x08,
 0x30,0x40,0x01,0x98,0xaa,0x80,0xb3,0xa9,0x81,0xb2,0xfb,0x03,0x10,0x70,0x5a,0x45,
 0x1a,0xaa,0x63,0xb2,0xa9,0x60,0xb1,0xfb,0x2c,0x09,0x70,0xc0,0x00,0x83,0xaa,0x83,
 0xb0,0xa9,0x61,0xb2,0xfb,0x20,0x0b,0x40,0x40,0x00,0x98,0xaa,0x83,0xb0,0xa9,0x81,
 0xb2,0xfb,0x05,0x14,0x50,0x00,0x7d,0x98,0xaa,0x80,0xb3,0xa9,0x81,0xb2,0xfb,0x63,
 0x05,0x10,0x22,0x02,0x10,0xaa,0x60,0xb2,0xa9,0x61,0xb3,0xfb,0x1b,0x04,0x40,0x00,
 0xaf,0x9a,0xaa,0x82,0xb3,0xa9,0x61,0xb0,0xfb,0x0c,0x24,0x80,0x81,0x70,0x9a,0xaa,
 0x82,0xb3,0xa9,0x80,0xb1,0xfb,0x0d,0x78,0x29,0xfe,0x00,0x0a,0xaa,0x61,0xb2,0xa9,
 0x60,0xb3,0xfb,0x03,0x60,0x20,0x43,0x02,0x8a,0xaa,0x81,0xb2,0xa9,0x60,0xb3,0xfb,
 0x50,0x2c,0x50,0x0a,0x03,0x90,0xaa,0x82,0xb0,0xa9,0x81,0xb3,0xfb,0x03,0x10,0x30,
 0x56,0x56,0x1a,0xaa,0x63,0xb2,0xa9,0x60,0xb1,0xfb,0x12,0x20,0xe0,0x00,0x64,0x8b,
 0xaa,0x83,0xb1,0xa9,0x62,0xb0,0xfb,0x19,0x08,0x00,0x04,0x02,0x90,0xaa,0x80,0xb2,
 0xa9,0x81,0xb3,0xfb,0x61,0x18,0x40,0xc0,0xe1,0x03,0xaa,0x63,0xb0,0xa9,0x62,0xb1,
 0xfb,0xaf,0x14,0x70,0x00,0x05,0x98,0xaa,0x80,0xb3,0xa9,0x81,0xb2,0xfb,0x7d,0xdc,
 0x25,0xc0,0x00,0x01,0xaa,0x60,0xb1,0xa9,0x62,0xb3,0xfb,0x28,0x80,0x82,0x00,0x02,
 0x88,0xaa,0x81,0xb0,0xa9,0x82,0xb3,0xfb,0x07,0x28,0x7c,0x80,0x9b,0x19,0xaa,0x63,
 0xb1,0xa9,0x60,0xb2,0xfb,0x28,0x3c,0x70,0xc3,0x01,0x82,0xaa,0x80,0xb2,0xa9,0x61,
 0xb3,0xfb,0x1e,0x1c,0x60,0xc4,0x00,0x82,0xaa,0x83,0xb0,0xa6,0x92,0xb1,0xfb,0x05,
 0xd8,0x62,0xa0,0x00,0x11,0xaa,0x61,0xb2,0xa9,0x63,0xb0,0xfb,0x06,0x4c,0x10,0x27,
 0x01,0x93,0xaa,0x83,0xb2,0xa9,0x61,0xb0,0xfb,0x70,0x36,0x10,0x00,0xc2,0x03,0xaa,
 0x60,0xb3,0xa9,0x62,0xb1,0xfb,0x04,0x10,0x50,0x40,0x38,0x83,0xaa,0x83,0xb0,0xa9,
 0x61,0xb2,0xfb,0x0b,0x10,0x80,0x8c,0x05,0x93,0xaa,0x82,0xb3,0xa9,0x80,0xb1,0xfb,
 0x04,0x1c,0x40,0x17,0xb6,0x1a,0xaa,0x62,0xb3,0xa9,0x60,0xb1,0xfb,0x03,0x30,0x20,
 0xc3,0x00,0x91,0xaa,0x81,0xb2,0xa9,0x60,0xb3,0xfb,0x09,0x0c,0xe0,0x81,0x16,0x9a,
 0xaa,0x81,0xb2,0xa6,0x93,0xb0,0xfb,0x07,0x4c,0x7f,0x40,0x69,0x19,0xaa,0x63,0xb1,
 0xa9,0x60,0xb2,0xfb,0x08,0x10,0x60,0x00,0x32,0x9a,0xaa,0x83,0xb2,0xa9,0x61,0xb0,
 0xfb,0x0a,0x08,0x80,0x8c,0x02,0x82,0xaa,0x80,0xb2,0xa9,0x83,0xb1,0xfb,0xab,0xe7,
 0x6b,0xc0,0x02,0x08,0xaa,0x61,0xb0,0xa9,0x63,0xb2,0xfb,0x0a,0x24,0xe0,0x86,0x00,
 0x82,0xaa,0x80,0xb2,0xa9,0x63,0xb1,0xfb,0x14,0x3c,0x30,0x40,0x00,0x88,0xaa,0x83,
 0xb0,0xa8,0x91,0xb2,0xfb,0x01,0xd0,0x41,0x45,0x00,0x0a,0xaa,0x61,0xb2,0xa9,0x60,
 0xb3,0xfb,0x2c,0xc8,0xf0,0xc0,0x01,0x88,0xaa,0x80,0xb1,0xa9,0x62,0xb3,0xfb,0x28,
 0x24,0x80,0x00,0x2d,0x98,0xaa,0x83,0xb0,0xa9,0x82,0xb1,0xfb,0x0f,0x40,0x20,0x83,
 0x0f,0x93,0xaa,0x82,0xb3,0xa9,0x60,0xb1,0xfb,0x09,0x50,0x50,0x59,0x02,0x91,0xaa,
 0x81,0xb2,0xa9,0x80,0xb3,0xfb,0x05,0x2b,0xb0,0x9a,0x00,0x02,0xaa,0x62,0xb0,0xa9,
 0x61,0xb3,0xfb,0x2d,0xa0,0x30,0x80,0x01,0x88,0xaa,0x81,0xb0,0xa9,0x82,0xb3,0xfb,
 0x0b,0xc8,0x4c,0x80,0xaa,0x19,0xaa,0x63,0xb1,0xa9,0x60,0xb2,0xfb,0x04,0x08,0x30,
 0x40,0x1f,0x98,0xaa,0x83,0xb0,0xa9,0x61,0xb2,0xfb,0x53,0x2f,0x30,0x40,0x89,0x18,
 0xaa,0x63,0xb0,0xa9,0x61,0xb2,0xfb,0x09,0x80,0x81,0xc0,0x12,0x99,0xaa,0x83,0xb1,
 0xa9,0x82,0xb0,0xfb,0x02,0x1c,0x90,0xf1,0x1a,0x13,0xaa,0x63,0xb2,0xa9,0x60,0xb1,
 0xfb,0x0c,0x14,0x80,0x82,0x25,0x9a,0xaa,0x83,0xb2,0xa9,0x80,0xb1,0xfb,0x02,0x2c,
 0xdc,0x0d,0x02,0x11,0xaa,0x62,0xb1,0xa9,0x60,0xb3,0xfb,0x0a,0x14,0xa0,0x8f,0x01,
 0x9a,0xaa,0x82,0xb3,0xa9,0x60,0xb1,0xfb,0x01,0xad,0x10,0x80,0x00,0x01,0xaa,0x60,
 0xb1,0xa9,0x62,0xb3,0xfb,0x1a,0xc8,0xc0,0x40,0x00,0x88,0xaa,0x80,0xb1,0xa9,0x63,
 0xb2,0xfb,0x0b,0x44,0xff,0x66,0x01,0x11,0xaa,0x62,0xb1,0xa9,0x60,0xb3,0xfb,0x0c,
 0x08,0xf0,0x00,0x28,0x93,0xaa,0x82,0xb3,0xa9,0x80,0xb1,0xfb,0xbe,0x9a,0x7f,0x80,
 0x02,0x08,0xaa,0x60,0xb1,0xa9,0x63,0xb2,0xfb,0x09,0x20,0x80,0xcc,0x01,0x8a,0xaa,
 0x82,0xb1,0xa9,0x63,0xb0,0xfb,0xfc,0x64,0x70,0x40,0x02,0x81,0xaa,0x81,0xb0,0xa9,
 0x82,0xb3,0xfb,0x02,0xa8,0xe7,0x1f,0x02,0x11,0xaa,0x61,0xb2,0xa9,0x60,0xb3,0xfb,
 0x4b,0x08,0x30,0x00,0x02,0x98,0xaa,0x80,0xb3,0xa9,0x81,0xb2,0xfb,0x01,0x70,0xc5,
 0x00,0xee,0x19,0xaa,0x61,0xb3,0xa9,0x60,0xb2,0xfb,0x02,0x40,0x76,0x40,0x00,0x88,
 0xaa,0x80,0xb1,0xa9,0x63,0xb2,0xfb,0x7d,0x2f,0x9e,0x40,0x02,0x01,0xaa,0x60,0xb1,
 0xa9,0x62,0xb3,0xfb,0x05,0x20,0x50,0x40,0x1f,0x8b,0xaa,0x83,0xb1,0xa9,0x60,0xb2,
 0xfb,0x06,0x58,0xb0,0x00,0x4b,0x8b,0xaa,0x81,0xb3,0xa9,0x82,0xb0,0xfb,0x03,0x80,
 0x4a,0x00,0x07,0x0b,0xaa,0x63,0xb1,0xa9,0x60,0xb2,0xfb,0x02,0xc8,0x20,0x00,0x02,
 0x8b,0xaa,0x81,0xb3,0xa9,0x80,0xb2,0xfb,0x56,0x08,0x60,0x80,0xb2,0x18,0xaa,0x63,
 0xb0,0xa9,0x61,0xb2,0xfb,0x01,0x14,0x80,0x82,0x00,0x91,0xaa,0x80,0xb1,0xa8,0x92,
 0xb3,0xfb,0xd2,0x3b,0x30,0x80,0xb4,0x18,0xaa,0x63,0xb0,0xa9,0x61,0xb2,0xfb,0x30,
 0x16,0x70,0x40,0x05,0x88,0xaa,0x81,0xb0,0xa9,0x63,0xb2,0xfb,0x04,0x00,0x5a,0x00,
 0x02,0x8a,0xaa,0x80,0xb2,0xa6,0x91,0xb3,0xfb,0x91,0x04,0x70,0x5c,0x01,0x02,0xaa,
 0x60,0xb2,0xa9,0x61,0xb3,0xfb,0xd4,0x17,0x70,0xc0,0x01,0x88,0xaa,0x81,0xb0,0xa9,
 0x82,0xb3,0xfb,0x9a,0x0c,0x20,0x22,0x01,0x10,0xaa,0x60,0xb2,0xa9,0x61,0xb3,0xfb,
 0x14,0x44,0x70,0x00,0x1e,0x98,0xaa,0x83,0xb0,0xa9,0x61,0xb2,0xfb,0x0b,0x28,0x30,
 0x11,0x0a,0x9a,0xaa,0x82,0xb3,0xa9,0x81,0xb0,0xfb,0xf7,0x0c,0x60,0x40,0xa3,0x18,
 0xaa,0x60,0xb3,0xa9,0x61,0xb2,0xfb,0x03,0x14,0xa0,0x00,0x7d,0x98,0xaa,0x80,0xb3,
 0xa9,0x62,0xb1,0xfb,0x01,0x04,0x90,0xc4,0x1f,0x1a,0xaa,0x63,0xb2,0xa9,0x60,0xb1,
 0xfb,0x12,0x08,0x80,0x8c,0x02,0x9a,0xaa,0x83,0xb2,0xa9,0x60,0xb1,0xfb,0x09,0x68,
 0x91,0x80,0x16,0x99,0xaa,0x81,0xb3,0xa9,0x80,0xb2,0xfb,0x04,0x9c,0x7c,0x40,0x49,
 0x0b,0xaa,0x63,0xb1,0xa9,0x60,0xb2,0xfb,0x02,0x40,0xd0,0x87,0x02,0x8a,0xaa,0x82,
 0xb1,0xa9,0x83,0xb0,0xfb,0x41,0x5c,0x28,0x00,0x01,0x01,0xaa,0x61,0xb0,0xa9,0x62,
 0xb3,0xfb,0x0a,0x08,0xc2,0x40,0x00,0x88,0xaa,0x80,0xb1,0xa9,0x63,0xb2,0xfb,0x02,
 0x2c,0xb0,0x00,0x32,0x99,0xaa,0x81,0xb3,0xa9,0x82,0xb0,0xfb,0x03,0x22,0x10,0x71,
 0x01,0x02,0xaa,0x60,0xb2,0xa9,0x63,0xb1,0xfb,0x09,0xe8,0x13,0x00,0x01,0x99,0xaa,
 0x81,0xb3,0xa9,0x62,0xb0,0xfb,0x32,0xc0,0xc0,0x80,0x00,0x81,0xaa,0x81,0xb0,0xa9,
 0x82,0xb3,0xfb,0x0a,0x18,0x70,0x74,0xbe,0x13,0xaa,0x63,0xb2,0xa9,0x60,0xb1,0xfb,
 0x0d,0x64,0xf0,0x00,0x1c,0x8b,0xaa,0x83,0xb1,0xa9,0x60,0xb2,0xfb,0x07,0x20,0x80,
 0x22,0xed,0x13,0xaa,0x62,0xb3,0xa9,0x60,0xb1,0xfb,0x05,0xd4,0x39,0x70,0x02,0x0a,
 0xaa,0x61,0xb2,0xa9,0x60,0xb3,0xfb,0x19,0xe0,0xa6,0xc0,0x02,0x88,0xaa,0x80,0xb1,
 0xa9,0x82,0xb3,0xfb,0x32,0x44,0x80,0xc2,0x00,0x90,0xaa,0x82,0xb0,0xa9,0x61,0xb3,
 0xfb,0x08,0x20,0x53,0x00,0x05,0x99,0xaa,0x83,0xb1,0xa9,0x82,0xb0,0xfb,0x02,0x90,
 0x47,0x00,0x1d,0x19,0xaa,0x63,0xb1,0xa9,0x60,0xb2,0xfb,0x0a,0x44,0x90,0x00,0x4b,
 0x9a,0xaa,0x83,0xb2,0xa9,0x60,0xb1,0xfb,0x30,0x04,0xc0,0x8f,0x00,0x02,0xaa,0x62,
 0xb0,0xa9,0x61,0xb3,0xfb,0x32,0x08,0x00,0x84,0x07,0x82,0xaa,0x80,0xb2,0xa9,0x61,
 0xb3,0xfb,0x07,0x08,0xc0,0xab,0x00,0x91,0xaa,0x81,0xb2,0xa9,0x83,0xb0,0xfb,0x29,
 0x0f,0x70,0xc0,0x2f,0x18,0xaa,0x63,0xb0,0xa9,0x61,0xb2,0xfb,0x15,0x30,0x27,0x40,
 0x01,0x8b,0xaa,0x81,0xb3,0xa9,0x62,0xb0,0xfb,0x0f,0x28,0xc0,0x00,0xc8,0x83,0xaa,
 0x80,0xb3,0xa9,0x81,0xb2,0xfb,0x07,0xec,0x99,0xa9,0x01,0x11,0xaa,0x61,0xb2,0xa9,
 0x63,0xb0,0xfb,0x96,0x14,0xe0,0x41,0x02,0x82,0xaa,0x80,0xb2,0xa9,0x81,0xb3,0xfb,
 0x01,0x10,0x40,0x4c,0x00,0x11,0xaa,0x62,0xb1,0xa9,0x60,0xb3,0xfb,0x01,0x20,0x83,
 0xc0,0x03,0x8a,0xaa,0x81,0xb2,0xa9,0x60,0xb3,0xfb,0x70,0x3f,0xb0,0x00,0x03,0x88,
 0xaa,0x81,0xb0,0xa9,0x82,0xb3,0xfb,0x5b,0x84,0x29,0x40,0x01,0x01,0xaa,0x61,0xb0,
 0xa9,0x62,0xb3,0xfb,0xfa,0x0c,0x40,0xc0,0x01,0x90,0xaa,0x80,0xb2,0xa9,0x61,0xb3,
 0xfb,0x14,0x0c,0x20,0x80,0x07,0x83,0xaa,0x80,0xb3,0xa9,0x82,0xb1,0xfb,0xb3,0x0e,
 0xd0,0x78,0x03,0x10,0xaa,0x60,0xb2,0xa9,0x63,0xb1,0xfb,0x05,0x30,0x40,0x41,0x15,
 0x93,0xaa,0x82,0xb3,0xa9,0x61,0xb0,0xfb,0x12,0x98,0x40,0x46,0x00,0x91,0xaa,0x82,
 0xb1,0xa9,0x63,0xb0,0xfb,0x06,0xa0,0x70,0x80,0x34,0x8b,0xaa,0x83,0xb1,0xa9,0x80,
 0xb2,0xfb,0xca,0x13,0x60,0x27,0x01,0x10,0xaa,0x62,0xb0,0xa9,0x61,0xb3,0xfb,0x01,
 0x28,0xe1,0xa0,0x00,0x0a,0xaa,0x62,0xb1,0xa9,0x60,0xb3,0xfb,0x0a,0x10,0x20,0xf5,
 0x01,0x8a,0xaa,0x81,0xb2,0xa9,0x60,0xb3,0xfb,0x0c,0x20,0xc0,0x52,0x00,0x8a,0xaa,
 0x83,0xb1,0xa8,0x92,0xb0,0xfb,0x6d,0x8c,0x14,0x40,0x00,0x08,0xaa,0x60,0xb1,0xa9,
 0x62,0xb3,0xfb,0x01,0xc8,0x80,0x40,0x00,0x91,0xaa,0x81,0xb2,0xa9,0x60,0xb3,0xfb,
 0x14,0x18,0x50,0x00,0x4b,0x83,0xaa,0x80,0xb3,0xa9,0x82,0xb1,0xfb,0x9b,0xb7,0x2d,
 0xc0,0x01,0x08,0xaa,0x61,0xb0,0xa9,0x62,0xb3,0xfb,0x19,0x00,0x34,0x40,0x07,0x88,
 0xaa,0x80,0xb1,0xa9,0x63,0xb2,0xfb,0x0b,0x70,0x70,0x80,0x89,0x8b,0xaa,0x81,0xb3,
 0xa9,0x80,0xb2,0xfb,0x03,0x58,0x11,0x80,0xb2,0x0b,0xaa,0x63,0xb1,0xa9,0x62,0xb0,
 0xfb,0x28,0x14,0x10,0x09,0x06,0x90,0xaa,0x82,0xb0,0xa9,0x63,0xb1,0xfb,0x08,0x00,
 0x22,0x03,0x01,0x8a,0xaa,0x81,0xb2,0xa9,0x83,0xb0,0xfb,0x04,0x0c,0x39,0x40,0xcd,
 0x19,0xaa,0x61,0xb3,0xa9,0x62,0xb0,0xfb,0x05,0x28,0x60,0x00,0xa0,0x98,0xaa,0x80,
 0xb3,0xa9,0x61,0xb2,0xfb,0x49,0x12,0x20,0xc0,0x99,0x03,0xaa,0x60,0xb3,0xa9,0x62,
 0xb1,0xfb,0xbc,0x3a,0x80,0x80,0x03,0x90,0xaa,0x80,0xb2,0xa9,0x61,0xb3,0xfb,0x03,
 0x08,0x50,0xf1,0x34,0x13,0xaa,0x63,0xb2,0xa9,0x61,0xb0,0xfb,0x11,0x2c,0x60,0x04,
 0x14,0x9a,0xaa,0x82,0xb3,0xa9,0x61,0xb0,0xfb,0x07,0xc8,0x40,0xcc,0x01,0x91,0xaa,
 0x82,0xb1,0xa9,0x80,0xb3,0xfb,0x01,0x34,0x3d,0xef,0x01,0x0a,0xaa,0x62,0xb1,0xa9,
 0x60,0xb3,0xfb,0x10,0x14,0x80,0x00,0x7d,0x83,0xaa,0x80,0xb3,0xa9,0x81,0xb2,0xfb,
 0x02,0x0c,0x52,0x5d,0x00,0x11,0xaa,0x61,0xb2,0xa9,0x63,0xb0,0xfb,0x02,0x64,0x00,
 0x82,0x00,0x91,0xaa,0x81,0xb2,0xa9,0x80,0xb3,0xfb,0x01,0xa0,0x80,0x00,0x0a,0x99,
 0xaa,0x80,0xb1,0xa8,0x93,0xb2,0xfb,0x05,0x14,0x10,0x00,0x3c,0x98,0xaa,0x83,0xb0,
 0xa9,0x62,0xb1,0xfb,0x5a,0x0c,0x30,0x00,0x05,0x83,0xaa,0x83,0xb0,0xa9,0x81,0xb2,
 0xfb,0x30,0x63,0x2f,0xc0,0x01,0x08,0xaa,0x60,0xb1,0xa9,0x62,0xb3,0xfb,0x64,0x08,
 0xe0,0x40,0x01,0x82,0xaa,0x80,0xb2,0xa9,0x61,0xb3,0xfb,0x0c,0x64,0xa0,0x00,0xf0,
 0x99,0xaa,0x81,0xb3,0xa9,0x82,0xb0,0xfb,0x7a,0x0e,0x10,0x80,0x29,0x03,0xaa,0x63,
 0xb0,0xa9,0x62,0xb1,0xfb,0x19,0x04,0x00,0x41,0x00,0x82,0xaa,0x82,0xb0,0xa9,0x61,
 0xb3,0xfb,0x0b,0x04,0x20,0x03,0x0b,0x9a,0xaa,0x81,0xb2,0xa8,0x93,0xb0,0xfb,0x83,
 0xd6,0x6b,0x40,0x00,0x01,0xaa,0x60,0xb1,0xa9,0x63,0xb2,0xfb,0x0e,0x34,0x90,0x00,
 0x96,0x9a,0xaa,0x83,0xb2,0xa9,0x61,0xb0,0xfb,0x20,0x13,0x90,0x40,0x02,0x82,0xaa,
 0x80,0xb2,0xa9,0x81,0xb3,0xfb,0x97,0x0a,0x40,0x40,0x86,0x03,0xaa,0x63,0xb0,0xa9,
 0x61,0xb2,0xfb,0x50,0x3c,0xc0,0x43,0x02,0x90,0xaa,0x82,0xb0,0xa9,0x61,0xb3,0xfb,
 0xbc,0x0e,0x60,0xc0,0x01,0x90,0xaa,0x82,0xb0,0xa9,0x81,0xb3,0xfb,0x7f,0xa6,0x15,
 0x00,0x01,0x01,0xaa,0x61,0xb0,0xa9,0x62,0xb3,0xfb,0x09,0xa0,0xb0,0x00,0x19,0x99,
 0xaa,0x83,0xb1,0xa9,0x62,0xb0,0xfb,0x16,0xd0,0xb7,0x40,0x01,0x81,0xaa,0x80,0xb1,
 0xa9,0x82,0xb3,0xfb,0x04,0x88,0x6e,0x76,0x01,0x0a,0xaa,0x62,0xb1,0xa9,0x60,0xb3,
 0xfb,0x05,0x10,0x00,0xf2,0x02,0x91,0xaa,0x81,0xb2,0xa9,0x63,0xb0,0xfb,0x02,0x0c,
 0x80,0xa5,0x00,0x90,0xaa,0x80,0xb2,0xa9,0x83,0xb1,0xfb,0x8f,0x04,0x10,0x40,0x40,
 0x03,0xaa,0x60,0xb3,0xa9,0x61,0xb2,0xfb,0x0a,0xb0,0x99,0x80,0x05,0x81,0xaa,0x80,
 0xb1,0xa9,0x63,0xb2,0xfb,0x70,0x1c,0x40,0x80,0x0c,0x98,0xaa,0x80,0xb3,0xa9,0x82,
 0xb1,0xfb,0x01,0x14,0xa0,0x00,0x6e,0x99,0xaa,0x83,0xb1,0xa9,0x60,0xb2,0xfb,0x08,
 0x90,0x01,0x04,0x01,0x8a,0xaa,0x81,0xb2,0xa9,0x83,0xb0,0xfb,0x07,0xc8,0xe9,0x7c,
 0x00,0x0a,0xaa,0x61,0xb2,0xa9,0x63,0xb0,0xfb,0x02,0xc0,0x91,0x01,0x03,0x91,0xaa,
 0x81,0xb2,0xa9,0x63,0xb0,0xfb,0x0f,0x04,0xc0,0x00,0x28,0x98,0xaa,0x80,0xb3,0xa9,
 0x81,0xb2,0xfb,0x01,0xe4,0xf2,0x32,0x01,0x11,0xaa,0x61,0xb2,0xa9,0x60,0xb3,0xfb,
 0xb8,0x15,0x70,0x00,0x01,0x81,0xaa,0x80,0xb1,0xa9,0x63,0xb2,0xfb,0x01,0x14,0x20,
 0xa2,0xa3,0x13,0xaa,0x62,0xb3,0xa9,0x60,0xb1,0xfb,0x05,0xe0,0x11,0x80,0x00,0x81,
 0xaa,0x81,0xb0,0xa9,0x62,0xb3,0xfb,0x4a,0x2d,0x60,0x00,0x0a,0x98,0xaa,0x80,0xb3,
 0xa9,0x81,0xb2,0xfb,0x05,0xa8,0xed,0xa0,0x00,0x0a,0xaa,0x62,0xb1,0xa9,0x63,0xb0,
 0xfb,0xfa,0x10,0xa0,0x01,0x06,0x83,0xaa,0x83,0xb0,0xa9,0x62,0xb1,0xfb,0x0c,0x60,
 0xc9,0xc1,0x01,0x91,0xaa,0x82,0xb1,0xa9,0x80,0xb3,0xfb,0x03,0xe8,0x1b,0x80,0x09,
 0x19,0xaa,0x63,0xb1,0xa9,0x62,0xb0,0xfb,0x38,0x64,0x10,0xc0,0x01,0x88,0xaa,0x82,
 0xb1,0xa8,0x90,0xb3,0xfb,0x04,0xb4,0xbc,0x7d,0x01,0x11,0xaa,0x61,0xb2,0xa9,0x60,
 0xb3,0xfb,0xd5,0x06,0xc0,0x01,0x02,0x98,0xaa,0x80,0xb3,0xa9,0x61,0xb2,0xfb,0xd0,
 0x26,0x50,0x80,0x00,0x90,0xaa,0x82,0xb0,0xa9,0x83,0xb1,0xfb,0x01,0x04,0x30,0x55,
 0x0f,0x1a,0xaa,0x62,0xb3,0xa9,0x60,0xb1,0xfb,0x45,0x21,0x80,0x40,0x01,0x81,0xaa,
 0x80,0xb1,0xa9,0x63,0xb2,0xfb,0x78,0xdc,0xb0,0xc0,0x00,0x88,0xaa,0x80,0xb1,0xa9,
 0x82,0xb3,0xfb,0x56,0x08,0x10,0x80,0x80,0x18,0xaa,0x63,0xb0,0xa9,0x62,0xb1,0xfb,
 0x96,0x10,0xb0,0x00,0x05,0x83,0xaa,0x80,0xb3,0xa9,0x62,0xb1,0xfb,0x02,0xf4,0x3c,
 0xb0,0x01,0x11,0xaa,0x62,0xb1,0xa9,0x60,0xb3,0xfb,0x20,0x33,0x00,0xc1,0x01,0x98,
 0xaa,0x83,0xb0,0xa9,0x61,0xb2,0xfb,0x02,0x30,0x40,0xc6,0x00,0x91,0xaa,0x82,0xb1,
 0xa9,0x80,0xb3,0xfb,0x01,0x3c,0x9c,0x0d,0x01,0x0a,0xaa,0x62,0xb1,0xa9,0x60,0xb3,
 0xfb,0x02,0x80,0x91,0x81,0x02,0x91,0xaa,0x82,0xb1,0xa9,0x63,0xb0,0xfb,0x02,0x24,
 0xf0,0x00,0x3c,0x93,0xaa,0x82,0xb3,0xa9,0x80,0xb1,0xfb,0x8a,0x12,0x50,0x00,0x02,
 0x81,0xaa,0x81,0xb0,0xa9,0x62,0xb3,0xfb,0x05,0x08,0xc0,0x3c,0x6b,0x13,0xaa,0x63,
 0xb2,0xa9,0x61,0xb0,0xfb,0x01,0x04,0x00,0x45,0x01,0x93,0xaa,0x83,0xb2,0xa9,0x60,
 0xb1,0xfb,0x03,0x8c,0x8a,0x40,0x02,0x91,0xaa,0x81,0xb2,0xa9,0x80,0xb3,0xfb,0x03,
 0xac,0x17,0x40,0x4d,0x19,0xaa,0x63,0xb1,0xa9,0x62,0xb0,0xfb,0x0d,0x80,0xfc,0xc0,
 0x01,0x99,0xaa,0x83,0xb1,0xa9,0x60,0xb2,0xfb,0x02,0x24,0x90,0x00,0x64,0x99,0xaa,
 0x83,0xb1,0xa9,0x80,0xb2,0xfb,0x01,0x04,0x70,0x40,0x62,0x13,0xaa,0x63,0xb2,0xa9,
 0x60,0xb1,0xfb,0x64,0x14,0x60,0x00,0x0f,0x83,0xaa,0x80,0xb3,0xa9,0x81,0xb2,0xfb,
 0x3f,0x04,0x40,0x40,0xea,0x03,0xaa,0x60,0xb3,0xa9,0x61,0xb2,0xfb,0x0a,0x24,0x80,
 0x6f,0x01,0x9a,0xaa,0x83,0xb2,0xa9,0x60,0xb1,0xfb,0xe0,0x21,0xc0,0x00,0x0a,0x83,
 0xaa,0x83,0xb0,0xa9,0x82,0xb1,0xfb,0xf1,0x12,0xf0,0x34,0x01,0x02,0xaa,0x60,0xb2,
 0xa9,0x61,0xb3,0xfb,0xfa,0x10,0x20,0xc0,0x00,0x88,0xaa,0x80,0xb1,0xa9,0x62,0xb3,
 0xfb,0x26,0x06,0xb0,0x00,0x01,0x83,0xaa,0x81,0xb3,0xa8,0x90,0xb2,0xfb,0xaf,0x25,
 0x6f,0x40,0x00,0x01,0xaa,0x60,0xb1,0xa9,0x63,0xb2,0xfb,0x0a,0x24,0x20,0x00,0x5a,
 0x83,0xaa,0x80,0xb3,0xa9,0x82,0xb1,0xfb,0x01,0x7c,0x1c,0x59,0x01,0x11,0xaa,0x62,
 0xb1,0xa9,0x60,0xb3,0xfb,0x96,0x20,0x00,0x46,0x02,0x82,0xaa,0x80,0xb2,0xa9,0x81,
 0xb3,0xfb,0x06,0x40,0x3f,0x00,0xce,0x0b,0xaa,0x63,0xb1,0xa9,0x62,0xb0,0xfb,0x80,
 0x21,0x20,0x03,0x03,0x82,0xaa,0x80,0xb2,0xa9,0x83,0xb1,0xfb,0x02,0x08,0x90,0xd1,
 0x81,0x1a,0xaa,0x62,0xb3,0xa9,0x80,0xb1,0xfb,0x06,0x90,0x41,0x01,0x01,0x91,0xaa,
 0x81,0xb2,0xa9,0x63,0xb0,0xfb,0x07,0x2c,0x30,0x11,0x0e,0x93,0xaa,0x82,0xb3,0xa9,
 0x81,0xb0,0xfb,0x39,0x7c,0x18,0x80,0x00,0x08,0xaa,0x61,0xb0,0xa9,0x62,0xb3,0xfb,
 0x06,0x00,0x99,0x01,0x03,0x91,0xaa,0x82,0xb1,0xa9,0x83,0xb0,0xfb,0x01,0xa4,0x11,
 0xc0,0x49,0x0b,0xaa,0x61,0xb3,0xa9,0x60,0xb2,0xfb,0x08,0xbc,0x62,0x40,0x00,0x88,
 0xaa,0x81,0xb0,0xa9,0x63,0xb2,0xfb,0x14,0x78,0x75,0x40,0x01,0x88,0xaa,0x80,0xb1,
 0xa9,0x83,0xb2,0xfb,0x57,0x0b,0x10,0xc9,0x00,0x10,0xaa,0x62,0xb0,0xa9,0x61,0xb3,
 0xfb,0x0c,0x0c,0x70,0x17,0x02,0x9a,0xaa,0x82,0xb3,0xa9,0x60,0xb1,0xfb,0x20,0x0f,
 0x50,0x00,0xc8,0x18,0xaa,0x60,0xb3,0xa9,0x61,0xb2,0xfb,0x45,0x11,0x90,0x00,0x02,
 0x98,0xaa,0x80,0xb3,0xa9,0x61,0xb2,0xfb,0x0b,0xc0,0xad,0x40,0x06,0x99,0xaa,0x83,
 0xb1,0xa9,0x82,0xb0,0xfb,0x04,0x0c,0x30,0x78,0x7d,0x13,0xaa,0x63,0xb2,0xa9,0x61,
 0xb0,0xfb,0x18,0x70,0xa8,0xc0,0x00,0x8a,0xaa,0x82,0xb1,0xa9,0x60,0xb3,0xfb,0x05,
 0xe0,0x17,0x00,0xae,0x0b,0xaa,0x61,0xb3,0xa9,0x62,0xb0,0xfb,0x02,0x80,0xa7,0x00,
 0x03,0x8a,0xaa,0x82,0xb1,0xa9,0x83,0xb0,0xfb,0x03,0x8c,0x5e,0xb6,0x01,0x11,0xaa,
 0x62,0xb1,0xa9,0x60,0xb3,0xfb,0x1e,0x50,0x20,0x40,0x00,0x88,0xaa,0x81,0xb0,0xa9,
 0x63,0xb2,0xfb,0x05,0x90,0xa1,0x40,0x00,0x91,0xaa,0x83,0xb2,0xa8,0x91,0xb0,0xfb,
 0x02,0xb8,0x20,0xaf,0x00,0x11,0xaa,0x61,0xb2,0xa9,0x80,0xb3,0xfb,0x7d,0x38,0x80,
 0x41,0x00,0x82,0xaa,0x80,0xb2,0xa9,0x63,0xb1,0xfb,0x06,0x14,0x90,0x01,0x3c,0x93,
 0xaa,0x83,0xb2,0xa9,0x81,0xb0,0xfb,0x02,0x18,0x14,0x80,0x54,0x19,0xaa,0x61,0xb3,
 0xa9,0x62,0xb0,0xfb,0x12,0x08,0x70,0x00,0x19,0x98,0xaa,0x83,0xb0,0xa9,0x61,0xb2,
 0xfb,0x89,0x1c,0x14,0x40,0x00,0x08,0xaa,0x60,0xb1,0xa9,0x62,0xb3,0xfb,0x01,0x10,
 0x30,0x5d,0x85,0x13,0xaa,0x62,0xb3,0xa9,0x60,0xb1,0xfb,0x05,0x34,0x80,0x81,0x25,
 0x93,0xaa,0x83,0xb2,0xa9,0x61,0xb0,0xfb,0x40,0xf4,0x51,0x00,0x02,0x81,0xaa,0x81,
 0xb0,0xa9,0x82,0xb3,0xfb,0x05,0x0c,0x20,0xbb,0xa3,0x13,0xaa,0x63,0xb2,0xa9,0x61,
 0xb0,0xfb,0xc2,0x0d,0x40,0x80,0x01,0x90,0xaa,0x82,0xb0,0xa9,0x61,0xb3,0xfb,0x01,
 0x08,0x10,0x00,0x64,0x83,0xaa,0x80,0xb2,0xa8,0x93,0xb1,0xfb,0x06,0x04,0xd0,0xf5,
 0x86,0x1a,0xaa,0x63,0xb2,0xa9,0x61,0xb0,0xfb,0x0c,0x28,0x50,0x00,0x55,0x99,0xaa,
 0x81,0xb3,0xa9,0x60,0xb2,0xfb,0x2b,0x0f,0x50,0xd8,0x00,0x10,0xaa,0x62,0xb0,0xa9,
 0x61,0xb3,0xfb,0x14,0x00,0x85,0x00,0x01,0x88,0xaa,0x80,0xb1,0xa9,0x83,0xb2,0xfb,
 0x37,0x47,0x4f,0x40,0x01,0x08,0xaa,0x60,0xb1,0xa9,0x62,0xb3,0xfb,0x19,0x40,0x82,
 0x80,0x02,0x81,0xaa,0x81,0xb0,0xa9,0x63,0xb2,0xfb,0x37,0x0e,0x90,0x4e,0x00,0x10,
 0xaa,0x62,0xb0,0xa9,0x63,0xb1,0xfb,0x01,0xa0,0x00,0xc5,0x03,0x91,0xaa,0x81,0xb2,
 0xa9,0x60,0xb3,0xfb,0x7d,0x28,0x20,0x00,0x08,0x98,0xaa,0x80,0xb3,0xa9,0x81,0xb2,
 0xfb,0x7b,0x75,0x23,0x40,0x00,0x01,0xaa,0x61,0xb0,0xa9,0x63,0xb2,0xfb,0x0b,0x90,
 0xa1,0xc9,0x01,0x8a,0xaa,0x81,0xb2,0xa9,0x80,0xb3,0xfb,0x01,0xa0,0x82,0x4e,0x00,
 0x0a,0xaa,0x61,0xb2,0xa9,0x60,0xb3,0xfb,0xa8,0x1c,0xc0,0x00,0x19,0x83,0xaa,0x83,
 0xb0,0xa9,0x82,0xb1,0xfb,0x01,0x5c,0x4f,0x40,0x04,0x0b,0xaa,0x63,0xb1,0xa9,0x60,
 0xb2,0xfb,0x02,0xa0,0xf0,0x40,0x00,0x91,0xaa,0x82,0xb1,0xa9,0x63,0xb0,0xfb,0x0b,
 0x24,0x80,0x45,0x38,0x9a,0xaa,0x83,0xb2,0xa9,0x80,0xb1,0xfb,0x84,0xf3,0x7a,0x40,
 0x00,0x08,0xaa,0x61,0xb0,0xa9,0x63,0xb2,0xfb,0x01,0x40,0x91,0x41,0x10,0x99,0xaa,
 0x83,0xb1,0xa9,0x60,0xb2,0xfb,0x06,0xc0,0x90,0x40,0x38,0x99,0xaa,0x83,0xb1,0xa9,
 0x80,0xb2,0xfb,0x01,0x2c,0x6a,0x40,0xbb,0x19,0xaa,0x61,0xb3,0xa9,0x60,0xb2,0xfb,
 0x01,0x28,0x10,0x00,0x0a,0x99,0xaa,0x81,0xb3,0xa9,0x60,0xb2,0xfb,0xfa,0x10,0x00,
 0x41,0x01,0x82,0xaa,0x82,0xb0,0xa9,0x81,0xb3,0xfb,0xaf,0x40,0x50,0x40,0x02,0x88,
 0xaa,0x81,0xb0,0xa9,0x62,0xb3,0xfb,0x96,0x18,0x80,0xc5,0x02,0x90,0xaa,0x80,0xb2,
 0xa9,0x83,0xb1,0xfb,0xd3,0x1b,0x30,0x40,0xcd,0x03,0xaa,0x63,0xb0,0xa9,0x62,0xb1,
 0xfb,0x0d,0xc8,0x40,0x04,0x01,0x91,0xaa,0x81,0xb2,0xa9,0x60,0xb3,0xfb,0x06,0x80,
 0x20,0x1c,0x03,0x91,0xaa,0x81,0xb2,0xa9,0x83,0xb0,0xfb,0xb2,0x05,0xe0,0xd6,0x00,
 0x10,0xaa,0x62,0xb0,0xa9,0x61,0xb3,0xfb,0x41,0x58,0x40,0x00,0x14,0x98,0xaa,0x80,
 0xb3,0xa9,0x61,0xb2,0xfb,0x03,0x58,0x42,0x41,0x01,0x91,0xaa,0x81,0xb2,0xa9,0x80,
 0xb3,0xfb,0x02,0x60,0x02,0x5c,0x00,0x11,0xaa,0x61,0xb2,0xa9,0x63,0xb0,0xfb,0x03,
 0x5c,0x40,0x03,0x19,0x93,0xaa,0x83,0xb2,0xa9,0x61,0xb0,0xfb,0xc2,0x25,0xa0,0x00,
 0x0a,0x83,0xaa,0x83,0xb0,0xa9,0x82,0xb1,0xfb,0x4c,0x0e,0x20,0x00,0x67,0x03,0xaa,
 0x63,0xb0,0xa9,0x62,0xb1,0xfb,0x0c,0x40,0x00,0xa3,0x02,0x93,0xaa,0x83,0xb2,0xa9,
 0x60,0xb1,0xfb,0x03,0x34,0x3a,0xc0,0x88,0x0b,0xaa,0x63,0xb1,0xa9,0x60,0xb2,0xfb,
 0x02,0x0c,0x20,0x00,0x7d,0x83,0xaa,0x80,0xb3,0xa9,0x62,0xb1,0xfb,0x07,0xb4,0x90,
 0x00,0x46,0x99,0xaa,0x83,0xb1,0xa9,0x80,0xb2,0xfb,0x03,0x10,0xb0,0x6b,0xaf,0x1a,
 0xaa,0x62,0xb3,0xa9,0x60,0xb1,0xfb,0x64,0x10,0x00,0x85,0x02,0x82,0xaa,0x80,0xb2,
 0xa9,0x83,0xb1,0xfb,0x50,0x18,0x90,0x01,0x01,0x82,0xaa,0x82,0xb0,0xa9,0x63,0xb1,
 0xfb,0x0a,0x24,0x80,0x84,0x3e,0x93,0xaa,0x83,0xb2,0xa9,0x80,0xb1,0xfb,0x05,0x48,
 0x6e,0x37,0x01,0x0a,0xaa,0x62,0xb1,0xa9,0x63,0xb0,0xfb,0x09,0x18,0xb0,0x04,0x0a,
 0x93,0xaa,0x83,0xb2,0xa9,0x61,0xb0,0xfb,0x01,0x04,0x40,0x08,0x43,0x1a,0xaa,0x62,
 0xb3,0xa9,0x60,0xb1,0xfb,0x03,0x0c,0x40,0x01,0x0f,0x9a,0xaa,0x82,0xb3,0xa9,0x60,
 0xb1,0xfb,0x07,0x28,0x40,0x01,0xaf,0x9a,0xaa,0x82,0xb3,0xa9,0x81,0xb0,0xfb,0x01,
 0x98,0x21,0x80,0x7c,0x19,0xaa,0x61,0xb3,0xa9,0x60,0xb2,0xfb,0x0c,0x30,0x00,0x02,
 0xe1,0x93,0xaa,0x82,0xb3,0xa9,0x80,0xb1,0xfb,0xc7,0xe6,0x2d,0x80,0x01,0x01,0xaa,
 0x60,0xb1,0xa9,0x62,0xb3,0xfb,0x1c,0x32,0xa0,0xc0,0x03,0x90,0xaa,0x82,0xb0,0xa9,
 0x61,0xb3,0xfb,0x02,0x9c,0x15,0xe8,0x00,0x0a,0xaa,0x61,0xb2,0xa9,0x60,0xb3,0xfb,
 0x01,0x88,0x44,0x01,0x07,0x91,0xaa,0x82,0xb1,0xa9,0x60,0xb3,0xfb,0x09,0x28,0x10,
 0x0e,0x14,0x93,0xaa,0x82,0xb3,0xa9,0x81,0xb0,0xfb,0x02,0x20,0x4e,0x00,0x4a,0x0b,
 0xaa,0x63,0xb1,0xa9,0x60,0xb2,0xfb,0x44,0x40,0x10,0x80,0x0c,0x83,0xaa,0x83,0xb0,
 0xa9,0x62,0xb1,0xfb,0xb6,0x0b,0x47,0xc0,0x00,0x08,0xaa,0x61,0xb0,0xa9,0x63,0xb2,
 0xfb,0x96,0x70,0xe0,0xc0,0x01,0x88,0xaa,0x80,0xb1,0xa9,0x62,0xb3,0xfb,0x19,0x08,
 0x00,0x41,0x00,0x90,0xaa,0x83,0xb0,0xa8,0x92,0xb1,0xfb,0x05,0x10,0x80,0x44,0x06,
 0x9a,0xaa,0x83,0xb2,0xa9,0x61,0xb0,0xfb,0x80,0x32,0x80,0x80,0x07,0x98,0xaa,0x83,
 0xb0,0xa9,0x81,0xb2,0xfb,0xe1,0x9f,0x6c,0xc0,0x00,0x08,0xaa,0x61,0xb0,0xa9,0x63,
 0xb2,0xfb,0x02,0x0c,0x40,0x00,0xaf,0x98,0xaa,0x80,0xb3,0xa9,0x61,0xb2,0xfb,0xa5,
 0xe0,0x91,0xc0,0x02,0x88,0xaa,0x81,0xb0,0xa9,0x83,0xb2,0xfb,0x1d,0x04,0x30,0x57,
 0x00,0x10,0xaa,0x60,0xb2,0xa9,0x61,0xb3,0xfb,0x19,0x58,0x82,0x42,0x01,0x91,0xaa,
 0x81,0xb2,0xa9,0x60,0xb3,0xfb,0xd8,0x05,0x00,0x88,0x00,0x10,0xaa,0x62,0xb0,0xa9,
 0x61,0xb3,0xfb,0xc0,0x03,0x7a,0x40,0x00,0x01,0xaa,0x61,0xb0,0xa9,0x63,0xb2,0xfb,
 0x8c,0x90,0xf1,0x41,0x05,0x73,0x02,0x01,0xaa,0x61,0xb0,0xa9,0x3a,0x28,0x7b,0xb4,
 0xfb,0x3c,0xa8,0x00,0xc5,0x03,0x68,0x02,0x02,0xaa,0x60,0xb2,0xa9,0x3a,0x18,0x7b,
 0xb4,0xfb,0x18,0x98,0xe2,0xc0,0x0a,0x47,0x02,0x01,0xaa,0x61,0xb0,0xa9,0x2a,0x38,
 0x7b,0xb4,0xfb,0x07,0x92,0x91,0x02,0x0a,0x0d,0x00,0x19,0xaa,0x61,0xb3,0xa9,0x4a,
 0x28,0x7b,0xb0,0xfb,0x0d,0x78,0x90,0x57,0x50,0x0c,0x00,0x02,0xaa,0x84,0xb1,0xa7,
 0x2a,0x09,0x6b,0xb3,0xfb,0x34,0x39,0x80,0x09,0x0d,0xaa,0x02,0x10,0xaa,0x62,0xb0,
 0xa9,0x1a,0x38,0x7b,0xb4,0xfb,0x12,0xe4,0xb0,0x82,0xa8,0x26,0x00,0x0a,0xaa,0x62,
 0xb1,0xa9,0x0a,0x48,0x7b,0xb3,0xfb,0xf4,0x85,0x71,0xc1,0x05,0xc1,0x00,0x21,0xaa,
 0x64,0xb1,0xa9,0x2a,0x38,0x7b,0xb0,0xfb,0x56,0x52,0x10,0xc5,0x07,0x8b,0x00,0x22,
 0xaa,0x64,0xb2,0xa9,0x1a,0x38,0x7b,0xb0,0xfb,0x11,0x40,0xf4,0x6d,0x0b,0x1c,0x00,
 0x0c,0xaa,0x61,0xb4,0xa9,0x0a,0x38,0x7b,0xb2,0xfb,0x06,0x18,0x60,0x80,0x01,0x15,
 0x00,0x84,0xaa,0x4a,0x08,0x7b,0xb1,0xa9,0x62,0xb3,0xfb,0x38,0x14,0xdb,0x80,0x23,
 0x30,0x00,0x1c,0xaa,0x63,0xb4,0xa9,0x2a,0x08,0x7b,0xb1,0xfb,0x0e,0x60,0x00,0x4b,
 0xe5,0x27,0x00,0x02,0xaa,0x60,0xb2,0xa9,0x1a,0x48,0x7b,0xb3,0xfb,0x76,0x80,0x60,
 0x41,0xd8,0x28,0x00,0x08,0xaa,0x60,0xb1,0xa9,0x2a,0x48,0x7b,0xb3,0xfb,0x12,0x18,
 0x90,0x40,0x02,0x21,0x00,0x8c,0xaa,0xaa,0x60,0xb1,0x26,0x9b,0xb4,0x36,0xfb,0x07,
 0x5c,0xf0,0x40,0x0b,0xa0,0x02,0x01,0xaa,0x2a,0x46,0x7b,0xb0,0xa9,0x61,0xb3,0xfb,
 0x6d,0x4b,0xc1,0x06,0x08,0x1c,0x00,0x0a,0xaa,0x62,0xb1,0xa9,0x4a,0x38,0x7b,0xb0,
 0xfb,0x0d,0xc0,0x90,0xa4,0x14,0x2e,0x00,0x0b,0xaa,0x1a,0x36,0x8b,0xb4,0xa9,0x60,
 0xb2,0xfb,0x12,0xf8,0x28,0x02,0x48,0x5c,0x00,0x1c,0xaa,0x63,0xb4,0xa9,0x0a,0x28,
 0x7b,0xb1,0xfb,0x9e,0x98,0x21,0x01,0x4f,0x13,0x00,0x01,0xaa,0x61,0xb0,0xa9,0x2a,
 0x48,0x7b,0xb3,0xfb,0x08,0x50,0x50,0x40,0x02,0x14,0x00,0x81,0xaa,0x1a,0x46,0x9b,
 0x2a,0x08,0xbb,0x36,0xfb,0x7e,0x54,0xb0,0x81,0x0d,0x25,0x02,0x18,0xaa,0x60,0xb3,
 0xa9,0x1a,0x28,0x7b,0xb4,0xfb,0x30,0x3c,0xd0,0x83,0xa8,0x8f,0x01,0x14,0xaa,0x64,
 0xb2,0xa9,0x1a,0x08,0x7b,0xb3,0xfb,0x14,0x46,0x70,0xc0,0x46,0x21,0x00,0x13,0xaa,
 0x63,0xb2,0xa9,0x1a,0x48,0x7b,0xb0,0xfb,0x9f,0xa4,0x30,0x81,0x0a,0x0a,0x03,0x08,
 0xaa,0x60,0xb1,0xa9,0x2a,0x38,0x7b,0xb4,0xfb,0x19,0x45,0x10,0x42,0x03,0x16,0x00,
 0x0a,0xaa,0x61,0xb2,0xa9,0x3a,0x48,0x7b,0xb0,0xfb,0x0f,0x0c,0xe7,0x86,0x07,0x1f,
 0x00,0x13,0xaa,0x62,0xb3,0xa9,0x0a,0x48,0x7b,0xb1,0xfb,0x2a,0x54,0x60,0x02,0xc1,
 0xda,0x00,0x04,0xaa,0x64,0xb0,0xa9,0x1a,0x28,0x7b,0xb3,0xfb,0x17,0xf3,0x80,0x81,
 0x2f,0x22,0x00,0x19,0xaa,0x63,0xb1,0xa9,0x2a,0x48,0x7b,0xb0,0xfb,0x29,0xbc,0x43,
 0x1c,0x0a,0x0c,0x00,0x08,0xaa,0x61,0xb0,0xa9,0x4a,0x38,0x7b,0xb2,0xfb,0x02,0x5d,
 0xd5,0x80,0x07,0xd4,0x00,0x20,0xaa,0x64,0xb0,0xa9,0x2a,0x38,0x7b,0xb1,0xfb,0x16,
 0x08,0xc0,0x41,0xba,0x22,0x00,0x11,0xaa,0x61,0xb2,0xa9,0x0a,0x48,0x7b,0xb3,0xfb,
 0x07,0x20,0x40,0xc1,0x01,0x14,0x00,0x8a,0xaa,0x0a,0x36,0x8b,0xb2,0xa9,0x64,0xb1,
 0xfb,0x2c,0xae,0x80,0x04,0x61,0x0e,0x00,0x13,0xaa,0x63,0xb2,0xa9,0x4a,0x18,0x7b,
 0xb0,0xfb,0x98,0x9f,0x41,0x43,0x0e,0x12,0x00,0x19,0xaa,0x61,0xb3,0xa9,0x4a,0x28,
 0x7b,0xb0,0xfb,0x02,0x08,0x20,0xc0,0x05,0x06,0x00,0x83,0xaa,0xaa,0x80,0xb3,0x16,
 0x9b,0xb4,0x26,0xfb,0x04,0x78,0xe4,0xdd,0x09,0x0d,0x00,0x01,0xaa,0x61,0xb0,0xa9,
 0x4a,0x38,0x7b,0xb2,0xfb,0x22,0x08,0xa6,0x01,0x07,0x0e,0x00,0x02,0xaa,0x62,0xb0,
 0xa9,0x4a,0x38,0x7b,0xb1,0xfb,0x70,0x00,0x32,0xc1,0x07,0x35,0x02,0x08,0xaa,0x60,
 0xb1,0xa9,0x2a,0x38,0x7b,0xb4,0xfb,0x2f,0x34,0x52,0x8e,0x04,0x29,0x03,0x11,0xaa,
 0x61,0xb2,0xa9,0x3a,0x08,0x7b,0xb4,0xfb,0x4c,0xb0,0xb0,0xba,0x05,0xd6,0x00,0x04,
 0xaa,0x64,0xb0,0xa9,0x3a,0x18,0x7b,0xb2,0xfb,0x11,0xec,0x30,0xc1,0x25,0x2e,0x01,
 0x0b,0xaa,0x63,0xb1,0xa9,0x0a,0x28,0x7b,0xb4,0xfb,0x2e,0x41,0x60,0x9c,0x1d,0x1f,
 0x00,0x18,0xaa,0x63,0xb0,0xa9,0x1a,0x48,0x7b,0xb2,0xfb,0x07,0x20,0x40,0x01,0x05,
 0x04,0x00,0x82,0xaa,0xaa,0x62,0xb1,0x08,0x6b,0xb4,0x39,0xfb,0x2c,0xac,0x81,0xe6,
 0x03,0x4d,0x01,0x21,0xaa,0x1a,0x46,0x8b,0xb3,0xa9,0x60,0xb2,0xfb,0x7c,0x39,0xd0,
 0xc1,0x31,0x3d,0x00,0x1c,0xaa,0x63,0xb4,0xa9,0x1a,0x28,0x7b,0xb0,0xfb,0xda,0x84,
 0x40,0x4d,0x04,0x06,0x02,0x02,0xaa,0x62,0xb0,0xa9,0x3a,0x18,0x7b,0xb4,0xfb,0x30,
 0x48,0xf0,0xc2,0x0a,0x57,0x03,0x13,0xaa,0x63,0xb2,0xa9,0x1a,0x08,0x7b,0xb4,0xfb,
 0x11,0x4c,0x00,0x01,0x44,0x2f,0x01,0x20,0xaa,0x60,0xb4,0xa9,0x2a,0x18,0x7b,0xb3,
 0xfb,0x03,0x60,0xc0,0xc0,0x00,0x03,0x00,0x81,0xaa,0x2a,0x08,0x6b,0xb1,0xa9,0x63,
 0xb4,0xfb,0x02,0x30,0xc0,0x01,0x0c,0x4b,0x01,0x18,0xaa,0x60,0xb3,0xa9,0x1a,0x28,
 0x7b,0xb4,0xfb,0x3a,0x88,0x62,0xad,0x05,0x22,0x00,0x01,0xaa,0x1a,0x06,0x8b,0xb4,
 0xa9,0x63,0xb2,0xfb,0x19,0x1c,0x4f,0x11,0x0a,0x36,0x00,0x22,0xaa,0x62,0xb4,0xa9,
 0x0a,0x38,0x7b,0xb1,0xfb,0x29,0x30,0x4c,0x81,0x01,0x8a,0x01,0x1c,0xaa,0x64,0xb3,
 0xa9,0x2a,0x08,0x7b,0xb1,0xfb,0x30,0xb0,0xe2,0x80,0x32,0x10,0x00,0x08,0xaa,0x61,
 0xb0,0xa9,0x2a,0x48,0x7b,0xb3,0xfb,0xc5,0x5c,0xd0,0x81,0x03,0x80,0x01,0x08,0xaa,
 0x3a,0x26,0x6b,0x4a,0x07,0xbb,0x19,0xfb,0x19,0x90,0xe7,0x81,0x20,0x14,0x00,0x1a,
 0xaa,0x63,0xb2,0xa9,0x4a,0x08,0x7b,0xb1,0xfb,0x0d,0xf8,0x90,0xc2,0xbe,0x85,0x01,
 0x14,0xaa,0x64,0xb2,0xa9,0x0a,0x18,0x7b,0xb3,0xfb,0x27,0x58,0xc0,0x80,0x40,0x3f,
 0x03,0x1a,0xaa,0x62,0xb3,0xa9,0x1a,0x08,0x7b,0xb4,0xfb,0x1c,0x18,0x13,0x01,0x6c,
 0xf2,0x00,0x0c,0xaa,0x4a,0x27,0x8b,0xb0,0xa9,0x61,0xb3,0xfb,0x0f,0x18,0xf0,0x40,
 0x02,0x06,0x00,0x98,0xaa,0x0a,0x18,0x9b,0x2a,0x48,0xbb,0x36,0xfb,0x36,0x34,0x00,
 0x69,0x34,0xfb,0x00,0x1c,0xaa,0x63,0xb4,0xa9,0x1a,0x08,0x7b,0xb2,0xfb,0x0f,0x60,
 0x47,0x89,0x14,0x21,0x00,0x13,0xaa,0x62,0xb3,0xa9,0x0a,0x48,0x7b,0xb1,0xfb,0x09,
 0x3c,0xf0,0x40,0x02,0x03,0x00,0x81,0xaa,0x1a,0x26,0x8b,0xb0,0xa9,0x84,0xb3,0xfb,
 0x4d,0xac,0xf0,0xd1,0x05,0x0d,0x00,0x08,0xaa,0x61,0xb0,0xa9,0x4a,0x38,0x7b,0xb2,
 0xfb,0x19,0x28,0x06,0x01,0x09,0x5b,0x03,0x11,0xaa,0x62,0xb1,0xa9,0x0a,0x38,0x7b,
 0xb4,0xfb,0xda,0xf7,0xf0,0x03,0x04,0x9f,0x00,0x21,0xaa,0x64,0xb1,0xa9,0x3a,0x28,
 0x7b,0xb0,0xfb,0x03,0x54,0x30,0xc0,0x00,0x03,0x00,0x81,0xaa,0x1a,0x08,0x9b,0x2a,
 0x38,0xbb,0x46,0xfb,0x10,0xdc,0xd9,0x40,0x0c,0x2c,0x00,0x04,0xaa,0x60,0xb4,0xa9,
 0x2a,0x38,0x7b,0xb1,0xfb,0x02,0x08,0x20,0x80,0x00,0x15,0x00,0x84,0xaa,0x0a,0x48,
 0x7b,0xb1,0xa9,0x82,0xb3,0xfb,0x1f,0x10,0x60,0x00,0x01,0x06,0x00,0x88,0xaa,0x0a,
 0x18,0x7b,0xb3,0xa9,0x62,0xb4,0xfb,0x23,0x44,0x20,0x81,0x8c,0x38,0x01,0x22,0xaa,
 0x62,0xb4,0xa9,0x1a,0x08,0x7b,0xb3,0xfb,0x08,0x18,0x60,0x81,0x01,0x1b,0x00,0x8c,
 0xaa,0x4a,0x18,0x7b,0xb2,0xa9,0x63,0xb0,0xfb,0x0c,0x34,0x34,0xc3,0x11,0x42,0x02,
 0x19,0xaa,0x61,0xb3,0xa9,0x0a,0x28,0x7b,0xb4,0xfb,0x27,0x64,0x70,0xba,0x09,0x6f,
 0x00,0x04,0xaa,0x64,0xb0,0xa9,0x1a,0x38,0x7b,0xb2,0xfb,0x16,0x68,0x17,0xc3,0x0c,
 0x16,0x00,0x13,0xaa,0x62,0xb3,0xa9,0x0a,0x48,0x7b,0xb1,0xfb,0x2a,0x68,0xd0,0xb6,
 0x08,0x1c,0x00,0x20,0xaa,0x64,0xb0,0xa9,0x1a,0x38,0x7b,0xb2,0xfb,0x82,0x68,0xc1,
 0x83,0xcc,0x0e,0x00,0x01,0xaa,0x60,0xb1,0xa9,0x4a,0x28,0x7b,0xb3,0xfb,0x90,0x3f,
 0xd0,0x03,0x07,0x02,0x00,0x23,0xaa,0x64,0xb3,0xa9,0x1a,0x28,0x7b,0xb0,0xfb,0x3b,
 0x48,0x30,0xda,0x3e,0x19,0x00,0x03,0xaa,0x63,0xb0,0xa9,0x1a,0x48,0x7b,0xb2,0xfb,
 0x22,0xd4,0x60,0x45,0xa9,0x0d,0x00,0x02,0xaa,0x60,0xb2,0xa9,0x4a,0x18,0x7b,0xb3,
 0xfb,0x78,0x61,0xd0,0x02,0xd7,0x14,0x00,0x08,0xaa,0x4a,0x08,0x6b,0x1a,0x28,0xbb,
 0x39,0xfb,0x36,0x82,0xc0,0x82,0x04,0x38,0x00,0x14,0xaa,0x2a,0x06,0x7b,0x3a,0x16,
 0xbb,0x49,0xfb,0x17,0xc0,0x60,0x63,0x13,0x0c,0x00,0x03,0xaa,0x60,0xb3,0xa9,0x4a,
 0x18,0x7b,0xb2,0xfb,0x2a,0xf8,0x64,0x01,0x39,0x0c,0x00,0x01,0xaa,0x61,0xb0,0xa9,
 0x4a,0x28,0x7b,0xb3,0xfb,0x03,0x60,0x80,0x41,0x02,0x06,0x00,0xa1,0xaa,0x1a,0x26,
 0x6b,0x0a,0x36,0xbb,0x49,0xfb,0xe4,0xa1,0xb0,0x48,0x03,0xdd,0x00,0x14,0xaa,0x62,
 0xb4,0xa9,0x3a,0x18,0x7b,0xb0,0xfb,0x75,0xe8,0x3b,0xc1,0x3c,0x2a,0x00,0x18,0xaa,
 0x60,0xb3,0xa9,0x2a,0x48,0x7b,0xb1,0xfb,0x05,0x20,0x20,0xc0,0x00,0x1a,0x00,0x9c,
 0xaa,0x2a,0x36,0x8b,0xb4,0xa9,0x60,0xb1,0xfb,0x9d,0x38,0x10,0xc7,0x08,0xcf,0x01,
 0x02,0xaa,0x62,0xb0,0xa9,0x1a,0x38,0x7b,0xb4,0xfb,0x22,0xd8,0x1e,0x4b,0x07,0xb7,
 0x00,0x14,0xaa,0x62,0xb4,0xa9,0x3a,0x08,0x7b,0xb1,0xfb,0x0c,0xdc,0x93,0x47,0x03,
 0x67,0x00,0x21,0xaa,0x64,0xb1,0xa9,0x0a,0x38,0x7b,0xb2,0xfb,0xb3,0x0b,0xd3,0x02,
 0x3b,0x16,0x00,0x19,0xaa,0x61,0xb3,0xa9,0x4a,0x28,0x7b,0xb0,0xfb,0x1b,0x14,0x80,
 0x40,0x01,0x05,0x00,0x88,0xaa,0x0a,0x18,0x7b,0xb3,0xa9,0x64,0xb2,0xfb,0x4d,0x40,
 0x56,0xc1,0x1e,0x14,0x00,0x18,0xaa,0x3a,0x06,0x8b,0xb2,0xa9,0x64,0xb1,0xfb,0x07,
 0x1c,0x80,0x80,0x01,0x15,0x00,0x84,0xaa,0x4a,0x38,0x7b,0x0a,0x28,0xbb,0x19,0xfb,
 0x0d,0xf4,0x2a,0x02,0x0e,0xec,0x00,0x22,0xaa,0x64,0xb2,0xa9,0x0a,0x38,0x7b,0xb1,
 0xfb,0x08,0x1c,0x50,0x00,0x02,0x10,0x00,0x84,0xaa,0x4a,0x06,0x9b,0x2a,0x16,0xbb,
 0x36,0xfb,0x7c,0xd4,0xae,0xc2,0x05,0x2e,0x00,0x20,0xaa,0x60,0xb4,0xa9,0x3a,0x28,
 0x7b,0xb1,0xfb,0x08,0x3c,0x50,0x40,0x07,0x05,0x00,0x93,0xaa,0x1a,0x08,0x9b,0x3a,
 0x27,0xbb,0x46,0xfb,0x69,0x58,0x90,0x42,0xd6,0x59,0x01,0x04,0xaa,0x60,0xb4,0xa9,
 0x1a,0x28,0x7b,0xb3,0xfb,0x17,0x34,0xc0,0xc1,0x47,0x5c,0x00,0x22,0xaa,0x62,0xb4,
 0xa9,0x1a,0x08,0x7b,0xb3,0xfb,0x0d,0xf8,0x2a,0x8b,0x14,0x38,0x00,0x13,0xaa,0x62,
 0xb3,0xa9,0x0a,0x48,0x7b,0xb1,0xfb,0x0f,0x50,0xb6,0x41,0x6c,0x1e,0x00,0x1a,0xaa,
 0x62,0xb3,0xa9,0x0a,0x48,0x7b,0xb1,0xfb,0x21,0x93,0xb1,0x02,0x0f,0x13,0x00,0x19,
 0xaa,0x61,0xb3,0xa9,0x4a,0x28,0x7b,0xb0,0xfb,0x14,0x48,0x42,0x54,0x6c,0x18,0x00,
 0x11,0xaa,0x61,0xb2,0xa9,0x0a,0x48,0x7b,0xb3,0xfb,0xbc,0xde,0xe3,0x42,0x1c,0x10,
 0x00,0x19,0xaa,0x63,0xb1,0xa9,0x4a,0x28,0x7b,0xb0,0xfb,0x06,0x0c,0x30,0x00,0x03,
 0x0c,0x00,0x83,0xaa,0x3a,0x46,0x9b,0x1a,0x26,0xbb,0x06,0xfb,0x01,0xec,0xba,0xc3,
 0x0b,0x0f,0x00,0x02,0xaa,0x60,0xb2,0xa9,0x4a,0x38,0x7b,0xb1,0xfb,0x06,0x6c,0x90,
 0x00,0x03,0x06,0x00,0x81,0xaa,0x3a,0x06,0x8b,0x4a,0x26,0xbb,0x19,0xfb,0x4a,0x3c,
 0xc0,0x02,0x09,0x89,0x02,0x03,0xaa,0x1a,0x26,0x8b,0x3a,0x06,0xbb,0x49,0xfb,0x08,
 0x10,0x00,0x01,0x02,0x11,0x00,0x84,0xaa,0x4a,0x06,0x8b,0xb3,0xa9,0x62,0xb1,0xfb,
 0x1d,0x6c,0xc0,0x6f,0x29,0x19,0x00,0x23,0xaa,0x63,0xb4,0xa9,0x1a,0x08,0x7b,0xb2,
 0xfb,0x11,0xb8,0x50,0xc0,0x03,0x0c,0x03,0x1a,0xaa,0x63,0xb2,0xa9,0x0a,0x18,0x7b,
 0xb4,0xfb,0x08,0x20,0x80,0x00,0x04,0x16,0x00,0x84,0xaa,0x4a,0x06,0x8b,0xb1,0xa9,
 0x63,0xb2,0xfb,0x22,0x90,0x00,0x89,0xe9,0x1c,0x00,0x0a,0xaa,0x62,0xb1,0xa9,0x4a,
 0x08,0x7b,0xb3,0xfb,0x20,0xb4,0x07,0x41,0x06,0xa5,0x00,0x1c,0xaa,0x64,0xb3,0xa9,
 0x2a,0x08,0x7b,0xb1,0xfb,0x13,0xf0,0xd5,0x48,0x0c,0x15,0x00,0x13,0xaa,0x2a,0x36,
 0x8b,0xb4,0xa9,0x60,0xb1,0xfb,0x21,0xc8,0x53,0x01,0x2a,0x8c,0x02,0x0b,0xaa,0x63,
 0xb1,0xa9,0x2a,0x08,0x7b,0xb4,0xfb,0x53,0x48,0x10,0x81,0x0a,0xea,0x02,0x10,0xaa,
 0x62,0xb0,0xa9,0x1a,0x38,0x7b,0xb4,0xfb,0x09,0x48,0x20,0x40,0x02,0x07,0x00,0x81,
 0xaa,0x0a,0x36,0x9b,0xb1,0xa6,0x62,0xb4,0xfb,0x17,0x60,0x48,0x05,0x06,0x4c,0x00,
 0x14,0xaa,0x64,0xb2,0xa9,0x0a,0x38,0x7b,0xb1,0xfb,0xea,0x74,0xa0,0x06,0xd1,0x1e,
 0x00,0x02,0xaa,0x62,0xb0,0xa9,0x1a,0x48,0x7b,0xb3,0xfb,0xbd,0xce,0xd0,0x44,0x0d,
 0x0e,0x00,0x13,0xaa,0x63,0xb2,0xa9,0x4a,0x18,0x7b,0xb0,0xfb,0x06,0xb7,0x20,0x41,
 0x24,0xd7,0x00,0x1c,0xaa,0x63,0xb4,0xa9,0x2a,0x18,0x7b,0xb0,0xfb,0xdb,0x34,0x40,
 0xde,0x09,0x0b,0x00,0x20,0xaa,0x64,0xb0,0xa9,0x1a,0x38,0x7b,0xb2,0xfb,0x0c,0x74,
 0xc0,0x1c,0x04,0x1c,0x00,0x04,0xaa,0x60,0xb4,0xa9,0x3a,0x18,0x7b,0xb2,0xfb,0x0d,
 0x7c,0x81,0xe7,0x35,0x33,0x00,0x19,0xaa,0x63,0xb1,0xa9,0x0a,0x48,0x7b,0xb2,0xfb,
 0xde,0xec,0xd7,0x02,0x03,0x6c,0x00,0x20,0xaa,0x4a,0x28,0x6b,0x0a,0x37,0xbb,0x19,
 0xfb,0x17,0x54,0x23,0x15,0x04,0x57,0x00,0x0c,0xaa,0x61,0xb4,0xa9,0x3a,0x08,0x7b,
 0xb2,0xfb,0x1d,0x48,0xe2,0xfc,0x08,0x08,0x01,0x21,0xaa,0x61,0xb4,0xa9,0x0a,0x38,
 0x7b,0xb2,0xfb,0x21,0x84,0xf0,0x40,0x76,0xbb,0x00,0x04,0xaa,0x64,0xb0,0xa9,0x2a,
 0x18,0x7b,0xb3,0xfb,0x70,0x48,0xc0,0xc1,0x07,0x20,0x02,0x02,0xaa,0x60,0xb2,0xa9,
 0x1a,0x38,0x7b,0xb4,0xfb,0x13,0x5c,0xb3,0x09,0xb0,0x27,0x00,0x0a,0xaa,0x62,0xb1,
 0xa9,0x0a,0x48,0x7b,0xb3,0xfb,0x2f,0x88,0x80,0x4d,0x9e,0x0e,0x00,0x11,0xaa,0x62,
 0xb1,0xa9,0x4a,0x08,0x7b,0xb3,0xfb,0x9b,0xcf,0xe0,0xc1,0x07,0x13,0x00,0x21,0xaa,
 0x64,0xb1,0xa9,0x2a,0x38,0x7b,0xb0,0xfb,0x16,0x70,0xb0,0xa4,0x1c,0xb0,0x00,0x23,
 0xaa,0x63,0xb4,0xa9,0x0a,0x18,0x7b,0xb2,0xfb,0x38,0xab,0x80,0x00,0x26,0x14,0x00,
 0x13,0xaa,0x4a,0x18,0x8b,0xb2,0xa9,0x70,0xb3,0xfb,0x14,0x4c,0x40,0x52,0x0f,0x0f,
 0x00,0x0b,0xaa,0x61,0xb3,0xa9,0x4a,0x08,0x7b,0xb2,0xfb,0x17,0x68,0xd1,0x00,0x40,
 0x54,0x01,0x0c,0xaa,0x64,0xb1,0xa9,0x2a,0x08,0x7b,0xb3,0xfb,0x07,0x1c,0x90,0x01,
 0x02,0x19,0x00,0x82,0xaa,0x2a,0x08,0x7b,0xb4,0xa9,0x61,0xb3,0xfb,0x09,0x31,0xd0,
 0x4c,0x04,0x9d,0x00,0x02,0xaa,0x62,0xb0,0xa9,0x1a,0x38,0x7b,0xb4,0xfb,0x1e,0xf0,
 0x8a,0x01,0x06,0xb0,0x00,0x22,0xaa,0x4a,0x16,0x7b,0x2a,0x38,0xbb,0x09,0xfb,0xb9,
 0x44,0xd0,0x51,0x03,0x4b,0x00,0x14,0xaa,0x62,0xb4,0xa9,0x3a,0x18,0x7b,0xb0,0xfb,
 0x2a,0x4c,0x6c,0xc6,0x04,0x08,0x00,0x22,0xaa,0x62,0xb4,0xa9,0x3a,0x08,0x7b,0xb1,
 0xfb,0xbc,0x61,0x40,0x82,0x04,0x19,0x00,0x11,0xaa,0x61,0xb2,0xa9,0x3a,0x48,0x7b,
 0xb0,0xfb,0x0e,0xd8,0x80,0x01,0x0e,0x45,0x01,0x0b,0xaa,0x61,0xb3,0xa9,0x0a,0x28,
 0x7b,0xb4,0xfb,0x3b,0x6c,0x2d,0x8d,0x0c,0x0f,0x00,0x13,0xaa,0x62,0xb3,0xa9,0x4a,
 0x08,0x7b,0xb1,0xfb,0x0e,0xd8,0x8b,0x83,0x13,0xb6,0x00,0x23,0xaa,0x64,0xb3,0xa9,
 0x0a,0x28,0x7b,0xb1,0xfb,0x22,0x94,0x70,0x2d,0x18,0x14,0x00,0x03,0xaa,0x60,0xb3,
 0xa9,0x4a,0x18,0x7b,0xb2,0xfb,0x1d,0x6a,0x60,0x01,0x3f,0x3a,0x00,0x23,0xaa,0x63,
 0xb4,0xa9,0x2a,0x18,0x7b,0xb0,0xfb,0x04,0x23,0x80,0x84,0x07,0x1a,0x00,0x11,0xaa,
 0x62,0xb1,0xa9,0x4a,0x38,0x7b,0xb0,0xfb,0x1b,0x48,0xc0,0xc5,0x07,0x3a,0x03,0x11,
 0xaa,0x61,0xb2,0xa9,0x0a,0x38,0x7b,0xb4,0xfb,0x3a,0x5d,0x40,0x02,0xc6,0x2e,0x00,
 0x20,0xaa,0x0a,0x46,0x8b,0xb1,0xa9,0x62,0xb3,0xfb,0x79,0xb4,0x50,0xe8,0x2c,0x0f,
 0x00,0x18,0xaa,0x60,0xb3,0xa9,0x4a,0x18,0x7b,0xb2,0xfb,0x06,0x34,0x60,0xc0,0x01,
 0x13,0x00,0x9c,0xaa,0x4a,0x38,0x7b,0xb1,0xa9,0x60,0xb2,0xfb,0xe3,0xb6,0x10,0x41,
 0x16,0xab,0x00,0x1c,0xaa,0x64,0xb3,0xa9,0x2a,0x18,0x7b,0xb0,0xfb,0x18,0x5c,0xf2,
 0xc4,0x08,0x31,0x03,0x0a,0xaa,0x61,0xb2,0xa9,0x0a,0x38,0x7b,0xb4,0xfb,0x2a,0x3c,
 0xd0,0x2a,0x4d,0x30,0x00,0x18,0xaa,0x63,0xb0,0xa9,0x1a,0x48,0x7b,0xb2,0xfb,0xa7,
 0xa8,0x80,0x41,0xf1,0x07,0x01,0x20,0xaa,0x60,0xb4,0xa9,0x2a,0x18,0x7b,0xb3,0xfb,
 0x9a,0x68,0x60,0xc2,0xec,0x00,0x01,0x04,0xaa,0x60,0xb4,0xa9,0x1a,0x28,0x7b,0xb3,
 0xfb,0xcd,0xb2,0x30,0x81,0x01,0x26,0x00,0x19,0xaa,0x61,0xb3,0xa9,0x2a,0x48,0x7b,
 0xb0,0xfb,0x0c,0x54,0x30,0xcd,0x13,0xdf,0x00,0x1a,0xaa,0x62,0xb3,0xa9,0x0a,0x18,
 0x7b,0xb4,0xfb,0x10,0xec,0x85,0x41,0x08,0x11,0x00,0x1c,0xaa,0x64,0xb3,0xa9,0x0a,
 0x28,0x7b,0xb1,0xfb,0x06,0xdc,0xa8,0x81,0x05,0x2c,0x00,0x20,0xaa,0x64,0xb0,0xa9,
 0x3a,0x28,0x7b,0xb1,0xfb,0x07,0x18,0x60,0x80,0x04,0x06,0x00,0x83,0xaa,0x3a,0x18,
 0x9b,0x2a,0x48,0xbb,0x06,0xfb,0xa2,0xc8,0x00,0x08,0x05,0xcb,0x03,0x02,0xaa,0x62,
 0xb0,0xa9,0x3a,0x18,0x7b,0xb4,0xfb,0x37,0x40,0xa0,0x81,0xda,0x22,0x00,0x14,0xaa,
 0x62,0xb4,0xa9,0x1a,0x08,0x7b,0xb3,0xfb,0x2d,0xf4,0x4d,0xc1,0x0c,0x13,0x00,0x1c,
 0xaa,0x64,0xb3,0xa9,0x2a,0x08,0x7b,0xb1,0xfb,0x11,0xf4,0x60,0x71,0x03,0x0d,0x00,
 0x03,0xaa,0x63,0xb0,0xa9,0x4a,0x18,0x7b,0xb2,0xfb,0x83,0x30,0x60,0xc2,0x09,0xb7,
 0x01,0x03,0xaa,0x60,0xb3,0xa9,0x1a,0x28,0x7b,0xb4,0xfb,0x09,0x18,0xd0,0x01,0x06,
 0x06,0x00,0x8a,0xaa,0x2a,0x18,0x7b,0xb3,0xa9,0x64,0xb0,0xfb,0x14,0x58,0x31,0x54,
 0x04,0x54,0x00,0x21,0xaa,0x4a,0x16,0x8b,0xb0,0xa9,0x63,0xb2,0xfb,0x20,0x88,0x07,
 0x01,0x21,0xa8,0x00,0x23,0xaa,0x63,0xb4,0xa9,0x2a,0x08,0x7b,0xb1,0xfb,0xe2,0x44,
 0x90,0xba,0x17,0x39,0x00,0x03,0xaa,0x60,0xb3,0xa9,0x1a,0x48,0x7b,0xb2,0xfb,0x43,
 0x04,0x3f,0x41,0x03,0x33,0x00,0x18,0xaa,0x63,0xb0,0xa9,0x2a,0x48,0x7b,0xb1,0xfb,
 0x02,0x1c,0xf0,0xc0,0x03,0x07,0x00,0x8a,0xaa,0x2a,0x18,0x7b,0xb3,0xa9,0x60,0xb4,
 0xfb,0x40,0xa0,0x06,0xc1,0x06,0x10,0x00,0x10,0xaa,0x62,0xb0,0xa9,0x4a,0x38,0x7b,
 0xb1,0xfb,0x08,0x24,0xe0,0x00,0x02,0x17,0x00,0x84,0xaa,0x2a,0x08,0x7b,0x4a,0x16,
 0xbb,0x39,0xfb,0x09,0x6c,0x90,0x40,0x02,0x07,0x00,0xa1,0xaa,0x1a,0x08,0x9b,0x2a,
 0x38,0xbb,0x46,0xfb,0x32,0x70,0xa0,0x4c,0x90,0x0c,0x00,0x11,0xaa,0x62,0xb1,0xa9,
 0x4a,0x08,0x7b,0xb3,0xfb,0xf3,0x4c,0xf2,0x02,0x04,0xc9,0x02,0x08,0xaa,0x61,0xb0,
 0xa9,0x3a,0x28,0x7b,0xb4,0xfb,0xe0,0xfe,0xf0,0xc1,0x51,0x19,0x00,0x0b,0xaa,0x63,
 0xb1,0xa9,0x4a,0x28,0x7b,0xb0,0xfb,0x3b,0x34,0x90,0x03,0xb6,0x47,0x00,0x20,0xaa,
 0x0a,0x46,0x8b,0xb2,0xa9,0x61,0xb3,0xfb,0xb5,0x3d,0x10,0x03,0xac,0x21,0x00,0x04,
 0xaa,0x64,0xb0,0xa9,0x1a,0x28,0x7b,0xb3,0xfb,0x07,0x58,0x00,0x9c,0x05,0x61,0x01,
 0x20,0xaa,0x64,0xb0,0xa9,0x1a,0x38,0x7b,0xb2,0xfb,0x19,0x60,0x45,0x07,0x7e,0x16,
 0x00,0x11,0xaa,0x62,0xb1,0xa9,0x4a,0x08,0x7b,0xb3,0xfb,0x7c,0xc8,0x94,0xf3,0x07,
 0x1c,0x00,0x01,0xaa,0x60,0xb1,0xa9,0x4a,0x38,0x7b,0xb2,0xfb,0xc3,0x54,0x3c,0x47,
 0x0a,0x14,0x00,0x10,0xaa,0x62,0xb0,0xa9,0x4a,0x38,0x7b,0xb1,0xfb,0x06,0x18,0x30,
 0x40,0x02,0x15,0x00,0x84,0xaa,0x4a,0x36,0x8b,0xb0,0xa9,0x82,0xb1,0xfb,0x3b,0x84,
 0xea,0x03,0x48,0x0c,0x00,0x13,0xaa,0x63,0xb2,0xa9,0x4a,0x08,0x7b,0xb1,0xfb,0x21,
 0x59,0xa0,0xa6,0x07,0x83,0x00,0x04,0xaa,0x64,0xb0,0xa9,0x1a,0x38,0x7b,0xb2,0xfb,
 0x10,0x24,0x40,0x41,0x32,0x2b,0x01,0x0b,0xaa,0x63,0xb1,0xa9,0x0a,0x28,0x7b,0xb4,
 0xfb,0x56,0x58,0x28,0x82,0x03,0x10,0x00,0x03,0xaa,0x63,0xb0,0xa9,0x4a,0x28,0x7b,
 0xb1,0xfb,0x5f,0x41,0x80,0x0b,0x06,0x92,0x00,0x14,0xaa,0x64,0xb2,0xa9,0x1a,0x38,
 0x7b,0xb0,0xfb,0x1f,0xa4,0xfe,0x01,0x1b,0x84,0x00,0x1c,0xaa,0x63,0xb4,0xa9,0x0a,
 0x28,0x7b,0xb1,0xfb,0xcb,0x0d,0x52,0xc1,0x4f,0x18,0x00,0x0b,0xaa,0x61,0xb3,0xa9,
 0x2a,0x48,0x7b,0xb0,0xfb,0x10,0x7c,0x70,0x16,0x03,0x72,0x00,0x04,0xaa,0x64,0xb0,
 0xa9,0x3a,0x18,0x7b,0xb2,0xfb,0x14,0x18,0x80,0x81,0x74,0x86,0x00,0x21,0xaa,0x64,
 0xb1,0xa9,0x0a,0x28,0x7b,0xb3,0xfb,0x1d,0xec,0x22,0xec,0x00,0x19,0x00,0x19,0xaa,
 0x61,0xb3,0xa9,0x4a,0x08,0x7b,0xb2,0xfb,0x91,0x34,0x90,0x9c,0x03,0xaf,0x01,0x14,
 0xaa,0x64,0xb2,0xa9,0x1a,0x38,0x7b,0xb0,0xfb,0x8e,0x28,0x74,0x17,0x07,0x0e,0x00,
 0x08,0xaa,0x60,0xb1,0xa9,0x4a,0x38,0x7b,0xb2,0xfb,0x11,0x70,0x70,0xe9,0x6b,0xa1,
 0x01,0x14,0xaa,0x64,0xb2,0xa9,0x0a,0x18,0x7b,0xb3,0xfb,0x0b,0x64,0x40,0xc0,0x01,
 0x0b,0x00,0x81,0xaa,0x0a,0x18,0x7b,0x2a,0x36,0xbb,0x49,0xfb,0x17,0xc4,0x64,0xc1,
 0x8b,0xd6,0x01,0x0b,0xaa,0x61,0xb3,0xa9,0x2a,0x08,0x7b,0xb4,0xfb,0x9f,0x31,0xa8,
 0x41,0x1c,0x15,0x00,0x03,0xaa,0x63,0xb0,0xa9,0x4a,0x28,0x7b,0xb1,0xfb,0x0e,0x38,
 0xfb,0x5f,0x10,0x35,0x00,0x13,0xaa,0x62,0xb3,0xa9,0x0a,0x48,0x7b,0xb1,0xfb,0x0f,
 0x6c,0x53,0xa2,0x08,0xde,0x01,0x11,0xaa,0x61,0xb2,0xa9,0x0a,0x38,0x7b,0xb4,0xfb,
 0x53,0x84,0xb0,0x5f,0x69,0x10,0x00,0x03,0xaa,0x3a,0x26,0x9b,0x1a,0x06,0xbb,0x46,
 0xfb,0xd1,0xa5,0xc0,0xc0,0x1c,0x15,0x02,0x1c,0xaa,0x63,0xb4,0xa9,0x2a,0x18,0x7b,
 0xb0,0xfb,0x1e,0x44,0x40,0x04,0x7d,0xac,0x00,0x22,0xaa,0x64,0xb2,0xa9,0x1a,0x08,
 0x7b,0xb3,0xfb,0x4c,0x5a,0xd0,0xc6,0x08,0x1b,0x00,0x1a,0xaa,0x62,0xb3,0xa9,0x1a,
 0x48,0x7b,0xb0,0xfb,0x1a,0x5c,0x60,0x9c,0x1e,0x3e,0x02,0x13,0xaa,0x63,0xb2,0xa9,
 0x1a,0x08,0x7b,0xb4,0xfb,0x0d,0x14,0xa0,0x81,0x06,0x08,0x00,0x82,0xaa,0x0a,0x28,
 0x7b,0xb3,0xa9,0x61,0xb4,0xfb,0x0e,0x78,0xba,0x42,0x01,0x30,0x00,0x1a,0xaa,0x0a,
 0x28,0x6b,0xb1,0xa9,0x64,0xb3,0xfb,0x2b,0xb7,0x40,0xd6,0x04,0xbc,0x02,0x14,0xaa,
 0x62,0xb4,0xa9,0x3a,0x18,0x7b,0xb0,0xfb,0x14,0x64,0x60,0x8a,0x60,0xdd,0x01,0x13,
 0xaa,0x62,0xb3,0xa9,0x0a,0x18,0x7b,0xb4,0xfb,0x13,0x68,0xe3,0x80,0x81,0x7a,0x02,
 0x23,0xaa,0x63,0xb4,0xa9,0x2a,0x08,0x7b,0xb1,0xfb,0x20,0x31,0x80,0x18,0x18,0x22,
 0x00,0x03,0xaa,0x0a,0x48,0x7b,0xb3,0xa9,0x61,0xb2,0xfb,0x3d,0x5c,0xc6,0x40,0x09,
 0x3b,0x03,0x20,0xaa,0x0a,0x46,0x8b,0xb2,0xa9,0x63,0xb1,0xfb,0x17,0x24,0x50,0x40,
 0x02,0x0f,0x00,0xa0,0xaa,0x4a,0x08,0x7b,0xb1,0xa9,0x62,0xb3,0xfb,0x51,0xc5,0x00,
 0x81,0xbb,0xdf,0x01,0x04,0xaa,0x60,0xb4,0xa9,0x2a,0x18,0x7b,0xb3,0xfb,0x74,0x4d,
 0x60,0x81,0xd2,0x06,0x01,0x23,0xaa,0x64,0xb3,0xa9,0x1a,0x28,0x7b,0xb0,0xfb,0x19,
 0xa0,0xa0,0x84,0x2f,0xdd,0x03,0x13,0xaa,0x63,0xb2,0xa9,0x0a,0x18,0x7b,0xb4,0xfb,
 0x37,0x38,0x23,0xe0,0x03,0x1b,0x03,0x11,0xaa,0x61,0xb2,0xa9,0x3a,0x08,0x7b,0xb4,
 0xfb,0xa5,0x92,0x50,0xe9,0x5c,0x14,0x00,0x1a,0xaa,0x63,0xb2,0xa9,0x4a,0x18,0x7b,
 0xb0,0xfb,0x01,0x44,0x60,0x40,0x04,0x06,0x00,0x99,0xaa,0x1a,0x39,0x6b,0xb0,0xa8,
 0x62,0xb4,0xfb,0x19,0x38,0xc0,0x51,0x05,0xd7,0x00,0x04,0xaa,0x64,0xb0,0xa9,0x1a,
 0x38,0x7b,0xb2,0xfb,0x25,0x89,0x38,0xee,0x04,0x1f,0x00,0x10,0xaa,0x60,0xb2,0xa9,
 0x3a,0x48,0x7b,0xb1,0xfb,0x0d,0x50,0x40,0xc1,0x00,0x07,0x00,0x81,0xaa,0x0a,0x36,
 0x6b,0x1a,0x29,0xbb,0x46,0xfb,0x0b,0x31,0x30,0x4a,0xe5,0x1a,0x00,0x1a,0xaa,0x62,
 0xb3,0xa9,0x1a,0x48,0x7b,0xb0,0xfb,0x0b,0x6c,0x10,0x42,0x01,0x09,0x00,0x82,0xaa,
 0xaa,0x83,0xb4,0x16,0x8b,0xb0,0x29,0xfb,0xf0,0xe4,0x8d,0x13,0x04,0x39,0x00,0x10,
 0xaa,0x60,0xb2,0xa9,0x3a,0x48,0x7b,0xb1,0xfb,0x09,0x6c,0x90,0x40,0x04,0x1b,0x00,
 0x99,0xaa,0xaa,0x61,0xb4,0x06,0x9b,0xb2,0x36,0xfb,0x19,0x34,0x80,0x40,0x01,0x0d,
 0x00,0x88,0xaa,0x1a,0x08,0x7b,0x3a,0x26,0xbb,0x49,0xfb,0x3e,0x29,0x32,0x01,0x07,
 0x01,0x02,0x01,0xaa,0x1a,0x06,0x8b,0xb3,0xa9,0x62,0xb4,0xfb,0x30,0x4c,0xb0,0xdc,
 0xd8,0x6d,0x02,0x22,0xaa,0x62,0xb4,0xa9,0x1a,0x08,0x7b,0xb3,0xfb,0x07,0x40,0x00,
 0x01,0x04,0x03,0x00,0x91,0xaa,0xaa,0x81,0xb0,0x26,0x8b,0xb4,0x39,0xfb,0x0f,0x44,
 0x8b,0x08,0x32,0x31,0x00,0x1a,0xaa,0x62,0xb3,0xa9,0x0a,0x48,0x7b,0xb1,0xfb,0x59,
 0x74,0x50,0x81,0x8f,0xef,0x02,0x20,0xaa,0x64,0xb0,0xa9,0x2a,0x18,0x7b,0xb3,0xfb,
 0x12,0x88,0xb0,0x66,0x3d,0x40,0x02,0x13,0xaa,0x3a,0x26,0x8b,0x1a,0x07,0xbb,0x49,
 0xfb,0x26,0x3c,0x20,0xef,0xd8,0x3c,0x00,0x10,0xaa,0x60,0xb2,0xa9,0x1a,0x48,0x7b,
 0xb3,0xfb,0x2d,0x36,0xb0,0x5a,0x98,0x32,0x00,0x10,0xaa,0x62,0xb0,0xa9,0x1a,0x48,
 0x7b,0xb3,0xfb,0xdb,0xc6,0xf0,0x80,0x11,0x1a,0x00,0x23,0xaa,0x64,0xb3,0xa9,0x2a,
 0x18,0x7b,0xb0,0xfb,0x1f,0xb8,0xe1,0x80,0x69,0xb2,0x00,0x0c,0xaa,0x61,0xb4,0xa9,
 0x2a,0x08,0x7b,0xb3,0xfb,0x39,0x4b,0xe0,0xf6,0x21,0x33,0x00,0x03,0xaa,0x63,0xb0,
 0xa9,0x1a,0x48,0x7b,0xb2,0xfb,0x2c,0x54,0xb8,0x43,0x03,0x6d,0x03,0x14,0xaa,0x62,
 0xb4,0xa9,0x3a,0x08,0x7b,0xb1,0xfb,0x2a,0xf4,0x14,0xc1,0x28,0xb6,0x02,0x19,0xaa,
 0x63,0xb1,0xa9,0x2a,0x08,0x7b,0xb4,0xfb,0x0f,0x58,0x6d,0xc6,0x0e,0x82,0x02,0x22,
 0xaa,0x62,0xb4,0xa9,0x0a,0x38,0x7b,0xb1,0xfb,0x40,0x7a,0x12,0x83,0x20,0x0c,0x00,
 0x19,0xaa,0x3a,0x16,0x8b,0xb2,0xa9,0x64,0xb0,0xfb,0xbf,0x42,0x83,0x30,0x06,0x1f,
 0x00,0x11,0xaa,0x61,0xb2,0xa9,0x3a,0x48,0x7b,0xb0,0xfb,0x22,0xc8,0xbd,0x81,0x44,
 0x4e,0x02,0x1c,0xaa,0x63,0xb4,0xa9,0x2a,0x08,0x7b,0xb1,0xfb,0x0a,0x68,0x40,0xc1,
 0x01,0x03,0x00,0x81,0xaa,0xaa,0x60,0xb2,0x16,0x8b,0xb4,0x39,0xfb,0x51,0x16,0x76,
 0x1b,0x09,0x0c,0x00,0x02,0xaa,0x62,0xb0,0xa9,0x4a,0x38,0x7b,0xb1,0xfb,0xf0,0xc1,
 0x08,0xc1,0x03,0xc4,0x00,0x01,0xaa,0x60,0xb1,0xa9,0x3a,0x28,0x7b,0xb4,0xfb,0x68,
 0x44,0xa0,0x03,0xf5,0x28,0x00,0x20,0xaa,0x60,0xb4,0xa9,0x1a,0x28,0x7b,0xb3,0xfb,
 0x35,0xd5,0x25,0x02,0x03,0x13,0x02,0x04,0xaa,0x60,0xb4,0xa9,0x3a,0x28,0x7b,0xb1,
 0xfb,0x38,0x4c,0x1e,0x41,0x81,0x73,0x01,0x1c,0xaa,0x64,0xb3,0xa9,0x2a,0x08,0x7b,
 0xb1,0xfb,0xf7,0xb8,0xa1,0x80,0x04,0x0e,0x00,0x11,0xaa,0x62,0xb1,0xa9,0x4a,0x38,
 0x7b,0xb0,0xfb,0x0c,0x18,0x90,0x00,0x03,0x1f,0x00,0x84,0xaa,0x0a,0x48,0x7b,0xb3,
 0xa9,0x61,0xb2,0xfb,0x37,0x85,0x19,0xcc,0x08,0x12,0x00,0x10,0xaa,0x62,0xb0,0xa9,
 0x4a,0x38,0x7b,0xb1,0xfb,0x60,0x5c,0x30,0xe0,0x05,0xf0,0x00,0x04,0xaa,0x64,0xb0,
 0xa9,0x1a,0x38,0x7b,0xb2,0xfb,0x31,0x60,0x0d,0x0b,0xde,0x13,0x00,0x0a,0xaa,0x62,
 0xb1,0xa9,0x4a,0x08,0x7b,0xb3,0xfb,0x10,0x7c,0xd5,0x76,0x1a,0x38,0x00,0x0b,0xaa,
 0x63,0xb1,0xa9,0x0a,0x48,0x7b,0xb2,0xfb,0x8d,0x90,0xc0,0xdc,0x0c,0x0d,0x00,0x18,
 0xaa,0x60,0xb3,0xa9,0x4a,0x18,0x7b,0xb2,0xfb,0xd0,0x60,0xe2,0x80,0x09,0x05,0x02,
 0x01,0xaa,0x61,0xb0,0xa9,0x2a,0x38,0x7b,0xb4,0xfb,0x53,0xb4,0x41,0x81,0x08,0xa0,
 0x02,0x08,0xaa,0x61,0xb0,0xa9,0x2a,0x38,0x7b,0xb4,0xfb,0x12,0x24,0xa3,0xef,0x15,
 0x2b,0x00,0x19,0xaa,0x1a,0x26,0x6b,0x3a,0x07,0xbb,0x49,0xfb,0x4e,0xf8,0xc4,0xc0,
 0x06,0x42,0x00,0x04,0xaa,0x64,0xb0,0xa9,0x2a,0x38,0x7b,0xb1,0xfb,0x7f,0x32,0x63,
 0x03,0x03,0x0c,0x00,0x19,0xaa,0x63,0xb1,0xa9,0x4a,0x28,0x7b,0xb0,0xfb,0x0f,0xe4,
 0x80,0x4c,0xce,0x08,0x02,0x14,0xaa,0x62,0xb4,0xa9,0x0a,0x18,0x7b,0xb3,0xfb,0xdd,
 0x84,0xb0,0x02,0x03,0x81,0x01,0x10,0xaa,0x60,0xb2,0xa9,0x3a,0x18,0x7b,0xb4,0xfb,
 0xca,0x86,0xf0,0xfc,0x0f,0x0c,0x00,0x0a,0xaa,0x61,0xb2,0xa9,0x4a,0x38,0x7b,0xb0,
 0xfb,0x0c,0x38,0x40,0x4a,0x07,0x43,0x00,0x1c,0xaa,0x80,0xb2,0xa9,0x3a,0x46,0x7b,
 0xb1,0xfb,0xc5,0x2e,0x66,0x81,0x05,0xb6,0x01,0x08,0xaa,0x61,0xb0,0xa9,0x2a,0x38,
 0x7b,0xb4,0xfb,0x1d,0x18,0x1d,0xe2,0x37,0x1e,0x00,0x1a,0xaa,0x63,0xb2,0xa9,0x0a,
 0x48,0x7b,0xb1,0xfb,0x68,0xf7,0x06,0xc3,0x04,0x03,0x02,0x0c,0xaa,0x61,0xb4,0xa9,
 0x3a,0x28,0x7b,0xb0,0xfb,0xdc,0x0e,0x52,0x42,0x0f,0x14,0x00,0x0b,0xaa,0x61,0xb3,
 0xa9,0x4a,0x28,0x7b,0xb0,0xfb,0x10,0x88,0x60,0x2a,0x05,0x20,0x00,0x04,0xaa,0x60,
 0xb4,0xa9,0x3a,0x18,0x7b,0xb2,0xfb,0x0c,0x5c,0x20,0x00,0x03,0x09,0x00,0x81,0xaa,
 0x0a,0x18,0x7b,0xb3,0xa9,0x62,0xb4,0xfb,0x10,0x81,0x65,0x82,0x7e,0x0e,0x00,0x08,
 0xaa,0x60,0xb1,0xa9,0x4a,0x28,0x7b,0xb3,0xfb,0xd0,0x61,0x0a,0x41,0xbc,0x32,0x00,
 0x01,0xaa,0x60,0xb1,0xa9,0x2a,0x48,0x7b,0xb3,0xfb,0x65,0x48,0x90,0xfd,0x0d,0x13,
 0x00,0x04,0xaa,0x60,0xb4,0xa9,0x1a,0x38,0x7b,0xb2,0xfb,0xc6,0x96,0xa0,0xc3,0xa7,
 0x13,0x00,0x02,0xaa,0x62,0xb0,0xa9,0x4a,0x18,0x7b,0xb3,0xfb,0xc1,0x9d,0xfa,0x00,
 0xbb,0x35,0x00,0x08,0xaa,0x60,0xb1,0xa9,0x2a,0x48,0x7b,0xb3,0xfb,0x1a,0x70,0x47,
 0xc1,0x7c,0x2d,0x02,0x1c,0xaa,0x63,0xb4,0xa9,0x2a,0x08,0x7b,0xb1,0xfb,0x83,0xe0,
 0x69,0x03,0x03,0xfd,0x00,0x20,0xaa,0x60,0xb4,0xa9,0x3a,0x28,0x7b,0xb1,0xfb,0x06,
 0x40,0x70,0x41,0x02,0x08,0x00,0x8a,0xaa,0x1a,0x08,0x8b,0xb4,0xa9,0x62,0xb3,0xfb,
 0x11,0xd0,0x22,0x29,0x0a,0x5c,0x01,0x0c,0xaa,0x61,0xb4,0xa9,0x0a,0x38,0x7b,0xb2,
 0xfb,0x7a,0xaa,0x80,0x07,0x04,0x18,0x03,0x22,0xaa,0x62,0xb4,0xa9,0x3a,0x18,0x7b,
 0xb0,0xfb,0xfd,0xa4,0x70,0xef,0x04,0xe3,0x00,0x04,0xaa,0x64,0xb0,0xa9,0x3a,0x18,
 0x7b,0xb2,0xfb,0x18,0x7c,0x10,0x8f,0xb2,0xdf,0x01,0x22,0xaa,0x62,0xb4,0xa9,0x0a,
 0x18,0x7b,0xb3,0xfb,0x3f,0xac,0x59,0x5e,0xc1,0x0d,0x00,0x0a,0xaa,0x62,0xb1,0xa9,
 0x4a,0x08,0x7b,0xb3,0xfb,0x82,0xc3,0x80,0xd6,0x03,0x3d,0x00,0x11,0xaa,0x2a,0x48,
 0x7b,0xb1,0xa9,0x63,0xb0,0xfb,0x4a,0xe9,0x01,0x41,0x05,0x16,0x00,0x0c,0xaa,0x61,
 0xb4,0xa9,0x2a,0x38,0x7b,0xb0,0xfb,0x37,0x78,0x29,0x81,0x76,0xb1,0x03,0x19,0xaa,
 0x63,0xb1,0xa9,0x2a,0x08,0x7b,0xb4,0xfb,0xa9,0x3c,0x15,0xc2,0x5d,0x0c,0x00,0x08,
 0xaa,0x60,0xb1,0xa9,0x4a,0x28,0x7b,0xb3,0xfb,0x1d,0xbc,0xba,0xdd,0x0e,0x0c,0x00,
 0x10,0xaa,0x60,0xb2,0xa9,0x4a,0x38,0x7b,0xb1,0xfb,0x57,0x8a,0xc0,0xd0,0x04,0x5c,
 0x03,0x14,0xaa,0x62,0xb4,0xa9,0x3a,0x18,0x7b,0xb0,0xfb,0x41,0xf2,0xc3,0x49,0x08,
 0x12,0x00,0x11,0xaa,0x0a,0x37,0x8b,0xb4,0xa9,0x62,0xb1,0xfb,0x1b,0x57,0x08,0xc1,
 0x58,0x34,0x00,0x0b,0xaa,0x63,0xb1,0xa9,0x2a,0x48,0x7b,0xb0,0xfb,0x8c,0x52,0x40,
 0x15,0x53,0x22,0x00,0x13,0xaa,0x63,0xb2,0xa9,0x1a,0x48,0x7b,0xb0,0xfb,0x2d,0xec,
 0x11,0xc1,0xbc,0x75,0x00,0x0c,0xaa,0x64,0xb1,0xa9,0x2a,0x08,0x7b,0xb3,0xfb,0xd7,
 0x77,0x50,0x01,0x8d,0x61,0x00,0x20,0xaa,0x64,0xb0,0xa9,0x2a,0x18,0x7b,0xb3,0xfb,
 0x2e,0x9c,0xaa,0x8c,0x0f,0x0f,0x00,0x1a,0xaa,0x62,0xb3,0xa9,0x4a,0x08,0x7b,0xb1,
 0xfb,0x80,0xc0,0x51,0x41,0xca,0x27,0x00,0x01,0xaa,0x61,0xb0,0xa9,0x2a,0x48,0x7b,
 0xb3,0xfb,0x17,0x28,0x60,0xc0,0x01,0x0e,0x00,0xa0,0xaa,0x4a,0x08,0x7b,0xb1,0xa9,
 0x62,0xb3,0xfb,0x2b,0xf4,0xc4,0x6c,0x04,0x2b,0x00,0x01,0xaa,0x61,0xb0,0xa9,0x3a,
 0x48,0x7b,0xb2,0xfb,0x1b,0x78,0xb0,0x69,0x1f,0x09,0x03,0x13,0xaa,0x63,0xb2,0xa9,
 0x0a,0x18,0x7b,0xb4,0xfb,0x9d,0x5a,0x90,0xc8,0x2b,0x1f,0x00,0x13,0xaa,0x62,0xb3,
 0xa9,0x1a,0x48,0x7b,0xb0,0xfb,0x47,0x05,0x02,0x41,0x04,0xfd,0x00,0x08,0xaa,0x3a,
 0x08,0x6b,0xb1,0xa9,0x74,0xb2,0xfb,0x5c,0x40,0x80,0x34,0x19,0x35,0x00,0x18,0xaa,
 0x63,0xb0,0xa9,0x1a,0x48,0x7b,0xb2,0xfb,0x2f,0x42,0x10,0x1f,0x41,0x13,0x00,0x10,
 0xaa,0x62,0xb0,0xa9,0x1a,0x48,0x7b,0xb3,0xfb,0x09,0x88,0x20,0x02,0x02,0x0d,0x00,
 0xa1,0xaa,0x4a,0x18,0x7b,0xb2,0xa9,0x63,0xb0,0xfb,0x1b,0x48,0xf0,0x56,0x75,0x29,
 0x00,0x14,0xaa,0x62,0xb4,0xa9,0x1a,0x08,0x7b,0xb3,0xfb,0x19,0xb0,0xd9,0x41,0xae,
 0x34,0x00,0x21,0xaa,0x64,0xb1,0xa9,0x0a,0x28,0x7b,0xb3,0xfb,0x0c,0x48,0xd0,0xd7,
 0x2e,0x3b,0x01,0x14,0xaa,0x64,0xb2,0xa9,0x0a,0x18,0x7b,0xb3,0xfb,0x20,0x80,0xd0,
 0xc0,0x01,0x09,0x00,0x90,0xaa,0x2a,0x08,0x7b,0xb1,0xa9,0x63,0xb4,0xfb,0xcf,0x7d,
 0x80,0x5f,0x04,0x59,0x00,0x04,0xaa,0x60,0xb4,0xa9,0x3a,0x18,0x7b,0xb2,0xfb,0x0e,
 0xfc,0x11,0x81,0xd7,0x3e,0x00,0x0a,0xaa,0x61,0xb2,0xa9,0x0a,0x48,0x7b,0xb3,0xfb,
 0xeb,0x78,0x15,0xc1,0x03,0x82,0x00,0x21,0xaa,0x64,0xb1,0xa9,0x3a,0x28,0x7b,0xb0,
 0xfb,0x14,0xa8,0xe3,0xd0,0xcc,0x2a,0x00,0x11,0xaa,0x61,0xb2,0xa9,0x0a,0x48,0x7b,
 0xb3,0xfb,0x1d,0x74,0x7d,0x51,0x9e,0x1f,0x00,0x13,0xaa,0x62,0xb3,0xa9,0x0a,0x48,
 0x7b,0xb1,0xfb,0x0b,0x56,0xb0,0x1d,0x06,0xad,0x00,0x04,0xaa,0x64,0xb0,0xa9,0x1a,
 0x38,0x7b,0xb2,0xfb,0x3d,0xd7,0x52,0x01,0x0a,0x53,0x00,0x0c,0xaa,0x61,0xb4,0xa9,
 0x2a,0x38,0x7b,0xb0,0xfb,0x18,0x34,0x30,0x08,0x05,0xda,0x01,0x11,0xaa,0x61,0xb2,
 0xa9,0x3a,0x08,0x7b,0xb4,0xfb,0x65,0x34,0x30,0x71,0xb3,0x3a,0x00,0x10,0xaa,0x60,
 0xb2,0xa9,0x1a,0x48,0x7b,0xb3,0xfb,0x0d,0xa1,0x01,0x68,0x06,0x0c,0x00,0x11,0xaa,
 0x61,0xb2,0xa9,0x4a,0x38,0x7b,0xb0,0xfb,0xb1,0x1f,0x74,0x45,0x04,0x12,0x00,0x10,
 0xaa,0x62,0xb0,0xa9,0x3a,0x48,0x7b,0xb1,0xfb,0x69,0x57,0xb0,0x3c,0x0c,0x0f,0x00,
 0x04,0xaa,0x64,0xb0,0xa9,0x1a,0x38,0x7b,0xb2,0xfb,0x63,0x45,0x02,0x02,0x03,0x27,
 0x02,0x0c,0xaa,0x61,0xb4,0xa9,0x3a,0x28,0x7b,0xb0,0xfb,0x5c,0x59,0xc0,0xc0,0x3a,
 0x5c,0x01,0x20,0xaa,0x60,0xb4,0xa9,0x2a,0x18,0x7b,0xb3,0xfb,0x87,0x34,0x00,0x35,
 0x46,0x0e,0x00,0x1a,0xaa,0x63,0xb2,0xa9,0x1a,0x48,0x7b,0xb0,0xfb,0x08,0x4c,0x40,
 0x01,0x05,0x07,0x00,0x8a,0xaa,0x2a,0x38,0x6b,0x4a,0x08,0xbb,0x19,0xfb,0xb6,0x3c,
 0xd0,0xc0,0x14,0xe5,0x00,0x1c,0xaa,0x4a,0x36,0x8b,0xb1,0xa9,0x62,0xb0,0xfb,0x19,
 0xe0,0x5e,0x22,0x0a,0x5b,0x02,0x14,0xaa,0x62,0xb4,0xa9,0x0a,0x38,0x7b,0xb1,0xfb,
 0x15,0x8c,0xd2,0x10,0x06,0xe6,0x01,0x0a,0xaa,0x61,0xb2,0xa9,0x0a,0x38,0x7b,0xb4,
 0xfb,0x82,0x36,0x70,0x6c,0x68,0x35,0x00,0x1a,0xaa,0x63,0xb2,0xa9,0x1a,0x48,0x7b,
 0xb0,0xfb,0x23,0xf6,0xf1,0x02,0x04,0xd4,0x02,0x01,0xaa,0x61,0xb0,0xa9,0x3a,0x28,
 0x7b,0xb4,0xfb,0x1c,0x50,0xb6,0xc5,0x03,0x25,0x01,0x22,0xaa,0x64,0xb2,0xa9,0x3a,
 0x08,0x7b,0xb1,0xfb,0x0d,0x24,0x90,0x01,0x01,0x0d,0x00,0x82,0xaa,0x0a,0x28,0x7b,
 0x3a,0x16,0xbb,0x49,0xfb,0x36,0x6c,0x30,0x82,0xeb,0x12,0x00,0x04,0xaa,0x64,0xb0,
 0xa9,0x1a,0x28,0x7b,0xb3,0xfb,0x83,0x2a,0xf0,0xc0,0x0a,0x26,0x00,0x21,0xaa,0x61,
 0xb4,0xa9,0x2a,0x38,0x7b,0xb0,0xfb,0x20,0x80,0x00,0x7d,0x52,0x37,0x03,0x1c,0xaa,
 0x63,0xb4,0xa9,0x0a,0x18,0x7b,0xb2,0xfb,0xd5,0x58,0x20,0xc2,0xb6,0xc3,0x00,0x04,
 0xaa,0x64,0xb0,0xa9,0x1a,0x28,0x7b,0xb3,0xfb,0xb6,0xe6,0x93,0x82,0x04,0x27,0x03,
 0x0c,0xaa,0x61,0xb4,0xa9,0x3a,0x28,0x7b,0xb0,0xfb,0x0c,0xfd,0xca,0xb2,0x08,0x16,
 0x00,0x10,0xaa,0x60,0xb2,0xa9,0x4a,0x38,0x7b,0xb1,0xfb,0x16,0x94,0x10,0xc1,0x26,
 0x6e,0x01,0x19,0xaa,0x63,0xb1,0xa9,0x2a,0x08,0x7b,0xb4,0xfb,0x15,0x48,0xc0,0xd6,
 0x2c,0x9d,0x00,0x23,0xaa,0x64,0xb3,0xa7,0x1a,0x28,0x9b,0xb0,0xfb,0xbe,0x50,0xea,
 0x82,0x84,0x0f,0x00,0x18,0xaa,0x60,0xb3,0xa9,0x4a,0x28,0x7b,0xb1,0xfb,0x07,0x20,
 0x80,0x00,0x07,0x02,0x00,0x8b,0xaa,0x4a,0x38,0x9b,0xb0,0xa6,0x61,0xb2,0xfb,0x3c,
 0x30,0xe3,0x40,0xd6,0x3e,0x00,0x01,0xaa,0x61,0xb0,0xa9,0x2a,0x48,0x7b,0xb3,0xfb,
 0x11,0x28,0x49,0x30,0x0c,0xd6,0x01,0x0c,0xaa,0x64,0xb1,0xa9,0x0a,0x38,0x7b,0xb2,
 0xfb,0x06,0x68,0xa0,0x41,0x03,0x07,0x00,0x99,0xaa,0x3a,0x18,0x7b,0xb2,0xa9,0x60,
 0xb4,0xfb,0xf7,0x4a,0xf7,0x82,0x7b,0x11,0x00,0x0b,0xaa,0x61,0xb3,0xa9,0x4a,0x28,
 0x7b,0xb0,0xfb,0x05,0x20,0x80,0x00,0x05,0x10,0x00,0xa3,0xaa,0x4a,0x38,0x7b,0xb1,
 0xa9,0x60,0xb2,0xfb,0x1b,0x34,0x60,0x00,0x02,0x0f,0x00,0x88,0xaa,0xaa,0x61,0xb0,
 0x28,0x9b,0xb4,0x36,0xfb,0x0c,0x14,0xf0,0x80,0x00,0x0c,0x00,0x82,0xaa,0x0a,0x48,
 0x8b,0xb1,0xa9,0x82,0xb3,0xfb,0xc4,0x39,0x50,0x42,0x08,0xcb,0x00,0x14,0xaa,0x64,
 0xb2,0xa9,0x1a,0x38,0x7b,0xb0,0xfb,0x27,0x0c,0xd3,0x1d,0x05,0xf0,0x02,0x0a,0xaa,
 0x61,0xb2,0xa9,0x3a,0x08,0x7b,0xb4,0xfb,0x3b,0x74,0xbb,0x40,0xa9,0x0c,0x00,0x11,
 0xaa,0x62,0xb1,0xa9,0x4a,0x08,0x7b,0xb3,0xfb,0xe3,0x5e,0xa2,0x43,0x34,0x0d,0x00,
 0x0b,0xaa,0x61,0xb3,0xa9,0x4a,0x28,0x7b,0xb0,0xfb,0x32,0x79,0x83,0xb0,0x09,0x15,
 0x00,0x08,0xaa,0x61,0xb0,0xa9,0x4a,0x38,0x7b,0xb2,0xfb,0x28,0x14,0x9f,0x81,0xc7,
 0x2a,0x00,0x23,0xaa,0x64,0xb3,0xa9,0x2a,0x08,0x7b,0xb1,0xfb,0xf6,0x31,0x40,0x82,
 0x7e,0x86,0x01,0x03,0xaa,0x60,0xb3,0xa9,0x1a,0x28,0x7b,0xb4,0xfb,0x09,0x34,0x40,
 0x80,0x06,0x1a,0x00,0x8b,0xaa,0x3a,0x28,0x8b,0xb0,0xa9,0x61,0xb4,0xfb,0x07,0xa5,
 0xb0,0xa1,0x03,0x41,0x02,0x04,0xaa,0x60,0xb4,0xa9,0x3a,0x18,0x7b,0xb2,0xfb,0x0e,
 0x74,0x60,0x41,0x02,0x07,0x00,0x81,0xaa,0x2a,0x46,0x9b,0xb1,0xa6,0x60,0xb3,0xfb,
 0x1a,0xb1,0xd8,0x80,0xb5,0x2e,0x00,0x03,0xaa,0x60,0xb3,0xa9,0x2a,0x48,0x7b,0xb1,
 0xfb,0xef,0x3c,0x90,0xab,0x88,0x27,0x00,0x10,0xaa,0x0a,0x26,0x8b,0xb1,0xa9,0x64,
 0xb3,0xfb,0xb3,0xb9,0x18,0xc1,0x06,0x12,0x00,0x21,0xaa,0x4a,0x16,0x8b,0xb2,0xa9,
 0x70,0xb3,0xfb,0x0c,0x7a,0x10,0x01,0x2b,0xe1,0x01,0x18,0xaa,0x63,0xb0,0xa9,0x2a,
 0x18,0x7b,0xb4,0xfb,0x95,0x6d,0xe0,0x20,0x04,0x7a,0x00,0x22,0xaa,0x4a,0x26,0x8b,
 0xb3,0xa9,0x61,0xb0,0xfb,0x16,0x20,0x00,0x47,0xf6,0x2d,0x00,0x11,0xaa,0x62,0xb1,
 0xa9,0x0a,0x48,0x7b,0xb3,0xfb,0xbb,0xd5,0xe2,0x00,0x0e,0xf6,0x02,0x01,0xaa,0x61,
 0xb0,0xa9,0x2a,0x38,0x7b,0xb4,0xfb,0x66,0x7d,0xb0,0x81,0x78,0x22,0x03,0x18,0xaa,
 0x60,0xb3,0xa9,0x2a,0x18,0x7b,0xb4,0xfb,0x18,0x3c,0xd0,0xcd,0x64,0x4e,0x01,0x1a,
 0xaa,0x62,0xb3,0xa9,0x1a,0x08,0x7b,0xb4,0xfb,0x10,0xa8,0x63,0xcf,0x0a,0x9c,0x02,
 0x0a,0xaa,0x61,0xb2,0xa9,0x0a,0x38,0x7b,0xb4,0xfb,0xca,0xd9,0x04,0x41,0x0a,0x70,
 0x02,0x01,0xaa,0x61,0xb0,0xa9,0x2a,0x38,0x7b,0xb4,0xfb,0xca,0xf9,0x35,0x96,0x07,
 0x0d,0x00,0x08,0xaa,0x61,0xb0,0xa9,0x4a,0x38,0x7b,0xb2,0xfb,0x33,0x2c,0xe1,0x00,
 0xb1,0x45,0x00,0x0c,0xaa,0x64,0xb1,0xa9,0x2a,0x08,0x7b,0xb3,0xfb,0xb8,0x95,0x50,
 0xc0,0x16,0x0c,0x00,0x13,0xaa,0x62,0xb3,0xa9,0x4a,0x18,0x7b,0xb0,0xfb,0xb8,0x8e,
 0x40,0x81,0x0d,0x2a,0x00,0x23,0xaa,0x64,0xb3,0xa9,0x2a,0x18,0x7b,0xb0,0xfb,0x09,
 0x7c,0xb0,0x40,0x01,0x05,0x00,0x91,0xaa,0x1a,0x06,0x9b,0xb3,0xa6,0x62,0xb4,0xfb,
 0x15,0x44,0x13,0xd6,0x04,0x7f,0x03,0x0c,0xaa,0x61,0xb4,0xa9,0x3a,0x08,0x7b,0xb2,
 0xfb,0x0d,0xfc,0x80,0x08,0x32,0x25,0x03,0x13,0xaa,0x62,0xb3,0xa9,0x0a,0x18,0x7b,
 0xb4,0xfb,0xb1,0x3e,0xa0,0xc5,0x0b,0x26,0x01,0x14,0xaa,0x64,0xb2,0xa9,0x1a,0x38,
 0x7b,0xb0,0xfb,0xf7,0x88,0x1d,0x83,0x04,0x89,0x00,0x04,0xaa,0x64,0xb0,0xa9,0x3a,
 0x28,0x7b,0xb1,0xfb,0xcb,0x80,0xf0,0xc1,0xf5,0x0d,0x00,0x04,0xaa,0x64,0xb0,0xa9,
 0x2a,0x18,0x7b,0xb3,0xfb,0x13,0xb8,0xf0,0xf3,0x80,0x05,0x02,0x1c,0xaa,0x63,0xb4,
 0xa9,0x0a,0x18,0x7b,0xb2,0xfb,0x05,0x54,0x10,0x41,0x05,0x09,0x00,0x91,0xaa,0x2a,
 0x18,0x7b,0xb3,0xa9,0x60,0xb4,0xfb,0xc6,0xa5,0x12,0xc1,0xbf,0x1d,0x00,0x19,0xaa,
 0x61,0xb3,0xa9,0x2a,0x48,0x7b,0xb0,0xfb,0x1c,0x20,0xc0,0x41,0x03,0x06,0x00,0x98,
 0xaa,0x3a,0x08,0x7b,0xb2,0xa9,0x64,0xb1,0xfb,0x22,0x5a,0x20,0x82,0x06,0x4e,0x02,
 0x22,0xaa,0x2a,0x46,0x8b,0xb1,0xa9,0x63,0xb0,0xfb,0xb7,0x6b,0x00,0x0a,0xb6,0x26,
 0x00,0x13,0xaa,0x62,0xb3,0xa9,0x1a,0x48,0x7b,0xb0,0xfb,0x11,0x64,0xcb,0xc2,0x52,
 0x7d,0x00,0x1c,0xaa,0x64,0xb3,0xa9,0x0a,0x28,0x7b,0xb1,0xfb,0x8a,0xae,0xe0,0xa3,
 0x05,0x0e,0x00,0x18,0xaa,0x63,0xb0,0xa9,0x4a,0x18,0x7b,0xb2,0xfb,0x18,0xa8,0x90,
 0x7d,0x39,0x43,0x01,0x23,0xaa,0x63,0xb4,0xa9,0x0a,0x18,0x7b,0xb2,0xfb,0x6a,0x27,
 0xed,0xc0,0x0f,0x6e,0x00,0x20,0xaa,0x64,0xb0,0xa9,0x2a,0x38,0x7b,0xb1,0xfb,0x15,
 0x68,0x60,0x42,0x82,0x32,0x02,0x14,0xaa,0x62,0xb4,0xa9,0x0a,0x18,0x7b,0xb3,0xfb,
 0x26,0xe1,0xf0,0xc0,0x0c,0xf6,0x02,0x08,0xaa,0x60,0xb1,0xa9,0x2a,0x38,0x7b,0xb4,
 0xfb,0xaa,0x45,0x30,0xf5,0xc7,0x1b,0x00,0x13,0xaa,0x63,0xb2,0xa9,0x1a,0x48,0x7b,
 0xb0,0xfb,0x10,0xfc,0x3a,0x49,0x0f,0xbf,0x03,0x11,0xaa,0x62,0xb1,0xa9,0x0a,0x38,
 0x7b,0xb4,0xfb,0x3f,0xf0,0x40,0x55,0xea,0x0f,0x00,0x11,0xaa,0x62,0xb1,0xa9,0x4a,
 0x08,0x7b,0xb3,0xfb,0x1d,0x20,0x80,0x00,0x03,0x1c,0x00,0xa0,0xaa,0x3a,0x48,0x9b,
 0x1a,0x26,0xbb,0x06,0xfb,0x1c,0x70,0xf0,0xcc,0x23,0x09,0x03,0x13,0xaa,0x63,0xb2,
 0xa9,0x0a,0x18,0x7b,0xb4,0xfb,0x0e,0x78,0x40,0x58,0xce,0x07,0x03,0x1c,0xaa,0x64,
 0xb3,0xa9,0x0a,0x18,0x7b,0xb2,0xfb,0xad,0x33,0xd0,0xc2,0x80,0x35,0x01,0x20,0xaa,
 0x64,0xb0,0xa9,0x1a,0x28,0x7b,0xb3,0xfb,0x06,0x48,0x90,0x80,0x0a,0x06,0x00,0x99,
 0xaa,0xaa,0x63,0xb0,0x48,0x9b,0xb2,0x16,0xfb,0x9a,0x44,0x70,0xed,0x0a,0x2e,0x00,
 0x20,0xaa,0x2a,0x37,0x9b,0x0a,0x16,0xbb,0x46,0xfb,0x19,0x24,0x90,0xc1,0x08,0x08,
 0x00,0x98,0xaa,0x0a,0x38,0x7b,0xb2,0xa9,0x64,0xb1,0xfb,0x26,0x94,0xe0,0x00,0x81,
 0x3e,0x00,0x20,0xaa,0x60,0xb4,0xa9,0x2a,0x18,0x7b,0xb3,0xfb,0x20,0x68,0x70,0x00,
 0x08,0x09,0x00,0x88,0xaa,0x1a,0x08,0x7b,0xb3,0xa9,0x62,0xb4,0xfb,0x5d,0xac,0x61,
 0x81,0x93,0x1b,0x00,0x01,0xaa,0x61,0xb0,0xa9,0x2a,0x48,0x7b,0xb3,0xfb,0x16,0x34,
 0x50,0x29,0x43,0xef,0x00,0x14,0xaa,0x64,0xb2,0xa9,0x1a,0x08,0x7b,0xb3,0xfb,0x22,
 0x0c,0x61,0x01,0xba,0x85,0x00,0x21,0xaa,0x64,0xb1,0xa9,0x2a,0x08,0x7b,0xb3,0xfb,
 0x0e,0x32,0xf0,0x82,0xf3,0x9e,0x03,0x1c,0xaa,0x64,0xb3,0xa9,0x1a,0x28,0x7b,0xb0,
 0xfb,0x1b,0x24,0x71,0xed,0xda,0x21,0x00,0x11,0xaa,0x62,0xb1,0xa9,0x0a,0x48,0x7b,
 0xb3,0xfb,0x17,0xf8,0xec,0x17,0xa7,0x25,0x00,0x13,0xaa,0x62,0xb3,0xa9,0x0a,0x48,
 0x7b,0xb1,0xfb,0x1f,0x40,0x70,0x47,0x67,0x1a,0x00,0x10,0xaa,0x62,0xb0,0xa9,0x1a,
 0x48,0x7b,0xb3,0xfb,0xc2,0x9f,0xc0,0xa4,0xb1,0x13,0x00,0x10,0xaa,0x62,0xb0,0xa9,
 0x4a,0x18,0x7b,0xb3,0xfb,0x0f,0x50,0x20,0x48,0xd1,0x38,0x00,0x11,0xaa,0x62,0xb1,
 0xa9,0x0a,0x48,0x7b,0xb3,0xfb,0x1f,0x20,0x90,0x41,0x06,0x07,0x00,0x82,0xaa,0x2a,
 0x08,0x7b,0xb3,0xa9,0x64,0xb1,0xfb,0x16,0x94,0xd0,0x70,0xe6,0xd9,0x02,0x23,0xaa,
 0x64,0xb3,0xa9,0x0a,0x18,0x7b,0xb2,0xfb,0x0d,0x44,0x70,0x02,0x01,0x09,0x00,0x91,
 0xaa,0x1a,0x28,0x7b,0x3a,0x46,0xbb,0x09,0xfb,0x87,0x6e,0x75,0x38,0x06,0x1c,0x00,
 0x11,0xaa,0x61,0xb2,0xa9,0x3a,0x48,0x7b,0xb0,0xfb,0x15,0x44,0x50,0x80,0x01,0x1b,
 0x00,0x84,0xaa,0x1a,0x27,0x9b,0xb3,0xa6,0x60,0xb4,0xfb,0x4e,0x7b,0xa3,0x81,0x5e,
 0x21,0x00,0x19,0xaa,0x61,0xb3,0xa9,0x2a,0x48,0x7b,0xb0,0xfb,0x03,0x48,0xc0,0x40,
 0x02,0x22,0x00,0xa1,0xaa,0x2a,0x08,0x8b,0x4a,0x37,0xbb,0x19,0xfb,0x21,0xd0,0x88,
 0x48,0x03,0x9f,0x01,0x11,0xaa,0x62,0xb1,0xa9,0x3a,0x08,0x7b,0xb4,0xfb,0x1a,0x60,
 0x90,0xc0,0x00,0x18,0x00,0x81,0xaa,0x1a,0x08,0x7b,0xb4,0xa9,0x63,0xb2,0xfb,0x11,
 0x67,0x7b,0xc1,0xb2,0x21,0x00,0x18,0xaa,0x63,0xb0,0xa9,0x2a,0x48,0x7b,0xb1,0xfb,
 0x27,0x74,0xf0,0x61,0x1e,0x0e,0x00,0x19,0xaa,0x63,0xb1,0xa9,0x4a,0x08,0x7b,0xb2,
 0xfb,0x18,0x44,0x20,0x00,0x02,0x06,0x00,0x88,0xaa,0x1a,0x36,0x8b,0xb0,0xa9,0x82,
 0xb4,0xfb,0x08,0x48,0xf0,0x01,0x07,0x09,0x00,0x93,0xaa,0x1a,0x49,0x8b,0x2a,0x06,
 0xbb,0x37,0xfb,0xe5,0x03,0xe8,0x67,0x04,0x3c,0x00,0x11,0xaa,0x61,0xb2,0xa9,0x3a,
 0x48,0x7b,0xb0,0xfb,0x12,0x24,0x70,0x80,0x02,0x2d,0x00,0xa0,0xaa,0x3a,0x18,0x8b,
 0x0a,0x26,0xbb,0x49,0xfb,0x2a,0x79,0x2b,0x59,0x04,0x2c,0x00,0x10,0xaa,0x60,0xb2,
 0xa9,0x3a,0x48,0x7b,0xb1,0xfb,0x02,0x24,0x90,0xc1,0x05,0x19,0x00,0x9a,0xaa,0xaa,
 0x92,0xb4,0x06,0x8b,0xb1,0x36,0xfb,0xba,0x77,0xe0,0x01,0xf9,0x3f,0x03,0x18,0xaa,
 0x60,0xb3,0xa9,0x1a,0x28,0x7b,0xb4,0xfb,0x16,0x1c,0x40,0x80,0x06,0x16,0x00,0x83,
 0xaa,0x60,0xb3,0xa6,0x94,0x2a,0x16,0xbb,0xfb,0x03,0x24,0x50,0x81,0x07,0x1e,0x00,
 0x93,0xaa,0x3a,0x46,0x9b,0xb0,0xa6,0x62,0xb1,0xfb,0x72,0x45,0x6d,0x4e,0x05,0x29,
 0x00,0x10,0xaa,0x62,0xb0,0xa9,0x3a,0x48,0x7b,0xb1,0xfb,0x09,0x0c,0xf0,0x01,0x05,
 0x14,0x00,0x93,0xaa,0x3a,0x28,0x7b,0xb4,0xa9,0x61,0xb0,0xfb,0x05,0x50,0x70,0xc0,
 0x07,0x14,0x00,0x99,0xaa,0x1a,0x38,0x7b,0xb4,0xa9,0x60,0xb2,0xfb,0xa3,0x30,0x80,
 0x0e,0x05,0xed,0x00,0x20,0xaa,0x60,0xb4,0xa9,0x1a,0x38,0x7b,0xb2,0xfb,0x2e,0xcb,
 0x2b,0xc1,0x0b,0x4e,0x03,0x0c,0xaa,0x2a,0x38,0x6b,0xb1,0xa9,0x74,0xb0,0xfb,0xb2,
 0xe7,0x30,0xf3,0x03,0x56,0x03,0x04,0xaa,0x64,0xb0,0xa9,0x3a,0x18,0x7b,0xb2,0xfb,
 0x82,0x1b,0x0e,0xe1,0x0b,0x0c,0x00,0x08,0xaa,0x60,0xb1,0xa9,0x4a,0x38,0x7b,0xb2,
 0xfb,0x12,0x58,0x45,0xc8,0x03,0x17,0x00,0x02,0xaa,0x62,0xb0,0xa9,0x3a,0x48,0x7b,
 0xb1,0xfb,0x28,0xa0,0xad,0x70,0x06,0xc7,0x03,0x0a,0xaa,0x62,0xb1,0xa9,0x3a,0x08,
 0x7b,0xb4,0xfb,0x29,0x60,0x6f,0x3c,0x03,0xc5,0x01,0x11,0xaa,0x62,0xb1,0xa9,0x3a,
 0x08,0x7b,0xb4,0xfb,0x15,0x20,0xb0,0x41,0x04,0x03,0x00,0x90,0xaa,0x3a,0x16,0x8b,
 0x2a,0x07,0xbb,0x49,0xfb,0x37,0x0c,0xdb,0x00,0xae,0xf3,0x00,0x0c,0xaa,0x64,0xb1,
 0xa9,0x2a,0x08,0x7b,0xb3,0xfb,0x11,0xa0,0x90,0x28,0xbe,0x16,0x03,0x23,0xaa,0x63,
 0xb4,0xa9,0x0a,0x18,0x7b,0xb2,0xfb,0x92,0xd5,0xe2,0x80,0x03,0x5c,0x01,0x20,0xaa,
 0x64,0xb0,0xa9,0x2a,0x38,0x7b,0xb1,0xfb,0x7e,0x29,0x4d,0xd3,0x06,0x0f,0x00,0x11,
 0xaa,0x62,0xb1,0xa9,0x4a,0x38,0x7b,0xb0,0xfb,0xb1,0x27,0xfc,0x40,0xb0,0x36,0x00,
 0x03,0xaa,0x63,0xb0,0xa9,0x2a,0x48,0x7b,0xb1,0xfb,0xe0,0xbc,0xf0,0x80,0x9c,0xb0,
 0x02,0x03,0xaa,0x60,0xb3,0xa9,0x2a,0x18,0x7b,0xb4,0xfb,0x5e,0x20,0x47,0x41,0x61,
 0x14,0x00,0x01,0xaa,0x61,0xb0,0xa9,0x2a,0x48,0x7b,0xb3,0xfb,0xc6,0x3a,0xca,0x81,
 0x3d,0x1a,0x00,0x19,0xaa,0x63,0xb1,0xa9,0x4a,0x28,0x7b,0xb0,0xfb,0x2b,0x3d,0x90,
 0x42,0x97,0xc9,0x00,0x20,0xaa,0x64,0xb0,0xa9,0x1a,0x28,0x7b,0xb3,0xfb,0x95,0x46,
 0xf0,0x40,0xde,0xe0,0x00,0x03,0xaa,0x60,0xb3,0xa9,0x2a,0x18,0x7b,0xb4,0xfb,0x0c,
 0x28,0x5a,0xcd,0x0d,0x1f,0x01,0x14,0xaa,0x62,0xb4,0xa9,0x0a,0x38,0x7b,0xb1,0xfb,
 0x16,0x18,0x80,0xc1,0x01,0x1c,0x00,0x94,0xaa,0x2a,0x48,0x7b,0xb0,0xa9,0x61,0xb3,
 0xfb,0xa7,0x55,0x50,0xc2,0xb5,0xf2,0x02,0x03,0xaa,0x60,0xb3,0xa9,0x1a,0x28,0x7b,
 0xb4,0xfb,0x11,0xf0,0x72,0x57,0x6a,0x0c,0x00,0x1a,0xaa,0x62,0xb3,0xa9,0x4a,0x08,
 0x7b,0xb1,0xfb,0x13,0x18,0x80,0x81,0x01,0x03,0x00,0x90,0xaa,0x0a,0x28,0x7b,0xb1,
 0xa9,0x64,0xb3,0xfb,0x35,0x38,0xd0,0xed,0x02,0xb7,0x01,0x23,0xaa,0x63,0xb4,0xa9,
 0x1a,0x08,0x7b,0xb2,0xfb,0x3f,0x54,0x0f,0x01,0x94,0xf6,0x02,0x1c,0xaa,0x63,0xb4,
 0xa9,0x2a,0x08,0x7b,0xb1,0xfb,0x38,0x0c,0xaa,0x6b,0xd6,0x0d,0x00,0x0b,0xaa,0x61,
 0xb3,0xa9,0x4a,0x08,0x7b,0xb2,0xfb,0x2d,0x3e,0xe0,0x25,0x0b,0x26,0x00,0x13,0xaa,
 0xaa,0x84,0xb0,0x36,0x9b,0xb2,0x16,0xfb,0x2e,0x86,0xc1,0x01,0x05,0x03,0x00,0x0c,
 0xaa,0x64,0xb1,0xa9,0x3a,0x28,0x7b,0xb0,0xfb,0x81,0x36,0x20,0xc3,0x21,0x3b,0x01,
 0x23,0xaa,0x63,0xb4,0xa9,0x1a,0x28,0x7b,0xb0,0xfb,0x6a,0x3f,0xd0,0x93,0x83,0x17,
 0x00,0x18,0xaa,0x63,0xb0,0xa9,0x1a,0x48,0x7b,0xb2,0xfb,0xa4,0xaa,0xe7,0x80,0xb1,
 0x32,0x00,0x0b,0xaa,0x61,0xb3,0xa9,0x2a,0x48,0x7b,0xb0,0xfb,0x23,0x4f,0xf2,0xc2,
 0x03,0xae,0x02,0x01,0xaa,0x61,0xb0,0xa9,0x3a,0x28,0x7b,0xb4,0xfb,0x12,0xcb,0x89,
 0x81,0xda,0x22,0x00,0x19,0xaa,0x61,0xb3,0xa9,0x2a,0x48,0x7b,0xb0,0xfb,0x09,0x24,
 0xb0,0x81,0x04,0x22,0x00,0xa2,0xaa,0x2a,0x48,0x7b,0x0a,0x16,0xbb,0x39,0xfb,0x60,
 0x04,0xcf,0x65,0x06,0x27,0x00,0x02,0xaa,0x62,0xb0,0xa9,0x3a,0x48,0x7b,0xb1,0xfb,
 0x15,0x24,0xbc,0xd9,0xb4,0x15,0x00,0x0b,0xaa,0x63,0xb1,0xa9,0x0a,0x48,0x7b,0xb2,
 0xfb,0x70,0x92,0xc9,0x7d,0x0a,0x10,0x00,0x0a,0xaa,0x61,0xb2,0xa9,0x4a,0x38,0x7b,
 0xb0,0xfb,0x12,0xfc,0x34,0x81,0x27,0xe0,0x03,0x1c,0xaa,0x63,0xb4,0xa9,0x0a,0x28,
 0x7b,0xb1,0xfb,0x2a,0xc8,0x7b,0x3a,0xc7,0x17,0x00,0x0b,0xaa,0x61,0xb3,0xa9,0x4a,
 0x08,0x7b,0xb2,0xfb,0x19,0xc4,0xf5,0xc0,0x45,0x15,0x00,0x1c,0xaa,0x64,0xb3,0xa9,
 0x2a,0x08,0x7b,0xb1,0xfb,0x0c,0xc4,0xb4,0x81,0x81,0xb0,0x01,0x1c,0xaa,0x64,0xb3,
 0xa9,0x0a,0x28,0x7b,0xb1,0xfb,0x19,0x3f,0x93,0x83,0x03,0x2b,0x00,0x0c,0xaa,0x61,
 0xb4,0xa9,0x3a,0x28,0x7b,0xb0,0xfb,0xd2,0x11,0x16,0x81,0xf0,0x1d,0x00,0x0b,0xaa,
 0x61,0xb3,0xa9,0x2a,0x48,0x7b,0xb0,0xfb,0x17,0x88,0x60,0x40,0x02,0x20,0x00,0x81,
 0xaa,0x0a,0x18,0x7b,0xb4,0xa9,0x62,0xb3,0xfb,0xee,0x51,0x40,0xd6,0x3c,0x0d,0x00,
 0x10,0xaa,0x62,0xb0,0xa9,0x4a,0x18,0x7b,0xb3,0xfb,0x91,0x54,0xb6,0xac,0x05,0x21,
 0x00,0x01,0xaa,0x60,0xb1,0xa9,0x3a,0x48,0x7b,0xb2,0xfb,0x0b,0x50,0x40,0x81,0x00,
 0x02,0x00,0x81,0xaa,0x0a,0x18,0x7b,0xb2,0xa9,0x83,0xb4,0xfb,0x16,0x10,0x00,0x42,
 0x02,0x15,0x00,0xa2,0xaa,0x4a,0x28,0x7b,0xb0,0xa9,0x61,0xb3,0xfb,0xb8,0x66,0x00,
 0xc2,0x5d,0x16,0x00,0x0b,0xaa,0xaa,0x64,0xb2,0x06,0x8b,0xb1,0x39,0xfb,0xae,0x85,
 0x31,0x80,0x04,0x18,0x00,0x11,0xaa,0x62,0xb1,0xa9,0x3a,0x48,0x7b,0xb0,0xfb,0x17,
 0x40,0x4e,0x01,0x0a,0x7c,0x01,0x14,0xaa,0x0a,0x27,0x8b,0x4a,0x38,0xbb,0x19,0xfb,
 0x1b,0x24,0x40,0x40,0x06,0x19,0x00,0x83,0xaa,0x3a,0x08,0x7b,0xb4,0xa9,0x62,0xb1,
 0xfb,0x1b,0x5c,0x6d,0x07,0x08,0x4c,0x01,0x22,0xaa,0x62,0xb4,0xa9,0x0a,0x38,0x7b,
 0xb1,0xfb,0x22,0x68,0x20,0x42,0x02,0x08,0x00,0x88,0xaa,0x1a,0x08,0x7b,0xb2,0xa9,
 0x64,0xb3,0xfb,0x11,0x10,0x80,0x00,0x01,0x18,0x00,0xa0,0xaa,0x0a,0x46,0x6b,0x1a,
 0x39,0xbb,0x26,0xfb,0x0f,0x0c,0x30,0x40,0x05,0x0f,0x00,0x98,0xaa,0x0a,0x38,0x9b,
 0x1a,0x28,0xbb,0x46,0xfb,0x0f,0xf0,0xce,0x40,0x26,0x8a,0x01,0x21,0xaa,0x64,0xb1,
 0xa9,0x2a,0x08,0x7b,0xb3,0xfb,0x8a,0x73,0x6f,0x81,0x0b,0x26,0x01,0x04,0xaa,0x64,
 0xb0,0xa9,0x2a,0x38,0x7b,0xb1,0xfb,0x38,0x3c,0xd0,0xb2,0xd6,0xec,0x01,0x1c,0xaa,
 0x64,0xb3,0xa9,0x1a,0x08,0x7b,0xb2,0xfb,0x58,0xc2,0x50,0xe2,0xa2,0x0d,0x00,0x1a,
 0xaa,0x62,0xb3,0xa9,0x4a,0x18,0x7b,0xb0,0xfb,0x09,0x0c,0xc0,0x00,0x09,0x11,0x00,
 0x9c,0xaa,0x2a,0x46,0x6b,0x3a,0x19,0xbb,0x06,0xfb,0x27,0xe8,0xa2,0x25,0x04,0x92,
 0x03,0x0c,0xaa,0x61,0xb4,0xa9,0x3a,0x08,0x7b,0xb2,0xfb,0x2b,0x8d,0xd0,0xf7,0x89,
 0x1a,0x00,0x03,0xaa,0x60,0xb3,0xa9,0x4a,0x18,0x7b,0xb2,0xfb,0x18,0xa8,0x0b,0x82,
 0xf9,0x66,0x00,0x23,0xaa,0x64,0xb3,0xa9,0x0a,0x28,0x7b,0xb1,0xfb,0xb0,0x96,0x10,
 0x01,0x35,0x63,0x02,0x18,0xaa,0x63,0xb0,0xa9,0x2a,0x18,0x7b,0xb4,0xfb,0x21,0x74,
 0x36,0x5a,0x03,0x57,0x00,0x0c,0xaa,0x61,0xb4,0xa9,0x3a,0x08,0x7b,0xb2,0xfb,0x22,
 0x08,0xf1,0x40,0x8a,0x25,0x00,0x08,0xaa,0x60,0xb1,0xa9,0x2a,0x48,0x7b,0xb3,0xfb,
 0x1d,0x80,0x70,0x4a,0x3a,0x98,0x03,0x1a,0xaa,0x62,0xb3,0xa9,0x0a,0x18,0x7b,0xb4,
 0xfb,0x19,0xd8,0x8c,0x6d,0x09,0x7e,0x03,0x0a,0xaa,0x62,0xb1,0xa9,0x0a,0x38,0x7b,
 0xb4,0xfb,0x2d,0xdf,0x6a,0x41,0xb8,0x21,0x00,0x03,0xaa,0x63,0xb0,0xa9,0x2a,0x48,
 0x7b,0xb1,0xfb,0x10,0xa0,0x90,0xe7,0x2b,0xaf,0x00,0x23,0xaa,0x63,0xb4,0xa9,0x0a,
 0x18,0x7b,0xb2,0xfb,0x06,0x58,0x50,0x80,0x06,0x16,0x00,0x8b,0xaa,0x61,0xb3,0xa6,
 0x94,0x2a,0x06,0xbb,0xfb,0x2c,0x88,0x1b,0x25,0x67,0x0e,0x00,0x0b,0xaa,0x63,0xb1,
 0xa9,0x4a,0x08,0x7b,0xb2,0xfb,0x17,0x20,0x50,0xc0,0x08,0x08,0x00,0x83,0xaa,0x0a,
 0x38,0x7b,0xb2,0xa9,0x61,0xb4,0xfb,0xbb,0xec,0xdb,0x68,0x05,0x20,0x00,0x08,0xaa,
 0x60,0xb1,0xa9,0x3a,0x48,0x7b,0xb2,0xfb,0x93,0x2c,0xd3,0x25,0x09,0x11,0x00,0x08,
 0xaa,0x60,0xb1,0xa9,0x4a,0x38,0x7b,0xb2,0xfb,0x21,0x70,0x90,0x40,0x02,0x18,0x00,
 0x88,0xaa,0x1a,0x08,0x7b,0xb4,0xa9,0x62,0xb3,0xfb,0x0d,0xd0,0xf1,0x81,0x60,0xde,
 0x02,0x21,0xaa,0x61,0xb4,0xa9,0x0a,0x28,0x7b,0xb3,0xfb,0x31,0x60,0xed,0x28,0xba,
 0x0e,0x00,0x19,0xaa,0x63,0xb1,0xa9,0x4a,0x08,0x7b,0xb2,0xfb,0x11,0xb8,0x5c,0x99,
 0x2e,0x19,0x00,0x0b,0xaa,0x63,0xb1,0xa9,0x0a,0x48,0x7b,0xb2,0xfb,0xd1,0x0f,0x05,
 0xc3,0x04,0x76,0x03,0x01,0xaa,0x61,0xb0,0xa9,0x3a,0x28,0x7b,0xb4,0xfb,0x29,0x3c,
 0x60,0xc0,0x03,0x06,0x00,0x81,0xaa,0x1a,0x08,0x7b,0xb3,0xa9,0x62,0xb4,0xfb,0x03,
 0x1c,0x40,0x81,0x06,0x14,0x00,0x93,0xaa,0xaa,0x92,0xb4,0x16,0x8b,0xb0,0x36,0xfb,
 0x51,0xaa,0x1e,0x41,0x09,0x5e,0x03,0x0c,0xaa,0x64,0xb1,0xa9,0x2a,0x38,0x7b,0xb0,
 0xfb,0x04,0x50,0x40,0x01,0x01,0x15,0x00,0x8c,0xaa,0x1a,0x46,0x6b,0x2a,0x09,0xbb,
 0x36,0xfb,0xe8,0xf9,0x71,0x42,0x03,0x38,0x03,0x21,0xaa,0x61,0xb4,0xa9,0x3a,0x28,
 0x7b,0xb0,0xfb,0x09,0x54,0x80,0x00,0x01,0x1d,0x00,0x8c,0xaa,0x1a,0x48,0x7b,0xb0,
 0xa9,0x63,0xb2,0xfb,0x7e,0x6b,0xc0,0x62,0x81,0x15,0x00,0x10,0xaa,0x62,0xb0,0xa9,
 0x4a,0x18,0x7b,0xb3,0xfb,0x06,0x98,0xa0,0x00,0x05,0x09,0x00,0x8b,0xaa,0x2a,0x08,
 0x9b,0xb3,0xa6,0x61,0xb4,0xfb,0x0c,0x9c,0xe2,0x24,0x0f,0x0f,0x00,0x1a,0xaa,0x62,
 0xb3,0xa9,0x0a,0x48,0x7b,0xb1,0xfb,0x23,0x4c,0x20,0xb1,0x4e,0x83,0x02,0x1a,0xaa,
 0x63,0xb2,0xa9,0x1a,0x08,0x7b,0xb4,0xfb,0x0c,0xe4,0x9a,0x49,0x0c,0x3b,0x02,0x11,
 0xaa,0x62,0xb1,0xa9,0x0a,0x38,0x7b,0xb4,0xfb,0x1d,0x58,0x60,0x78,0x97,0xec,0x02,
 0x14,0xaa,0x64,0xb2,0xa9,0x1a,0x08,0x7b,0xb3,0xfb,0x1c,0x60,0xe0,0xfd,0xa1,0x04,
 0x01,0x22,0xaa,0x64,0xb2,0xa9,0x1a,0x08,0x7b,0xb3,0xfb,0x15,0x54,0x0f,0x42,0x9e,
 0xc9,0x03,0x21,0xaa,0x64,0xb1,0xa9,0x0a,0x28,0x7b,0xb3,0xfb,0x12,0xb8,0x56,0xc0,
 0x17,0x18,0x00,0x1a,0xaa,0x62,0xb3,0xa9,0x0a,0x48,0x7b,0xb1,0xfb,0x3e,0xa8,0x07,
 0x01,0xf4,0x36,0x01,0x0c,0xaa,0x4a,0x16,0x8b,0xb0,0xa9,0x62,0xb3,0xfb,0x09,0x64,
 0x90,0x41,0x08,0x07,0x00,0x99,0xaa,0x1a,0x29,0x6b,0x3a,0x46,0xbb,0x06,0xfb,0x12,
 0xe0,0x6e,0xc3,0xb3,0x19,0x01,0x1c,0xaa,0x64,0xb3,0xa9,0x0a,0x28,0x7b,0xb1,0xfb,
 0x27,0x20,0xd0,0x40,0x01,0x11,0x00,0x84,0xaa,0x4a,0x08,0x7b,0x3a,0x16,0xbb,0x29,
 0xfb,0x32,0x64,0xb2,0xd5,0x04,0xac,0x03,0x0a,0xaa,0x61,0xb2,0xa9,0x3a,0x08,0x7b,
 0xb4,0xfb,0x20,0x88,0xc5,0xc0,0xcc,0xa9,0x02,0x1c,0xaa,0x64,0xb3,0xa9,0x2a,0x08,
 0x7b,0xb1,0xfb,0x37,0x34,0x80,0x9b,0xad,0x62,0x02,0x22,0xaa,0x62,0xb4,0xa9,0x1a,
 0x08,0x7b,0xb3,0xfb,0xb9,0xc1,0x03,0x81,0x1b,0x1c,0x00,0x19,0xaa,0x63,0xb1,0xa9,
 0x2a,0x48,0x7b,0xb0,0xfb,0x63,0x7d,0x41,0xc1,0xde,0x2d,0x00,0x08,0xaa,0x60,0xb1,
 0xa9,0x2a,0x48,0x7b,0xb3,0xfb,0x03,0x70,0xa0,0x41,0x04,0x06,0x00,0x99,0xaa,0x3a,
 0x18,0x7b,0xb2,0xa9,0x60,0xb4,0xfb,0x1e,0x18,0xa0,0x81,0x07,0x09,0x00,0x90,0xaa,
 0x2a,0x08,0x7b,0xb3,0xa9,0x61,0xb4,0xfb,0x40,0x4e,0xe0,0x8a,0x04,0x47,0x01,0x02,
 0xaa,0x62,0xb0,0xa9,0x3a,0x18,0x7b,0xb4,0xfb,0xc9,0x63,0x58,0x7d,0x06,0x17,0x00,
 0x10,0xaa,0x60,0xb2,0xa9,0x4a,0x38,0x7b,0xb1,0xfb,0x43,0xad,0xb0,0xef,0x38,0x12,
 0x00,0x03,0xaa,0x63,0xb0,0xa9,0x4a,0x18,0x7b,0xb2,0xfb,0x34,0x43,0xb8,0x82,0xb6,
 0x0d,0x00,0x03,0xaa,0x63,0xb0,0xa9,0x4a,0x28,0x7b,0xb1,0xfb,0x07,0x68,0xa0,0x81,
 0x06,0x06,0x00,0x91,0xaa,0x1a,0x28,0x7b,0xb3,0xa9,0x64,0xb0,0xfb,0xf7,0x46,0x80,
 0x41,0xa0,0x7c,0x01,0x03,0xaa,0x63,0xb0,0xa9,0x1a,0x28,0x7b,0xb4,0xfb,0xd0,0x23,
 0xc2,0x96,0x08,0x1d,0x00,0x0a,0xaa,0x61,0xb2,0xa9,0x4a,0x38,0x7b,0xb0,0xfb,0x11,
 0x1c,0x30,0x40,0x05,0x04,0x00,0x98,0xaa,0x0a,0x38,0x7b,0x2a,0x46,0xbb,0x19,0xfb,
 0x51,0x6c,0xc3,0xef,0x0d,0x0e,0x00,0x01,0xaa,0x61,0xb0,0xa9,0x4a,0x38,0x7b,0xb2,
 0xfb,0x42,0xe9,0x26,0x10,0x06,0x0e,0x00,0x0a,0xaa,0x2a,0x16,0x8b,0xb3,0xa9,0x64,
 0xb0,0xfb,0xe4,0x3d,0x44,0x41,0x84,0x19,0x00,0x19,0xaa,0x61,0xb3,0xa9,0x2a,0x48,
 0x7b,0xb0,0xfb,0xda,0xf7,0xf0,0x00,0xdb,0xc4,0x03,0x20,0xaa,0x64,0xb0,0xa9,0x2a,
 0x18,0x7b,0xb3,0xfb,0x68,0xd2,0xc0,0x80,0x0b,0x62,0x01,0x1c,0xaa,0x64,0xb3,0xa9,
 0x2a,0x18,0x7b,0xb0,0xfb,0x33,0xe1,0xc7,0x00,0x07,0xb2,0x03,0x0c,0xaa,0x61,0xb4,
 0xa9,0x2a,0x38,0x7b,0xb0,0xfb,0xb0,0xe0,0x4c,0x42,0x04,0x50,0x02,0x01,0xaa,0x60,
 0xb1,0xa9,0x3a,0x28,0x7b,0xb4,0xfb,0x12,0xce,0xc8,0x8d,0x08,0x11,0x00,0x10,0xaa,
 0x62,0xb0,0xa9,0x4a,0x38,0x7b,0xb1,0xfb,0x0c,0xe0,0x2e,0x01,0xa2,0xb8,0x00,0x19,
 0xaa,0x63,0xb1,0xa9,0x0a,0x28,0x7b,0xb4,0xfb,0x21,0x4c,0x40,0xad,0x96,0x0e,0x02,
 0x22,0xaa,0x64,0xb2,0xa9,0x1a,0x08,0x7b,0xb3,0xfb,0x03,0x5b,0x40,0x82,0xf1,0x54,
 0x00,0x1c,0xaa,0x64,0xb3,0xa9,0x1a,0x28,0x7b,0xb0,0xfb,0x2a,0xd8,0x6c,0xa9,0x3b,
 0x14,0x00,0x1a,0xaa,0x63,0xb2,0xa9,0x4a,0x08,0x7b,0xb1,0xfb,0x0f,0x51,0x70,0x51,
 0x52,0x11,0x00,0x02,0xaa,0x60,0xb2,0xa9,0x4a,0x18,0x7b,0xb3,0xfb,0x0f,0x3c,0x40,
 0x40,0x0a,0x08,0x00,0x98,0xaa,0x0a,0x38,0x7b,0xb1,0xa9,0x62,0xb4,0xfb,0x60,0x73,
 0x00,0x3b,0x08,0x90,0x02,0x14,0xaa,0x4a,0x26,0x8b,0xb1,0xa9,0x63,0xb0,0xfb,0x0c,
 0x8c,0x9a,0x43,0x4c,0x91,0x00,0x23,0xaa,0xaa,0x64,0xb3,0x28,0x9b,0xb1,0x06,0xfb,
 0x24,0x6d,0x30,0x01,0x1b,0xf9,0x01,0x18,0xaa,0x63,0xb0,0xa9,0x2a,0x18,0x7b,0xb4,
 0xfb,0x16,0xc0,0xa8,0x05,0x03,0xfb,0x00,0x11,0xaa,0x61,0xb2,0xa9,0x3a,0x08,0x7b,
 0xb4,0xfb,0x30,0xe8,0xab,0xab,0x54,0x0f,0x00,0x19,0xaa,0x63,0xb1,0xa9,0x4a,0x08,
 0x7b,0xb2,0xfb,0x08,0x78,0x40,0x80,0x07,0x15,0x00,0xa1,0xaa,0x4a,0x18,0x7b,0xb3,
 0xa9,0x62,0xb0,0xfb,0x1a,0x40,0xf0,0x70,0x60,0xff,0x02,0x22,0xaa,0x64,0xb2,0xa9,
 0x1a,0x08,0x7b,0xb3,0xfb,0x1f,0x50,0x40,0x01,0x01,0x08,0x00,0x81,0xaa,0x1a,0x08,
 0x7b,0xb2,0xa9,0x63,0xb4,0xfb,0x24,0x58,0x81,0x50,0x06,0x7d,0x03,0x0a,0xaa,0x62,
 0xb1,0xa9,0x3a,0x08,0x7b,0xb4,0xfb,0xd8,0x82,0x90,0xaa,0x69,0x16,0x00,0x03,0xaa,
 0x63,0xb0,0xa9,0x4a,0x18,0x7b,0xb2,0xfb,0xa7,0x62,0x41,0x82,0x28,0x13,0x00,0x19,
 0xaa,0x63,0xb1,0xa9,0x4a,0x28,0x7b,0xb0,0xfb,0x82,0xe3,0xa8,0xe5,0x05,0x1a,0x00,
 0x10,0xaa,0x62,0xb0,0xa9,0x3a,0x48,0x7b,0xb1,0xfb,0xbf,0x4a,0xf0,0xc6,0xb8,0x28,
 0x00,0x1a,0xaa,0x62,0xb3,0xa9,0x1a,0x48,0x7b,0xb0,0xfb,0x13,0x3c,0x50,0x00,0x02,
 0x23,0x00,0xa0,0xaa,0xaa,0x81,0xb3,0x46,0x9b,0xb2,0x06,0xfb,0x26,0x24,0x96,0x03,
 0x04,0x57,0x02,0x0a,0xaa,0x61,0xb2,0xa9,0x3a,0x08,0x7b,0xb4,0xfb,0x3b,0x32,0xd0,
 0x45,0x27,0x30,0x00,0x13,0xaa,0x63,0xb2,0xa9,0x1a,0x48,0x7b,0xb0,0xfb,0x1d,0xbc,
 0x74,0xc1,0xa4,0x61,0x00,0x0c,0xaa,0x61,0xb4,0xa9,0x2a,0x08,0x7b,0xb3,0xfb,0x8f,
 0x68,0x40,0x96,0x03,0x01,0x01,0x20,0xaa,0x60,0xb4,0xa9,0x3a,0x18,0x7b,0xb2,0xfb,
 0x64,0xff,0xe0,0x41,0x07,0x25,0x00,0x21,0xaa,0x64,0xb1,0xa9,0x3a,0x28,0x7b,0xb0,
 0xfb,0x0f,0x3c,0x70,0x40,0x0a,0x05,0x00,0x98,0xaa,0x0a,0x38,0x7b,0xb1,0xa9,0x64,
 0xb2,0xfb,0x05,0x28,0x90,0xc2,0x00,0x0a,0x00,0x91,0xaa,0x1a,0x49,0x6b,0x3a,0x26,
 0xbb,0x06,0xfb,0x57,0x9c,0x79,0xa9,0x07,0x15,0x00,0x02,0xaa,0x62,0xb0,0xa9,0x4a,
 0x38,0x7b,0xb1,0xfb,0x11,0xe4,0xe0,0x82,0xc1,0x57,0x01,0x0c,0xaa,0x64,0xb1,0xa9,
 0x0a,0x28,0x7b,0xb3,0xfb,0x19,0x44,0x71,0x87,0x06,0x86,0x02,0x11,0xaa,0x62,0xb1,
 0xa9,0x0a,0x38,0x7b,0xb4,0xfb,0x16,0x84,0x6e,0x1e,0x5b,0x2b,0x00,0x13,0xaa,0x63,
 0xb2,0xa9,0x0a,0x48,0x7b,0xb1,0xfb,0x73,0x0f,0x56,0x66,0x05,0x2b,0x00,0x11,0xaa,
 0x61,0xb2,0xa9,0x3a,0x48,0x7b,0xb0,0xfb,0x23,0x88,0xe7,0xc0,0x13,0xd1,0x02,0x23,
 0xaa,0x64,0xb3,0xa9,0x2a,0x08,0x7b,0xb1,0xfb,0x49,0x48,0x70,0x80,0x01,0x0e,0x00,
 0x81,0xaa,0x1a,0x08,0x7b,0xb4,0xa9,0x63,0xb2,0xfb,0x23,0x0c,0xae,0xc1,0x63,0xbd,
 0x02,0x23,0xaa,0x63,0xb4,0xa9,0x2a,0x08,0x7b,0xb1,0xfb,0x02,0x78,0xa0,0x40,0x09,
 0x09,0x00,0x99,0xaa,0x1a,0x38,0x7b,0xb2,0xa9,0x60,0xb4,0xfb,0xa4,0x44,0x40,0x42,
 0x0a,0xb7,0x02,0x10,0xaa,0x60,0xb2,0xa9,0x1a,0x38,0x7b,0xb4,0xfb,0xc8,0x65,0xa0,
 0xba,0xf0,0x13,0x00,0x13,0xaa,0x2a,0x36,0x8b,0xb1,0xa9,0x64,0xb0,0xfb,0x1a,0x3b,
 0x73,0x01,0x4e,0x0e,0x00,0x08,0xaa,0x61,0xb0,0xa9,0x4a,0x28,0x7b,0xb3,0xfb,0x94,
 0xbb,0x00,0x18,0x04,0xd3,0x02,0x10,0xaa,0x62,0xb0,0xa9,0x3a,0x18,0x7b,0xb4,0xfb,
 0x3c,0x50,0x90,0x00,0x01,0x16,0x00,0x84,0xaa,0x4a,0x38,0x6b,0x0a,0x19,0xbb,0x26,
 0xfb,0x10,0x8c,0xda,0x07,0xda,0x37,0x00,0x0a,0xaa,0x62,0xb1,0xa9,0x0a,0x48,0x7b,
 0xb3,0xfb,0x13,0x10,0x10,0xc1,0x0a,0x04,0x00,0x98,0xaa,0x0a,0x38,0x7b,0xb2,0xa9,
 0x61,0xb4,0xfb,0x0c,0xdc,0x89,0x3b,0xbb,0x36,0x00,0x1a,0xaa,0x63,0xb2,0xa9,0x0a,
 0x48,0x7b,0xb1,0xfb,0x38,0x30,0xb0,0xc1,0x01,0x08,0x00,0x82,0xaa,0x2a,0x08,0x7b,
 0xb1,0xa9,0x63,0xb4,0xfb,0x11,0xc4,0xcb,0x11,0xe5,0x2d,0x00,0x1a,0xaa,0x62,0xb3,
 0xa9,0x0a,0x48,0x7b,0xb1,0xfb,0x22,0x55,0xa0,0xa0,0x02,0x19,0x00,0x18,0xaa,0x63,
 0xb0,0xa9,0x1a,0x48,0x7b,0xb2,0xfb,0x0f,0xdc,0xe0,0xf2,0x92,0x01,0x02,0x23,0xaa,
 0x64,0xb3,0xa9,0x0a,0x18,0x7b,0xb2,0xfb,0x3f,0x08,0x80,0x00,0x04,0x08,0x00,0x83,
 0xaa,0x3a,0x08,0x7b,0xb2,0xa9,0x61,0xb4,0xfb,0x7f,0xb7,0x80,0x00,0x05,0xec,0x01,
 0x14,0xaa,0x64,0xb2,0xa9,0x3a,0x18,0x7b,0xb0,0xfb,0x05,0x24,0x40,0xc0,0x15,0x0f,
 0x00,0x9c,0xaa,0x4a,0x38,0x7b,0xb0,0xa9,0x62,0xb1,0xfb,0x12,0x50,0x83,0x5e,0x46,
 0x10,0x00,0x11,0xaa,0x61,0xb2,0xa9,0x4a,0x08,0x7b,0xb3,0xfb,0x06,0x18,0x10,0xc5,
 0x03,0x0f,0x00,0x93,0xaa,0x3a,0x48,0x8b,0x0a,0x18,0xbb,0x29,0xfb,0x16,0xf0,0xce,
 0x82,0x61,0x2a,0x03,0x1c,0xaa,0x3a,0x26,0x6b,0x4a,0x16,0xbb,0x09,0xfb,0x06,0x04,
 0x51,0x40,0x04,0x05,0x00,0x8b,0xaa,0x0a,0x18,0x9b,0xb2,0xa6,0x63,0xb4,0xfb,0x29,
 0x14,0xe8,0xb1,0xc8,0x0d,0x00,0x1a,0xaa,0x62,0xb3,0xa9,0x4a,0x08,0x7b,0xb1,0xfb,
 0x51,0x50,0x40,0x01,0x02,0x08,0x00,0x81,0xaa,0x1a,0x08,0x7b,0xb2,0xa9,0x63,0xb4,
 0xfb,0xc0,0x56,0x20,0x42,0xc0,0xe7,0x00,0x23,0xaa,0x64,0xb3,0xa9,0x1a,0x28,0x7b,
 0xb0,0xfb,0x09,0x50,0x20,0x00,0x0e,0x14,0x00,0x99,0xaa,0x1a,0x38,0x7b,0xb4,0xa9,
 0x62,0xb0,0xfb,0x66,0x31,0xa0,0x01,0x93,0x0e,0x00,0x0b,0xaa,0x61,0xb3,0xa9,0x4a,
 0x28,0x7b,0xb0,0xfb,0x23,0x45,0xd0,0x06,0x98,0x24,0x00,0x10,0xaa,0x62,0xb0,0xa9,
 0x1a,0x48,0x7b,0xb3,0xfb,0x07,0x28,0xe0,0x80,0x00,0x41,0x00,0xa2,0xaa,0x2a,0x48,
 0x9b,0xb1,0xa6,0x63,0xb0,0xfb,0x47,0x50,0x90,0x00,0x05,0x05,0x00,0x81,0xaa,0x1a,
 0x46,0x8b,0x0a,0x26,0xbb,0x39,0xfb,0x1d,0x38,0x60,0xb6,0xe8,0x84,0x01,0x13,0xaa,
 0x62,0xb3,0xa9,0x1a,0x08,0x7b,0xb4,0xfb,0x1b,0x48,0x40,0x80,0x08,0x05,0x00,0x98,
 0xaa,0x1a,0x48,0x8b,0x3a,0x27,0xbb,0x09,0xfb,0x19,0x1c,0x90,0x41,0x0b,0x04,0x00,
 0x98,0xaa,0x0a,0x38,0x7b,0xb2,0xa9,0x64,0xb1,0xfb,0x09,0xdc,0x90,0x40,0x08,0x0f,
 0x00,0x8b,0xaa,0x3a,0x18,0x7b,0xb4,0xa9,0x60,0xb2,0xfb,0x07,0xcc,0x30,0x00,0x05,
 0x14,0x00,0x8b,0xaa,0x3a,0x18,0x7b,0xb4,0xa9,0x62,0xb0,0xfb,0x4a,0xd1,0xe3,0x00,
 0x59,0x18,0x00,0x19,0xaa,0x61,0xb3,0xa9,0x2a,0x48,0x7b,0xb0,0xfb,0x2f,0x40,0x50,
 0x00,0x07,0x08,0x00,0x83,0xaa,0x3a,0x08,0x7b,0xb1,0xa9,0x62,0xb4,0xfb,0x05,0x14,
 0x30,0x03,0x05,0x14,0x00,0x93,0xaa,0x3a,0x28,0x7b,0xb4,0xa9,0x60,0xb1,0xfb,0x19,
 0x47,0x50,0xc7,0x0b,0xe3,0x01,0x14,0xaa,0x62,0xb4,0xa9,0x1a,0x38,0x7b,0xb0,0xfb,
 0x29,0xe8,0x3b,0x01,0xc2,0x9c,0x03,0x1c,0xaa,0x63,0xb4,0xa9,0x2a,0x08,0x7b,0xb1,
 0xfb,0x40,0x34,0x00,0x42,0x67,0xec,0x00,0x20,0xaa,0x64,0xb0,0xa9,0x1a,0x28,0x7b,
 0xb3,0xfb,0x1c,0x78,0x30,0x6f,0xba,0x39,0x03,0x1a,0xaa,0x63,0xb2,0xa9,0x0a,0x18,
 0x7b,0xb4,0xfb,0x17,0xd8,0x62,0xa9,0x4f,0x1d,0x00,0x19,0xaa,0x61,0xb3,0xa9,0x0a,
 0x48,0x7b,0xb2,0xfb,0x11,0x84,0x3f,0x13,0x56,0x15,0x00,0x0a,0xaa,0x62,0xb1,0xa9,
 0x0a,0x48,0x7b,0xb3,0xfb,0x19,0xd4,0x60,0x40,0x06,0x07,0x00,0x88,0xaa,0x0a,0x18,
 0x7b,0xb3,0xa9,0x62,0xb4,0xfb,0x36,0xd8,0x53,0x41,0x04,0x62,0x01,0x01,0xaa,0x61,
 0xb0,0xa9,0x3a,0x28,0x7b,0xb4,0xfb,0x3d,0x64,0x90,0x41,0x02,0x06,0x00,0x81,0xaa,
 0x1a,0x08,0x7b,0xb2,0xa9,0x64,0xb3,0xfb,0x12,0x3c,0xbe,0xc1,0x74,0xdd,0x03,0x21,
 0xaa,0x61,0xb4,0xa9,0x0a,0x28,0x7b,0xb3,0xfb,0x27,0x40,0xdd,0xf2,0x2e,0x16,0x00,
 0x13,0xaa,0x63,0xb2,0xa9,0x4a,0x08,0x7b,0xb1,0xfb,0x33,0x14,0x60,0x81,0x05,0x06,
 0x00,0x82,0xaa,0x2a,0x08,0x7b,0xb3,0xa9,0x61,0xb4,0xfb,0x17,0x6c,0x90,0x00,0x01,
 0x31,0x00,0xa1,0xaa,0x1a,0x48,0x7b,0xb0,0xa9,0x63,0xb2,0xfb,0x7c,0x0e,0x6f,0x42,
 0x04,0x25,0x00,0x0c,0xaa,0x64,0xb1,0xa9,0x3a,0x28,0x7b,0xb0,0xfb,0x14,0x68,0x7a,
 0xab,0x08,0xc1,0x02,0x22,0xaa,0x62,0xb4,0xa9,0x0a,0x38,0x7b,0xb1,0xfb,0x0e,0x38,
 0x50,0xc0,0x0c,0x02,0x00,0x98,0xaa,0x0a,0x28,0x9b,0xb4,0xa6,0x61,0xb3,0xfb,0xa2,
 0x46,0x80,0x42,0x62,0xcf,0x00,0x23,0xaa,0x64,0xb3,0xa9,0x1a,0x28,0x7b,0xb0,0xfb,
 0x4f,0x57,0xcd,0x59,0x08,0x0d,0x00,0x01,0xaa,0x60,0xb1,0xa9,0x4a,0x38,0x7b,0xb2,
 0xfb,0x12,0x18,0x30,0xc0,0x06,0x22,0x00,0xa3,0xaa,0x3a,0x48,0x7b,0xb0,0xa9,0x62,
 0xb1,0xfb,0x05,0x64,0x90,0x41,0x02,0x39,0x00,0xa1,0xaa,0x1a,0x48,0x7b,0xb2,0xa9,
 0x60,0xb3,0xfb,0x0e,0xd0,0x76,0x2e,0x08,0xc9,0x01,0x22,0xaa,0x64,0xb2,0xa9,0x0a,
 0x38,0x7b,0xb1,0xfb,0x0f,0xfc,0xc1,0x4f,0x04,0xad,0x00,0x0c,0xaa,0x61,0xb4,0xa9,
 0x0a,0x38,0x7b,0xb2,0xfb,0x39,0x18,0x00,0xc1,0x00,0x0c,0x00,0x82,0xaa,0xaa,0x83,
 0xb1,0x06,0x8b,0xb2,0x49,0xfb,0x1b,0x94,0xa0,0x9f,0xf6,0x1a,0x03,0x14,0xaa,0x62,
 0xb4,0xa9,0x0a,0x18,0x7b,0xb3,0xfb,0x28,0x38,0x3c,0x34,0x05,0xc5,0x03,0x14,0xaa,
 0x62,0xb4,0xa9,0x3a,0x08,0x7b,0xb1,0xfb,0x95,0x95,0xcc,0xc0,0x08,0xb7,0x02,0x0c,
 0xaa,0x64,0xb1,0xa9,0x2a,0x38,0x7b,0xb0,0xfb,0x07,0x39,0xb0,0x79,0xc2,0x14,0x00,
 0x1a,0xaa,0x63,0xb2,0xa9,0x1a,0x48,0x7b,0xb0,0xfb,0x01,0x38,0x50,0xc1,0xae,0x1f,
 0x01,0x18,0xaa,0x60,0xb3,0xa9,0x1a,0x28,0x7b,0xb4,0xfb,0x1c,0x46,0xde,0x01,0xf0,
 0x20,0x00,0x18,0xaa,0x60,0xb3,0xa9,0x2a,0x48,0x7b,0xb1,0xfb,0x0e,0x0c,0x60,0x80,
 0x02,0x41,0x00,0xa0,0xaa,0x0a,0x48,0x9b,0xb3,0xa6,0x61,0xb2,0xfb,0x14,0x50,0x70,
 0x84,0x01,0x08,0x00,0x90,0xaa,0x0a,0x28,0x7b,0xb1,0xa9,0x63,0xb4,0xfb,0x1e,0x10,
 0x90,0x02,0x02,0x1e,0x00,0x90,0xaa,0x0a,0x28,0x7b,0xb4,0xa9,0x61,0xb3,0xfb,0x0d,
 0xfc,0x80,0x67,0xc9,0x00,0x03,0x22,0xaa,0x62,0xb4,0xa9,0x0a,0x18,0x7b,0xb3,0xfb,
 0x30,0x30,0x2f,0x41,0xd3,0xa0,0x03,0x21,0xaa,0x64,0xb1,0xa9,0x2a,0x08,0x7b,0xb3,
 0xfb,0x51,0x19,0x42,0x41,0x04,0xa6,0x00,0x0c,0xaa,0x61,0xb4,0xa9,0x3a,0x28,0x7b,
 0xb0,0xfb,0x7a,0x8f,0x40,0x81,0xb1,0xac,0x02,0x03,0xaa,0x63,0xb0,0xa9,0x2a,0x18,
 0x7b,0xb4,0xfb,0x49,0x20,0x60,0x01,0x02,0x06,0x00,0x82,0xaa,0x2a,0x08,0x7b,0xb4,
 0xa9,0x61,0xb3,0xfb,0xc3,0x17,0x7d,0xe3,0x03,0x27,0x00,0x08,0xaa,0x61,0xb0,0xa9,
 0x3a,0x48,0x7b,0xb2,0xfb,0x07,0x40,0x70,0x00,0x02,0x58,0x00,0xa1,0xaa,0x0a,0x48,
 0x9b,0xb3,0xa6,0x61,0xb2,0xfb,0xd9,0xe3,0x40,0xf0,0x35,0x0e,0x00,0x18,0xaa,0x63,
 0xb0,0xa9,0x4a,0x18,0x7b,0xb2,0xfb,0x04,0x14,0x70,0x80,0x15,0x0e,0x00,0x9c,0xaa,
 0x4a,0x18,0x9b,0xb2,0xa6,0x60,0xb3,0xfb,0x13,0x9c,0x17,0x42,0x4e,0x6b,0x02,0x19,
 0xaa,0x63,0xb1,0xa9,0x0a,0x28,0x7b,0xb4,0xfb,0x06,0x1c,0xb0,0x40,0x0e,0x17,0x00,
 0x9c,0xaa,0x4a,0x38,0x7b,0xb2,0xa9,0x60,0xb1,0xfb,0x8a,0x86,0x9e,0xc2,0x05,0xee,
 0x02,0x04,0xaa,0x60,0xb4,0xa9,0x3a,0x28,0x7b,0xb1,0xfb,0x19,0x94,0x40,0x40,0x01,
 0x19,0x00,0x88,0xaa,0x0a,0x18,0x7b,0xb4,0xa9,0x62,0xb3,0xfb,0xc8,0xd7,0x5d,0xc1,
 0x0a,0x40,0x03,0x04,0xaa,0x64,0xb0,0xa9,0x2a,0x38,0x7b,0xb1,0xfb,0x09,0x68,0xe0,
 0xc3,0x01,0x0c,0x00,0x91,0xaa,0x1a,0x28,0x7b,0xb4,0xa9,0x63,0xb0,0xfb,0x17,0xe4,
 0x50,0xc0,0x02,0x08,0x00,0x88,0xaa,0x0a,0x18,0x7b,0xb3,0xa9,0x62,0xb4,0xfb,0x1e,
 0x80,0x60,0xbb,0x57,0xb3,0x03,0x13,0xaa,0x63,0xb2,0xa9,0x0a,0x18,0x7b,0xb4,0xfb,
 0x14,0x7c,0xb2,0x13,0x04,0x55,0x01,0x21,0xaa,0x61,0xb4,0xa9,0x3a,0x08,0x7b,0xb2,
 0xfb,0x0e,0x08,0x50,0x82,0x05,0x06,0x00,0x93,0xaa,0x3a,0x28,0x7b,0xb0,0xa9,0x61,
 0xb4,0xfb,0x18,0xec,0x80,0x80,0x01,0x10,0x00,0x88,0xaa,0x4a,0x18,0x7b,0x0a,0x38,
 0xbb,0x29,0xfb,0x8a,0xe1,0xc6,0x40,0x09,0x06,0x00,0x20,0xaa,0x60,0xb4,0xa9,0x2a,
 0x38,0x7b,0xb1,0xfb,0x0f,0xa4,0x40,0x80,0x00,0x0f,0x00,0x88,0xaa,0x0a,0x18,0x7b,
 0xb4,0xa9,0x63,0xb2,0xfb,0x19,0x60,0xc0,0x37,0x66,0x4b,0x02,0x1a,0xaa,0x63,0xb2,
 0xa9,0x1a,0x08,0x7b,0xb4,0xfb,0x19,0x14,0x90,0x41,0x0c,0x07,0x00,0x98,0xaa,0x0a,
 0x38,0x7b,0xb2,0xa9,0x61,0xb4,0xfb,0x4b,0x5d,0x90,0xc2,0xea,0x45,0x00,0x04,0xaa,
 0x60,0xb4,0xa9,0x1a,0x28,0x7b,0xb3,0xfb,0x33,0x24,0x20,0x02,0x02,0x22,0x00,0x82,
 0xaa,0x2a,0x08,0x7b,0xb4,0xa9,0x63,0xb1,0xfb,0x2a,0x0c,0xd0,0x81,0x04,0x09,0x00,
 0x82,0xaa,0x2a,0x08,0x7b,0xb3,0xa9,0x61,0xb4,0xfb,0x0c,0x20,0x50,0x80,0x14,0x10,
 0x00,0x9c,0xaa,0x4a,0x38,0x7b,0xb0,0xa9,0x62,0xb1,0xfb,0x0c,0x58,0x00,0xeb,0x87,
 0x19,0x00,0x10,0xaa,0x60,0xb2,0xa9,0x1a,0x48,0x7b,0xb3,0xfb,0x2f,0x8d,0x50,0xa5,
 0xd8,0x19,0x00,0x10,0xaa,0x60,0xb2,0xa9,0x4a,0x18,0x7b,0xb3,0xfb,0x09,0x18,0xd0,
 0x82,0x07,0x22,0x00,0x94,0xaa,0x3a,0x18,0x8b,0x4a,0x07,0xbb,0x29,0xfb,0x21,0x5c,
 0x00,0x22,0x72,0xed,0x02,0x1a,0xaa,0x63,0xb2,0xa9,0x1a,0x08,0x7b,0xb4,0xfb,0x85,
 0xa1,0xb0,0x31,0x05,0x6f,0x00,0x04,0xaa,0x64,0xb0,0xa9,0x3a,0x18,0x7b,0xb2,0xfb,
 0x93,0x42,0x30,0xce,0x03,0x81,0x02,0x04,0xaa,0x64,0xb0,0xa9,0x3a,0x18,0x7b,0xb2,
 0xfb,0x0c,0x28,0x76,0x52,0x06,0x6a,0x00,0x0c,0xaa,0x64,0xb1,0xa9,0x0a,0x38,0x7b,
 0xb2,0xfb,0x0c,0x60,0x60,0x40,0x02,0x3f,0x00,0xa1,0xaa,0x0a,0x48,0x6b,0x1a,0x28,
 0xbb,0x39,0xfb,0x08,0x64,0x80,0x40,0x06,0x41,0x00,0xa1,0xaa,0x1a,0x48,0x7b,0xb3,
 0xa9,0x60,0xb2,0xfb,0x99,0x97,0x40,0xc1,0xf4,0xd1,0x02,0x18,0xaa,0x60,0xb3,0xa9,
 0x2a,0x18,0x7b,0xb4,0xfb,0x93,0xa2,0x10,0x65,0x0a,0x0f,0x00,0x18,0xaa,0x63,0xb0,
 0xa9,0x4a,0x18,0x7b,0xb2,0xfb,0x12,0xd0,0xc9,0xc2,0xc3,0x10,0x01,0x0c,0xaa,0x64,
 0xb1,0xa9,0x0a,0x28,0x7b,0xb3,0xfb,0x14,0xa8,0x29,0x77,0x92,0x1e,0x00,0x11,0xaa,
 0x61,0xb2,0xa9,0x0a,0x48,0x7b,0xb3,0xfb,0xb1,0x6a,0xe0,0xf7,0x08,0x8f,0x03,0x20,
 0xaa,0x60,0xb4,0xa9,0x1a,0x38,0x7b,0xb2,0xfb,0x09,0x40,0x50,0xc0,0x0e,0x18,0x00,
 0x9c,0xaa,0x4a,0x38,0x7b,0xb1,0xa9,0x62,0xb0,0xfb,0xab,0x22,0xc7,0x02,0x04,0x2b,
 0x00,0x0a,0xaa,0x62,0xb1,0xa9,0x3a,0x48,0x7b,0xb0,0xfb,0x19,0x64,0x70,0xc0,0x00,
 0x29,0x00,0xa0,0xaa,0x0a,0x48,0x7b,0xb1,0xa9,0x63,0xb2,0xfb,0x0c,0xc8,0x04,0xfc,
 0x06,0x48,0x03,0x22,0xaa,0x64,0xb2,0xa9,0x0a,0x38,0x7b,0xb1,0xfb,0x43,0x14,0xf0,
 0x80,0x01,0x04,0x00,0x82,0xaa,0x2a,0x08,0x7b,0xb1,0xa9,0x64,0xb3,0xfb,0x16,0x80,
 0xc0,0x84,0xaf,0x7c,0x00,0x14,0xaa,0x64,0xb2,0xa9,0x0a,0x18,0x7b,0xb3,0xfb,0x04,
 0x1c,0x70,0x01,0x01,0x30,0x00,0xa2,0xaa,0x2a,0x48,0x7b,0xb0,0xa9,0x63,0xb1,0xfb,
 0x2c,0xc8,0xec,0x78,0x05,0x46,0x02,0x21,0xaa,0x3a,0x06,0x8b,0x4a,0x16,0xbb,0x29,
 0xfb,0xaa,0x86,0xfa,0xc0,0x1f,0x2e,0x00,0x19,0xaa,0x63,0xb1,0xa9,0x2a,0x48,0x7b,
 0xb0,0xfb,0xd7,0x86,0xba,0x03,0x04,0xa2,0x03,0x08,0xaa,0x61,0xb0,0xa9,0x3a,0x28,
 0x7b,0xb4,0xfb,0x1d,0x54,0x90,0x40,0x01,0x31,0x00,0xa0,0xaa,0x0a,0x48,0x7b,0xb1,
 0xa9,0x63,0xb2,0xfb,0x1a,0x68,0x30,0x83,0x01,0x07,0x00,0x90,0xaa,0xaa,0x90,0xb1,
 0x36,0x8b,0xb4,0x26,0xfb,0x40,0x2b,0x88,0xbc,0x04,0x1e,0x00,0x02,0xaa,0x0a,0x26,
 0x8b,0xb4,0xa9,0x63,0xb1,0xfb,0x9c,0x70,0x20,0xda,0x03,0x2c,0x00,0x04,0xaa,0x60,
 0xb4,0xa9,0x3a,0x18,0x7b,0xb2,0xfb,0x0d,0x14,0x60,0x40,0x15,0x05,0x00,0x98,0xaa,
 0x0a,0x28,0x6b,0x3a,0x19,0xbb,0x46,0xfb,0xa7,0x32,0xc0,0x5e,0x82,0x2a,0x00,0x18,
 0xaa,0x3a,0x06,0x8b,0xb4,0xa9,0x61,0xb2,0xfb,0x98,0x6e,0x8a,0x41,0x21,0x1c,0x00,
 0x0b,0xaa,0x63,0xb1,0xa9,0x2a,0x48,0x7b,0xb0,0xfb,0x1b,0x18,0x60,0x40,0x0b,0x0f,
 0x00,0x98,0xaa,0x3a,0x18,0x9b,0xb0,0xa6,0x84,0xb2,0xfb,0x29,0x34,0xd5,0x00,0x84,
 0xa7,0x00,0x0c,0xaa,0x64,0xb1,0xa9,0x2a,0x08,0x7b,0xb3,0xfb,0x08,0xbc,0x40,0x80,
 0x05,0x1a,0x00,0x8c,0xaa,0x4a,0x18,0x7b,0xb3,0xa9,0x62,0xb0,0xfb,0x09,0x20,0x60,
 0x80,0x06,0x3a,0x00,0xa3,0xaa,0x3a,0x48,0x7b,0xb1,0xa9,0x62,0xb0,0xfb,0x73,0x94,
 0x40,0x41,0x60,0xdf,0x02,0x03,0xaa,0x60,0xb3,0xa9,0x2a,0x18,0x7b,0xb4,0xfb,0x33,
 0x24,0xa0,0x81,0x06,0x04,0x00,0x82,0xaa,0x2a,0x08,0x7b,0xb3,0xa9,0x64,0xb1,0xfb,
 0x99,0xab,0x90,0xc6,0x30,0x16,0x00,0x13,0xaa,0x62,0xb3,0xa9,0x4a,0x18,0x7b,0xb0,
 0xfb,0x67,0x1a,0x2e,0x42,0xf6,0x1b,0x00,0x18,0xaa,0x60,0xb3,0xa9,0x4a,0x28,0x7b,
 0xb1,0xfb,0x4e,0xd9,0x98,0xaa,0x0b,0x0f,0x00,0x01,0xaa,0x60,0xb1,0xa9,0x4a,0x38,
 0x7b,0xb2,0xfb,0x03,0x64,0x10,0x43,0x02,0x19,0x00,0x91,0xaa,0x1a,0x28,0x7b,0xb4,
 0xa9,0x60,0xb3,0xfb,0x04,0x6c,0xe0,0x81,0x02,0x04,0x00,0x91,0xaa,0x1a,0x28,0x7b,
 0xb3,0xa9,0x60,0xb4,0xfb,0x03,0x10,0x40,0x01,0x05,0x24,0x00,0xa2,0xaa,0xaa,0x64,
 0xb1,0x29,0x6b,0xb0,0x38,0xfb,0x51,0x28,0x30,0x40,0x01,0x0a,0x00,0x81,0xaa,0x1a,
 0x08,0x7b,0xb4,0xa9,0x62,0xb3,0xfb,0x85,0xa6,0x00,0x41,0xd2,0x03,0x01,0x1c,0xaa,
 0x64,0xb3,0xa9,0x2a,0x18,0x7b,0xb0,0xfb,0x41,0x24,0xc0,0x01,0x05,0x09,0x00,0x82,
 0xaa,0x2a,0x08,0x7b,0xb3,0xa9,0x61,0xb4,0xfb,0x27,0x54,0x40,0x57,0x8c,0x12,0x00,
 0x18,0xaa,0x60,0xb3,0xa9,0x4a,0x18,0x7b,0xb2,0xfb,0x37,0xcf,0x52,0xc1,0x0d,0x0f,
 0x00,0x0a,0xaa,0x61,0xb2,0xa9,0x4a,0x38,0x7b,0xb0,0xfb,0x05,0x64,0x20,0x40,0x06,
 0x1d,0x00,0xa1,0xaa,0x1a,0x48,0x7b,0xb3,0xa9,0x62,0xb0,0xfb,0x18,0x68,0xb0,0x26,
 0x12,0xac,0x01,0x1c,0xaa,0x64,0xb3,0xa9,0x0a,0x18,0x7b,0xb2,0xfb,0x5b,0x52,0xd6,
 0xb1,0x05,0x13,0x00,0x02,0xaa,0x60,0xb2,0xa9,0x4a,0x38,0x7b,0xb1,0xfb,0x12,0x0c,
 0x61,0x80,0x01,0x06,0x00,0x88,0xaa,0x0a,0x18,0x7b,0xb2,0xa9,0x63,0xb4,0xfb,0xd4,
 0x46,0xb0,0x96,0x05,0x78,0x01,0x20,0xaa,0x64,0xb0,0xa9,0x1a,0x38,0x7b,0xb2,0xfb,
 0x13,0x1c,0x50,0x45,0x02,0x0f,0x00,0x90,0xaa,0x0a,0x28,0x7b,0xb4,0xa9,0x61,0xb3,
 0xfb,0x1c,0x20,0x60,0x03,0x08,0x09,0x00,0x93,0xaa,0x3a,0x28,0x7b,0xb0,0xa9,0x61,
 0xb4,0xfb,0x9f,0x66,0x6b,0xdc,0x09,0x0c,0x00,0x01,0xaa,0x60,0xb1,0xa9,0x4a,0x38,
 0x7b,0xb2,0xfb,0x6a,0x68,0xe0,0x05,0xaf,0x1b,0x00,0x02,0xaa,0x60,0xb2,0xa9,0x1a,
 0x48,0x7b,0xb3,0xfb,0x22,0x1b,0xb3,0xf1,0x08,0x17,0x00,0x08,0xaa,0x61,0xb0,0xa9,
 0x4a,0x38,0x7b,0xb2,0xfb,0xe3,0xda,0xd7,0x80,0x0e,0xe6,0x03,0x21,0xaa,0x61,0xb4,
 0xa9,0x2a,0x38,0x7b,0xb0,0xfb,0x20,0x64,0x06,0xc1,0x16,0xfb,0x01,0x0b,0xaa,0x61,
 0xb3,0xa9,0x2a,0x08,0x7b,0xb4,0xfb,0x8c,0x8a,0x80,0xcf,0xa7,0x14,0x00,0x10,0xaa,
 0x62,0xb0,0xa9,0x4a,0x18,0x7b,0xb3,0xfb,0x07,0x64,0x20,0x40,0x09,0x19,0x00,0x99,
 0xaa,0x1a,0x38,0x7b,0xb4,0xa9,0x62,0xb0,0xfb,0x3a,0x6f,0xf0,0xc1,0x58,0xe9,0x02,
 0x1c,0xaa,0x63,0xb4,0xa9,0x1a,0x28,0x7b,0xb0,0xfb,0x16,0x1c,0xa0,0x41,0x01,0x2f,
 0x00,0xa2,0xaa,0x2a,0x48,0x7b,0xb0,0xa9,0x63,0xb1,0xfb,0xf6,0x59,0xf0,0xde,0x05,
 0x56,0x02,0x20,0xaa,0x1a,0x36,0x8b,0x0a,0x46,0xbb,0x29,0xfb,0x0c,0x3c,0xe9,0x51,
 0x06,0x29,0x03,0x21,0xaa,0x61,0xb4,0xa9,0x0a,0x38,0x7b,0xb2,0xfb,0x03,0x24,0x40,
 0x01,0x05,0x3d,0x00,0xa2,0xaa,0x2a,0x48,0x7b,0xb3,0xa9,0x60,0xb1,0xfb,0x32,0x5b,
 0xef,0x3a,0x0f,0x10,0x00,0x08,0xaa,0x60,0xb1,0xa9,0x4a,0x38,0x7b,0xb2,0xfb,0x07,
 0x50,0x90,0x40,0x14,0x14,0x00,0x99,0xaa,0x1a,0x38,0x7b,0xb4,0xa9,0x60,0xb2,0xfb,
 0x4a,0x18,0x90,0xc0,0x04,0x05,0x00,0x83,0xaa,0x3a,0x08,0x7b,0xb1,0xa9,0x64,0xb2,
 0xfb,0x24,0xec,0x68,0x7c,0x07,0x1b,0x00,0x0b,0xaa,0x63,0xb1,0xa9,0x4a,0x08,0x7b,
 0xb2,0xfb,0x0c,0x9c,0x80,0x1c,0xbd,0xbc,0x01,0x1c,0xaa,0x4a,0x36,0x8b,0xb1,0xa9,
 0x60,0xb2,0xfb,0x33,0x58,0x90,0x80,0x05,0x02,0x00,0x81,0xaa,0x1a,0x08,0x7b,0xb3,
 0xa9,0x64,0xb2,0xfb,0x4a,0x67,0xb0,0x81,0x8b,0x95,0x02,0x03,0xaa,0x63,0xb0,0xa9,
 0x1a,0x28,0x7b,0xb4,0xfb,0x04,0xe8,0x20,0x41,0x05,0x08,0x00,0x8b,0xaa,0x3a,0x18,
 0x7b,0xb2,0xa9,0x60,0xb4,0xfb,0x0c,0xb8,0x50,0x80,0x05,0x05,0x00,0x8b,0xaa,0x3a,
 0x18,0x7b,0xb0,0xa9,0x62,0xb4,0xfb,0x1a,0x20,0x20,0x44,0x02,0x10,0x00,0x90,0xaa,
 0x4a,0x19,0x8b,0x0a,0x37,0xbb,0x26,0xfb,0x29,0x3c,0x73,0x41,0x17,0xac,0x03,0x19,
 0xaa,0x61,0xb3,0xa9,0x2a,0x08,0x7b,0xb4,0xfb,0x30,0xa4,0x5e,0xc1,0xbe,0xdf,0x03,
 0x19,0xaa,0x63,0xb1,0xa9,0x2a,0x08,0x7b,0xb4,0xfb,0x12,0x18,0x00,0x41,0x01,0x3e,
 0x00,0xa0,0xaa,0x0a,0x48,0x7b,0xb2,0xa9,0x63,0xb1,0xfb,0x17,0x9c,0x12,0x5b,0xa5,
 0x1d,0x00,0x11,0xaa,0x61,0xb2,0xa9,0x0a,0x48,0x7b,0xb3,0xfb,0x1e,0x18,0xe0,0x81,
 0x01,0x29,0x00,0xa0,0xaa,0x0a,0x48,0x7b,0xb2,0xa9,0x61,0xb3,0xfb,0x03,0x10,0x60,
 0x01,0x08,0x04,0x00,0x9a,0xaa,0x2a,0x06,0x8b,0xb3,0xa9,0x61,0xb4,0xfb,0x0d,0x98,
 0x00,0x9e,0xed,0xc2,0x01,0x23,0xaa,0x64,0xb3,0xa9,0x0a,0x18,0x7b,0xb2,0xfb,0x14,
 0xf4,0x50,0xc0,0x01,0x14,0x00,0x88,0xaa,0x0a,0x18,0x7b,0xb4,0xa9,0x62,0xb3,0xfb,
 0xc9,0x46,0x30,0x58,0xb8,0x2c,0x00,0x02,0xaa,0x62,0xb0,0xa9,0x1a,0x48,0x7b,0xb3,
 0xfb,0x07,0x08,0x60,0x41,0x0a,0x02,0x00,0x9a,0xaa,0x1a,0x38,0x6b,0x2a,0x49,0xbb,
 0x06,0xfb,0x00,0xb1,0x00,0x49,0x05,0x98,0x03,0x10,0xaa,0x62,0xb0,0xa9,0x3a,0x18,
 0x7b,0xb4,0xfb,0x08,0x20,0xc1,0xc0,0x01,0x15,0x00,0x8c,0xaa,0x2a,0x48,0x9b,0xb3,
 0xa6,0x71,0xb0,0xfb,0x10,0x18,0xb5,0x6f,0x05,0xed,0x00,0x14,0xaa,0x64,0xb2,0xa9,
 0x0a,0x38,0x7b,0xb1,0xfb,0x06,0x0c,0x00,0x03,0x03,0x13,0x00,0x94,0xaa,0x3a,0x19,
 0x8b,0x4a,0x07,0xbb,0x26,0xfb,0x0f,0x38,0x60,0x0c,0x84,0xa0,0x02,0x1c,0xaa,0x63,
 0xb4,0xa9,0x1a,0x08,0x7b,0xb2,0xfb,0x4d,0x44,0x90,0x80,0x01,0x07,0x00,0x81,0xaa,
 0x1a,0x38,0x6b,0xb2,0xa7,0x90,0xb4,0xfb,0x04,0x0c,0xc1,0x00,0x01,0x04,0x00,0x8a,
 0xaa,0x2a,0x18,0x7b,0xb0,0xa9,0x63,0xb4,0xfb,0xd9,0x39,0x64,0x81,0x05,0x3e,0x03,
 0x0c,0xaa,0x61,0xb4,0xa9,0x2a,0x38,0x7b,0xb0,0xfb,0x36,0x78,0x90,0xc0,0x01,0x14,
 0x00,0x81,0xaa,0x1a,0x08,0x7b,0xb4,0xa9,0x63,0xb2,0xfb,0x10,0x0c,0x54,0x72,0x04,
 0xef,0x01,0x14,0xaa,0x64,0xb2,0xa9,0x0a,0x38,0x7b,0xb1,0xfb,0x15,0x50,0x80,0x6c,
 0x65,0x14,0x03,0x14,0xaa,0x62,0xb4,0xa9,0x1a,0x08,0x7b,0xb3,0xfb,0x59,0x08,0x80,
 0x00,0x02,0x12,0x00,0x84,0xaa,0x4a,0x08,0x7b,0xb1,0xa9,0x62,0xb3,0xfb,0x3e,0x37,
 0x90,0x02,0x83,0x46,0x00,0x04,0xaa,0x64,0xb0,0xa9,0x1a,0x28,0x7b,0xb3,0xfb,0xcd,
 0xaf,0xd0,0x49,0x06,0x27,0x00,0x0a,0xaa,0x62,0xb1,0xa9,0x3a,0x48,0x7b,0xb0,0xfb,
 0x6c,0x24,0x80,0x40,0x01,0x1a,0x00,0x84,0xaa,0x0a,0x48,0x7b,0xb2,0xa9,0x63,0xb1,
 0xfb,0x0c,0xc0,0xf8,0x42,0x46,0x07,0x02,0x1c,0xaa,0x63,0xb4,0xa9,0x0a,0x28,0x7b,
 0xb1,0xfb,0x08,0x18,0x40,0x01,0x05,0x8d,0x00,0xa2,0xaa,0x4a,0x28,0x7b,0xb3,0xa9,
 0x61,0xb0,0xfb,0xaa,0xc6,0x63,0xc2,0x27,0x12,0x00,0x19,0xaa,0x63,0xb1,0xa9,0x4a,
 0x28,0x7b,0xb0,0xfb,0x59,0x64,0x60,0x40,0x06,0x05,0x00,0x81,0xaa,0x1a,0x08,0x7b,
 0xb3,0xa9,0x64,0xb2,0xfb,0x16,0x60,0xa3,0x01,0x60,0x39,0x02,0x19,0xaa,0x61,0xb3,
 0xa9,0x0a,0x28,0x7b,0xb4,0xfb,0x31,0x98,0x6c,0x24,0x03,0x8a,0x01,0x21,0xaa,0x64,
 0xb1,0xa9,0x3a,0x08,0x7b,0xb2,0xfb,0x09,0x30,0x20,0xc9,0x01,0x16,0x00,0x94,0xaa,
 0x2a,0x48,0x7b,0xb1,0xa9,0x63,0xb0,0xfb,0x06,0x24,0x30,0x81,0x27,0x02,0x00,0x9a,
 0xaa,0x3a,0x28,0x7b,0xb4,0xa9,0x60,0xb1,0xfb,0x51,0xfc,0xe4,0x22,0x0a,0x0e,0x00,
 0x01,0xaa,0x61,0xb0,0xa9,0x4a,0x38,0x7b,0xb2,0xfb,0x04,0x10,0xc0,0x80,0x01,0xa7,
 0x00,0xa2,0xaa,0x2a,0x48,0x7b,0xb0,0xa9,0x61,0xb3,0xfb,0xcd,0xef,0x5c,0x55,0x06,
 0x0e,0x00,0x08,0xaa,0x61,0xb0,0xa9,0x4a,0x38,0x7b,0xb2,0xfb,0x30,0x4c,0x00,0xe2,
 0xe2,0xc8,0x01,0x14,0xaa,0x64,0xb2,0xa9,0x1a,0x08,0x7b,0xb3,0xfb,0x04,0x50,0x40,
 0x41,0x14,0x04,0x00,0x99,0xaa,0x1a,0x38,0x7b,0xb2,0xa9,0x60,0xb4,0xfb,0x08,0xd4,
 0x81,0x81,0x01,0x08,0x00,0x8a,0xaa,0x1a,0x28,0x7b,0xb0,0xa9,0x63,0xb4,0xfb,0x12,
 0x44,0x74,0xc3,0x51,0xdb,0x03,0x0b,0xaa,0x61,0xb3,0xa9,0x0a,0x28,0x7b,0xb4,0xfb,
 0x10,0x40,0x30,0x83,0x00,0x02,0x00,0x90,0xaa,0x0a,0x28,0x7b,0xb1,0xa9,0x83,0xb4,
 0xfb,0x9e,0x16,0xd4,0xc0,0xea,0x34,0x00,0x0b,0xaa,0x61,0xb3,0xa9,0x2a,0x48,0x7b,
 0xb0,0xfb,0x19,0x70,0x70,0xeb,0x53,0x99,0x02,0x23,0xaa,0x63,0xb4,0xa9,0x0a,0x18,
 0x7b,0xb2,0xfb,0x7e,0x08,0x00,0x01,0x04,0x08,0x00,0x82,0xaa,0x0a,0x28,0x7b,0xb3,
 0xa9,0x61,0xb4,0xfb,0x14,0x10,0x80,0x40,0x1e,0x14,0x00,0x98,0xaa,0x3a,0x08,0x7b,
 0xb4,0xa9,0x61,0xb2,0xfb,0x0e,0x24,0x90,0x88,0x01,0x16,0x00,0x94,0xaa,0x2a,0x48,
 0x7b,0xb0,0xa9,0x63,0xb1,0xfb,0x01,0x10,0x60,0x40,0x11,0x1d,0x00,0x9c,0xaa,0x4a,
 0x38,0x7b,0xb0,0xa9,0x61,0xb2,0xfb,0x9c,0xe8,0xcb,0xdb,0x03,0x33,0x00,0x02,0xaa,
 0x60,0xb2,0xa9,0x3a,0x48,0x7b,0xb1,0xfb,0x0c,0x34,0xa0,0xc9,0x63,0x01,0x00,0x23,
 0xaa,0x1a,0x28,0x6b,0x3a,0x47,0xbb,0x09,0xfb,0x14,0x0c,0x90,0x40,0x1e,0x14,0x00,
 0x98,0xaa,0x3a,0x08,0x7b,0xb4,0xa9,0x61,0xb2,0xfb,0x0a,0x28,0x50,0xc0,0x00,0xa1,
 0x00,0xa0,0xaa,0x0a,0x48,0x7b,0xb1,0xa9,0x63,0xb2,0xfb,0xa9,0xe2,0xe0,0xc0,0xb3,
 0x09,0x03,0x03,0xaa,0x60,0xb3,0xa9,0x2a,0x18,0x7b,0xb4,0xfb,0x32,0xa0,0xfb,0x80,
 0x52,0x66,0x03,0x1c,0xaa,0x63,0xb4,0xa9,0x2a,0x08,0x7b,0xb1,0xfb,0x0c,0x4c,0x40,
 0x27,0x2b,0xe0,0x00,0x1a,0xaa,0x63,0xb2,0xa9,0x0a,0x18,0x7b,0xb4,0xfb,0x60,0xc1,
 0xd0,0x40,0x04,0xdb,0x00,0x01,0xaa,0x60,0xb1,0xa9,0x2a,0x38,0x7b,0xb4,0xfb,0x08,
 0x2c,0x00,0x88,0x00,0x05,0x00,0x91,0xaa,0x1a,0x28,0x7b,0xb0,0xa9,0x63,0xb4,0xfb,
 0xae,0x30,0xe0,0x8e,0x38,0x14,0x00,0x18,0xaa,0x60,0xb3,0xa9,0x1a,0x48,0x7b,0xb2,
 0xfb,0x10,0x98,0x2a,0x83,0xe6,0x18,0x03,0x19,0xaa,0x61,0xb3,0xa9,0x0a,0x28,0x7b,
 0xb4,0xfb,0x64,0x54,0xc0,0xd2,0x58,0x11,0x00,0x02,0xaa,0x60,0xb2,0xa9,0x4a,0x18,
 0x7b,0xb3,0xfb,0x1c,0x94,0xee,0x00,0x60,0x9b,0x02,0x21,0xaa,0x64,0xb1,0xa9,0x2a,
 0x08,0x7b,0xb3,0xfb,0x03,0x18,0x22,0x41,0x02,0x0c,0x00,0x8a,0xaa,0x2a,0x38,0x9b,
 0xb0,0xa6,0x64,0xb1,0xfb,0x04,0x84,0x81,0x40,0x06,0x19,0x00,0x8b,0xaa,0x3a,0x18,
 0x7b,0xb4,0xa9,0x60,0xb2,0xfb,0x0d,0x5c,0x30,0x08,0x02,0x07,0x00,0x91,0xaa,0xaa,
 0x60,0xb3,0x18,0x9b,0xb4,0x26,0xfb,0xcf,0xc0,0xe9,0x41,0xf8,0x15,0x00,0x03,0xaa,
 0x60,0xb3,0xa9,0x4a,0x28,0x7b,0xb1,0xfb,0x09,0x20,0x20,0x82,0x08,0x65,0x00,0xa2,
 0xaa,0x4a,0x28,0x7b,0xb3,0xa9,0x61,0xb0,0xfb,0x05,0x3c,0x10,0xca,0x03,0x07,0x00,
 0x91,0xaa,0x1a,0x28,0x7b,0xb3,0xa9,0x60,0xb4,0xfb,0x52,0xba,0x20,0x57,0x03,0xae,
 0x01,0x22,0xaa,0x62,0xb4,0xa9,0x3a,0x18,0x7b,0xb0,0xfb,0x06,0x24,0x60,0x80,0x04,
 0xa7,0x00,0xa3,0xaa,0x3a,0x18,0x9b,0xb0,0xa6,0x64,0xb2,0xfb,0x02,0x78,0x92,0x00,
 0x03,0x0e,0x00,0x8c,0xaa,0x4a,0x18,0x7b,0xb3,0xa9,0x60,0xb2,0xfb,0x13,0x10,0x40,
 0x47,0x01,0x06,0x00,0x90,0xaa,0x2a,0x08,0x7b,0xb1,0xa9,0x63,0xb4,0xfb,0x16,0x14,
 0x60,0x80,0x05,0x65,0x00,0xa0,0xaa,0xaa,0x60,0xb1,0x38,0x9b,0xb2,0x46,0xfb,0x14,
 0x08,0x40,0xc1,0x16,0x07,0x00,0x98,0xaa,0x0a,0x38,0x7b,0xb2,0xa9,0x61,0xb4,0xfb,
 0x95,0x36,0x79,0x41,0x07,0x63,0x02,0x21,0xaa,0x61,0xb4,0xa9,0x2a,0x38,0x7b,0xb0,
 0xfb,0x9c,0x65,0xee,0xc1,0xa9,0x0e,0x00,0x19,0xaa,0x63,0xb1,0xa9,0x4a,0x28,0x7b,
 0xb0,0xfb,0x69,0x1c,0x90,0x81,0x01,0x19,0x00,0x82,0xaa,0x0a,0x28,0x7b,0xb4,0xa9,
 0x63,0xb1,0xfb,0xb2,0x41,0x60,0x81,0xf1,0x59,0x01,0x18,0xaa,0x60,0xb3,0xa9,0x1a,
 0x28,0x7b,0xb4,0xfb,0x07,0xf8,0x31,0x00,0x04,0x10,0x00,0x8b,0xaa,0x1a,0x38,0x7b,
 0xb4,0xa9,0x62,0xb0,0xfb,0x49,0x64,0x40,0x40,0x01,0x19,0x00,0x81,0xaa,0x1a,0x08,
 0x7b,0xb4,0xa9,0x62,0xb3,0xfb,0x52,0x3a,0x73,0x01,0xce,0x24,0x00,0x01,0xaa,0x61,
 0xb0,0xa9,0x2a,0x48,0x7b,0xb3,0xfb,0x32,0x60,0x2b,0x68,0x03,0x68,0x03,0x21,0xaa,
 0x61,0xb4,0xa9,0x3a,0x08,0x7b,0xb2,0xfb,0x09,0x58,0x50,0x86,0x00,0x16,0x00,0x91,
 0xaa,0x2a,0x18,0x7b,0xb4,0xa9,0x63,0xb0,0xfb,0x2d,0x48,0x3d,0x01,0xc0,0xe8,0x00,
 0x1c,0xaa,0x64,0xb3,0xa9,0x2a,0x08,0x7b,0xb1,0xfb,0x1f,0x38,0x31,0x40,0x02,0x12,
 0x00,0x88,0xaa,0x0a,0x18,0x7b,0xb4,0xa9,0x62,0xb3,0xfb,0x07,0x78,0x90,0xc0,0x17,
 0x22,0x00,0x9c,0xaa,0x4a,0x38,0x7b,0xb1,0xa9,0x60,0xb2,0xfb,0x1d,0xb4,0x33,0x4a,
 0x03,0x77,0x01,0x11,0xaa,0x62,0xb1,0xa9,0x3a,0x08,0x7b,0xb4,0xfb,0x07,0x86,0xd0,
 0x35,0x04,0xab,0x03,0x14,0xaa,0x62,0xb4,0xa9,0x3a,0x18,0x7b,0xb0,0xfb,0x04,0x20,
 0x30,0xc1,0x1f,0x0d,0x00,0x9a,0xaa,0x3a,0x28,0x7b,0xb4,0xa9,0x60,0xb1,0xfb,0x65,
 0x10,0xe0,0x80,0x03,0x03,0x00,0x82,0xaa,0x0a,0x18,0x6b,0x2a,0x38,0xbb,0x49,0xfb,
 0x0e,0xec,0xd0,0xcd,0x5e,0x37,0x03,0x13,0xaa,0x62,0xb3,0xa9,0x0a,0x18,0x7b,0xb4,
 0xfb,0x08,0x40,0x90,0x80,0x00,0x8a,0x00,0xa1,0xaa,0x4a,0x18,0x7b,0xb0,0xa9,0x63,
 0xb2,0xfb,0x0e,0x0c,0x20,0xc1,0x1e,0x08,0x00,0x9a,0xaa,0x3a,0x28,0x7b,0xb0,0xa9,
 0x61,0xb4,0xfb,0x08,0x84,0x80,0x40,0x18,0x01,0x00,0x99,0xaa,0x1a,0x38,0x7b,0xb4,
 0xa9,0x60,0xb2,0xfb,0x92,0xac,0x60,0x81,0xd5,0xad,0x03,0x18,0xaa,0x60,0xb3,0xa9,
 0x2a,0x18,0x7b,0xb4,0xfb,0x36,0x63,0x70,0x9d,0xf4,0x14,0x00,0x03,0xaa,0x60,0xb3,
 0xa9,0x4a,0x18,0x7b,0xb2,0xfb,0x04,0x84,0xa2,0x80,0x02,0x04,0x00,0x8a,0xaa,0x2a,
 0x18,0x7b,0xb3,0xa9,0x60,0xb4,0xfb,0x04,0x78,0xa1,0xc0,0x00,0x0f,0x00,0x8c,0xaa,
 0x4a,0x18,0x7b,0xb2,0xa9,0x63,0xb0,0xfb,0x17,0xac,0xd0,0x9d,0xf6,0x7b,0x00,0x22,
 0xaa,0x64,0xb2,0xa9,0x0a,0x18,0x7b,0xb3,0xfb,0x06,0x3c,0x20,0x40,0x15,0x13,0x00,
 0x9c,0xaa,0x4a,0x38,0x7b,0xb1,0xa9,0x62,0xb0,0xfb,0x49,0x3e,0xd0,0x78,0x0e,0x10,
 0x00,0x08,0xaa,0x61,0xb0,0xa9,0x4a,0x38,0x7b,0xb2,0xfb,0x06,0x24,0x30,0xc0,0x00,
 0x86,0x00,0xa1,0xaa,0x4a,0x18,0x7b,0x2a,0x36,0xbb,0x09,0xfb,0x03,0x64,0x70,0xc0,
 0x06,0x4b,0x00,0xa3,0xaa,0x3a,0x48,0x7b,0xb1,0xa9,0x60,0xb2,0xfb,0x0c,0x24,0x38,
 0x1f,0x0b,0x85,0x03,0x14,0xaa,0x62,0xb4,0xa9,0x0a,0x38,0x7b,0xb1,0xfb,0x0d,0x71,
 0xea,0xc0,0x84,0x30,0x00,0x18,0xaa,0x60,0xb3,0xa9,0x2a,0x48,0x7b,0xb1,0xfb,0x12,
 0x5c,0xe0,0x86,0x66,0xb2,0x02,0x22,0xaa,0x62,0xb4,0xa9,0x0a,0x18,0x7b,0xb3,0xfb,
 0x81,0x64,0x90,0xc1,0x01,0x09,0x00,0x81,0xaa,0x0a,0x18,0x7b,0xb2,0xa9,0x63,0xb4,
 0xfb,0x1e,0x44,0x31,0x80,0x07,0x09,0x00,0x88,0xaa,0x0a,0x18,0x7b,0xb3,0xa9,0x62,
 0xb4,0xfb,0x0c,0x10,0xc0,0xc1,0x13,0x07,0x00,0x9a,0xaa,0x2a,0x38,0x7b,0xb0,0xa9,
 0x61,0xb4,0xfb,0x19,0x64,0x60,0x40,0x1e,0x09,0x00,0x98,0xaa,0x3a,0x08,0x7b,0xb1,
 0xa9,0x62,0xb4,0xfb,0x76,0x1c,0x30,0x40,0x04,0x06,0x00,0x83,0xaa,0x0a,0x38,0x7b,
 0xb4,0xa9,0x62,0xb1,0xfb,0x04,0x14,0x40,0xc0,0x1a,0x0f,0x00,0x9c,0xaa,0x3a,0x48,
 0x7b,0xb1,0xa9,0x60,0xb2,0xfb,0x5e,0x4e,0x00,0x42,0x30,0xcf,0x00,0x1c,0xaa,0x63,
 0xb4,0xa9,0x1a,0x28,0x7b,0xb0,0xfb,0xfe,0xe4,0xa0,0x55,0xaa,0x0c,0x00,0x10,0xaa,
 0x60,0xb2,0xa9,0x4a,0x18,0x7b,0xb3,0xfb,0x14,0x10,0x70,0x04,0x05,0x03,0x00,0x90,
 0xaa,0x0a,0x28,0x7b,0xb3,0xa9,0x64,0xb1,0xfb,0x75,0x41,0x10,0xc3,0x06,0x0e,0x03,
 0x03,0xaa,0x63,0xb0,0xa9,0x1a,0x28,0x7b,0xb4,0xfb,0x02,0x1c,0x41,0x41,0x01,0x14,
 0x00,0x8a,0xaa,0x2a,0x18,0x7b,0xb4,0xa9,0x60,0xb3,0xfb,0x10,0xc0,0x72,0xc0,0x01,
 0x10,0x00,0x88,0xaa,0x0a,0x18,0x7b,0xb4,0xa9,0x62,0xb3,0xfb,0x55,0x18,0x10,0x42,
 0x01,0x08,0x00,0x82,0xaa,0x2a,0x08,0x7b,0xb3,0xa9,0x61,0xb4,0xfb,0xd0,0xa2,0x1a,
 0x41,0x97,0x24,0x00,0x01,0xaa,0x61,0xb0,0xa9,0x2a,0x48,0x7b,0xb3,0xfb,0x14,0x18,
 0xb0,0xc5,0x00,0x14,0x00,0x90,0xaa,0x0a,0x28,0x7b,0xb4,0xa9,0x63,0xb1,0xfb,0xdd,
 0x35,0x2d,0xc1,0x06,0xbb,0x03,0x21,0xaa,0x61,0xb4,0xa9,0x2a,0x38,0x7b,0xb0,0xfb,
 0x14,0x50,0x20,0x40,0x19,0x08,0x00,0x98,0xaa,0x3a,0x08,0x7b,0xb1,0xa9,0x62,0xb4,
 0xfb,0x0f,0x1c,0x40,0xc0,0x24,0x05,0x00,0x98,0xaa,0x3a,0x19,0x6b,0x0a,0x26,0xbb,
 0x48,0xfb,0x40,0x4c,0x00,0xc1,0x00,0x03,0x00,0x81,0xaa,0x1a,0x08,0x7b,0xb2,0xa9,
 0x63,0xb4,0xfb,0x8e,0x36,0xc0,0xfb,0x0c,0x4c,0x03,0x22,0xaa,0x64,0xb2,0xa9,0x1a,
 0x38,0x7b,0xb0,0xfb,0x09,0x08,0xc0,0x05,0x06,0x08,0x00,0x93,0xaa,0x3a,0x28,0x7b,
 0xb4,0xa9,0x61,0xb0,0xfb,0x04,0x20,0x80,0x00,0x2b,0x0e,0x00,0x9c,0xaa,0x4a,0x38,
 0x7b,0xb1,0xa9,0x60,0xb2,0xfb,0x07,0x00,0x02,0xc1,0x01,0x16,0x00,0x8c,0xaa,0x1a,
 0x48,0x7b,0xb2,0xa9,0x60,0xb3,0xfb,0x79,0x80,0x79,0xaa,0x04,0x22,0x00,0x10,0xaa,
 0x60,0xb2,0xa9,0x3a,0x48,0x7b,0xb1,0xfb,0x7b,0x48,0x40,0x80,0x03,0x07,0x00,0x81,
 0xaa,0x0a,0x18,0x7b,0xb3,0xa9,0x62,0xb4,0xfb,0x24,0x5a,0x90,0xc1,0x62,0x05,0x00,
 0x1c,0xaa,0x63,0xb4,0xa9,0x1a,0x28,0x7b,0xb0,0xfb,0x02,0x6c,0x90,0x80,0x14,0x0e,
 0x00,0x99,0xaa,0x1a,0x38,0x7b,0xb4,0xa9,0x60,0xb2,0xfb,0x06,0x0c,0x30,0x84,0x04,
 0x03,0x00,0x93,0xaa,0x3a,0x28,0x7b,0x1a,0x46,0xbb,0x09,0xfb,0x8d,0x67,0x3f,0xc3,
 0xcb,0x12,0x00,0x19,0xaa,0x63,0xb1,0xa9,0x4a,0x28,0x7b,0xb0,0xfb,0x04,0xb4,0x81,
 0x01,0x04,0x09,0x00,0x8a,0xaa,0x1a,0x28,0x7b,0xb3,0xa9,0x60,0xb4,0xfb,0x20,0x94,
 0x01,0x02,0x02,0x08,0x00,0x88,0xaa,0x1a,0x08,0x7b,0xb2,0xa9,0x63,0xb4,0xfb,0xd4,
 0x4d,0x90,0x7d,0x06,0x9f,0x01,0x22,0xaa,0x64,0xb2,0xa9,0x1a,0x38,0x7b,0xb0,0xfb,
 0xa5,0x2d,0xec,0xa5,0x08,0x12,0x00,0x01,0xaa,0x60,0xb1,0xa9,0x4a,0x38,0x7b,0xb2,
 0xfb,0xaa,0x34,0x70,0x80,0x02,0x04,0x00,0x81,0xaa,0x0a,0x39,0x8b,0x4a,0x26,0xbb,
 0x16,0xfb,0xad,0x64,0x60,0xdd,0x04,0x3b,0x03,0x04,0xaa,0x60,0xb4,0xa9,0x3a,0x18,
 0x7b,0xb2,0xfb,0x02,0x14,0x90,0x43,0x06,0x19,0x00,0x93,0xaa,0x3a,0x28,0x7b,0xb4,
 0xa9,0x60,0xb1,0xfb,0x07,0xd0,0x41,0xc0,0x04,0x04,0x00,0x8b,0xaa,0x1a,0x38,0x7b,
 0xb2,0xa9,0x64,0xb0,0xfb,0xcb,0x97,0x83,0x82,0x03,0x2a,0x02,0x08,0xaa,0x61,0xb0,
 0xa9,0x3a,0x28,0x7b,0xb4,0xfb,0x10,0x40,0x90,0x40,0x01,0xb0,0x00,0xa0,0xaa,0x0a,
 0x36,0x8b,0xb2,0xa6,0x94,0xb1,0xfb,0x4c,0x30,0x10,0x0b,0x83,0x0f,0x00,0x03,0xaa,
 0x63,0xb0,0xa9,0x1a,0x48,0x7b,0xb2,0xfb,0x06,0x48,0xf0,0x81,0x01,0x4e,0x00,0xa2,
 0xaa,0x2a,0x48,0x7b,0xb1,0xa9,0x60,0xb3,0xfb,0x27,0xd6,0x0e,0xc1,0x08,0x53,0x03,
 0x21,0xaa,0x64,0xb1,0xa9,0x2a,0x38,0x7b,0xb0,0xfb,0x79,0x3c,0x30,0xc0,0x03,0x06,
 0x00,0x81,0xaa,0x0a,0x18,0x7b,0xb3,0xa9,0x62,0xb4,0xfb,0x35,0x4f,0x6f,0x41,0x87,
 0x19,0x00,0x01,0xaa,0x60,0xb1,0xa9,0x2a,0x48,0x7b,0xb3,0xfb,0x40,0x6d,0xc0,0x1b,
 0x59,0x0c,0x00,0x13,0xaa,0x63,0xb2,0xa9,0x4a,0x18,0x7b,0xb0,0xfb,0x25,0xcc,0x58,
 0x01,0x05,0xa1,0x01,0x08,0xaa,0x60,0xb1,0xa9,0x3a,0x28,0x7b,0xb4,0xfb,0xf2,0x42,
 0x3d,0x41,0x0b,0x86,0x02,0x20,0xaa,0x64,0xb0,0xa9,0x2a,0x38,0x7b,0xb1,0xfb,0x16,
 0x0c,0x2f,0xaf,0x3d,0x2c,0x00,0x13,0xaa,0x63,0xb2,0xa9,0x0a,0x48,0x7b,0xb1,0xfb,
 0x1d,0x58,0x80,0x80,0x1d,0x09,0x00,0x98,0xaa,0x3a,0x08,0x7b,0xb1,0xa9,0x62,0xb4,
 0xfb,0x1b,0x94,0x74,0xb2,0x07,0x33,0x01,0x0c,0xaa,0x61,0xb4,0xa9,0x0a,0x38,0x7b,
 0xb2,0xfb,0x09,0x28,0xd0,0x01,0x01,0x5a,0x00,0xa2,0xaa,0x2a,0x48,0x7b,0xb1,0xa9,
 0x63,0xb0,0xfb,0x12,0xcc,0xf0,0xe1,0xe3,0x59,0x03,0x14,0xaa,0x62,0xb4,0xa9,0x0a,
 0x18,0x7b,0xb3,0xfb,0x83,0x5b,0x00,0xc1,0x55,0x85,0x03,0x04,0xaa,0x60,0xb4,0xa9,
 0x2a,0x18,0x7b,0xb3,0xfb,0x07,0x64,0x91,0x41,0x06,0x04,0x00,0x8a,0xaa,0x2a,0x18,
 0x7b,0xb3,0xa9,0x64,0xb0,0xfb,0xa7,0x43,0xe0,0xbc,0xce,0x3b,0x00,0x1a,0xaa,0x63,
 0xb2,0xa9,0x1a,0x48,0x7b,0xb0,0xfb,0x5b,0x81,0xa0,0x69,0xd5,0x15,0x00,0x03,0xaa,
 0x60,0xb3,0xa9,0x4a,0x18,0x7b,0xb2,0xfb,0x19,0x08,0x90,0x45,0x02,0x19,0x00,0x90,
 0xaa,0x0a,0x28,0x7b,0xb4,0xa9,0x61,0xb3,0xfb,0x06,0x08,0x10,0x44,0x06,0x19,0x00,
 0x93,0xaa,0x3a,0x28,0x7b,0xb4,0xa9,0x61,0xb0,0xfb,0xd6,0xde,0x13,0xef,0x0a,0x11,
 0x00,0x11,0xaa,0x61,0xb2,0xa9,0x4a,0x38,0x7b,0xb0,0xfb,0x20,0x80,0x90,0xc0,0x01,
 0x65,0x00,0xa0,0xaa,0x4a,0x08,0x7b,0xb1,0xa9,0x63,0xb2,0xfb,0x4f,0x3d,0xb0,0x4f,
 0x04,0xd1,0x01,0x04,0xaa,0x60,0xb4,0xa9,0x1a,0x38,0x7b,0xb2,0xfb,0x88,0x66,0xa0,
 0x88,0x41,0x1a,0x00,0x1a,0xaa,0x62,0xb3,0xa9,0x1a,0x48,0x7b,0xb0,0xfb,0x1f,0x84,
 0x91,0xc0,0x01,0x06,0x00,0x88,0xaa,0x0a,0x18,0x7b,0xb3,0xa9,0x64,0xb2,0xfb,0xd2,
 0x47,0xde,0x81,0x08,0xaf,0x02,0x21,0xaa,0x64,0xb1,0xa9,0x2a,0x38,0x7b,0xb0,0xfb,
 0x07,0xd4,0x20,0xc0,0x04,0x03,0x00,0x8b,0xaa,0x3a,0x18,0x7b,0xb0,0xa9,0x62,0xb4,
 0xfb,0x3c,0x3a,0x40,0x27,0xcd,0x3b,0x00,0x02,0xaa,0x60,0xb2,0xa9,0x1a,0x48,0x7b,
 0xb3,0xfb,0x19,0x24,0x90,0x40,0x07,0x7d,0x00,0xa3,0xaa,0x4a,0x38,0x7b,0xb0,0xa9,
 0x61,0xb2,0xfb,0x14,0x24,0x40,0x41,0x28,0x07,0x00,0x98,0xaa,0x3a,0x08,0x7b,0xb2,
 0xa9,0x64,0xb1,0xfb,0x81,0x38,0x60,0x80,0x01,0x03,0x00,0x81,0xaa,0x0a,0x18,0x7b,
 0xb2,0xa9,0x64,0xb3,0xfb,0xb0,0x40,0x00,0x01,0x02,0x06,0x00,0x81,0xaa,0x1a,0x06,
 0x6b,0x2a,0x39,0xbb,0x46,0xfb,0x1a,0x18,0xa0,0xc1,0x01,0x65,0x00,0xa0,0xaa,0x4a,
 0x08,0x7b,0xb2,0xa9,0x61,0xb3,0xfb,0x63,0xeb,0xf0,0x40,0x7b,0x6b,0x00,0x1c,0xaa,
 0x64,0xb3,0xa9,0x2a,0x18,0x7b,0xb0,0xfb,0x5d,0x68,0x50,0x80,0x04,0x07,0x00,0x81,
 0xaa,0x1a,0x08,0x7b,0xb3,0xa9,0x62,0xb4,0xfb,0xce,0x53,0x70,0xb1,0xce,0x28,0x00,
 0x18,0xaa,0x63,0xb0,0xa9,0x1a,0x48,0x7b,0xb2,0xfb,0x05,0xb0,0x82,0x80,0x03,0x07,
 0x00,0x8b,0xaa,0x3a,0x18,0x7b,0xb2,0xa9,0x60,0xb4,0xfb,0x14,0x50,0x50,0x06,0x01,
 0x06,0x00,0x90,0xaa,0x2a,0x08,0x7b,0xb1,0xa9,0x63,0xb4,0xfb,0x12,0x38,0xe0,0x36,
 0x3d,0xd2,0x02,0x22,0xaa,0x64,0xb2,0xa9,0x1a,0x08,0x7b,0xb3,0xfb,0xd9,0x41,0x80,
 0xb2,0x07,0x50,0x02,0x22,0xaa,0x64,0xb2,0xa9,0x1a,0x38,0x7b,0xb0,0xfb,0x06,0x18,
 0xa0,0xc7,0x05,0x08,0x00,0x93,0xaa,0x2a,0x38,0x7b,0xb0,0xa9,0x61,0xb4,0xfb,0x06,
 0x1c,0xd0,0x81,0x01,0x53,0x00,0xa2,0xaa,0x2a,0x48,0x7b,0xb1,0xa9,0x60,0xb3,0xfb,
 0x99,0x44,0x40,0x40,0x00,0x09,0x00,0x81,0xaa,0x0a,0x18,0x7b,0xb3,0xa9,0x62,0xb4,
 0xfb,0x19,0x8d,0x90,0xeb,0x4f,0x14,0x00,0x03,0xaa,0x60,0xb3,0xa9,0x4a,0x18,0x7b,
 0xb2,0xfb,0x02,0x94,0x21,0x81,0x04,0x07,0x00,0x8a,0xaa,0x1a,0x28,0x7b,0xb3,0xa9,
 0x60,0xb4,0xfb,0x6b,0x83,0x70,0x6f,0xe7,0x18,0x00,0x18,0xaa,0x60,0xb3,0xa9,0x4a,
 0x18,0x7b,0xb2,0xfb,0x03,0x64,0x90,0x43,0x06,0x04,0x00,0x91,0xaa,0x1a,0x28,0x7b,
 0xb3,0xa9,0x60,0xb4,0xfb,0x1b,0x4c,0xd0,0x9f,0x35,0x4a,0x02,0x23,0xaa,0x63,0xb4,
 0xa9,0x1a,0x08,0x7b,0xb2,0xfb,0x04,0x34,0xc0,0x00,0x01,0x7c,0x00,0xa1,0xaa,0x4a,
 0x18,0x7b,0xb2,0xa9,0x60,0xb3,0xfb,0x2a,0x0c,0x0b,0x65,0x04,0x28,0x03,0x22,0xaa,
 0x62,0xb4,0xa9,0x3a,0x08,0x7b,0xb1,0xfb,0x0e,0xdc,0x0a,0x2d,0x0d,0x89,0x03,0x21,
 0xaa,0x61,0xb4,0xa9,0x0a,0x38,0x7b,0xb2,0xfb,0x4f,0x14,0x40,0x40,0x04,0x17,0x00,
 0x84,0xaa,0x4a,0x08,0x7b,0xb3,0xa9,0x62,0xb1,0xfb,0x1a,0x30,0x40,0x53,0x52,0xd7,
 0x01,0x23,0xaa,0x63,0xb4,0xa9,0x1a,0x08,0x7b,0xb2,0xfb,0x41,0x93,0x16,0xc2,0xf1,
 0x0d,0x00,0x18,0xaa,0x60,0xb3,0xa9,0x4a,0x28,0x7b,0xb1,0xfb,0x02,0x0c,0x80,0x00,
 0x0c,0x15,0x00,0x9c,0xaa,0x0a,0x38,0x9b,0xb1,0xa6,0x84,0xb2,0xfb,0xda,0x19,0xd5,
 0xf2,0x04,0x2b,0x00,0x08,0xaa,0x61,0xb0,0xa9,0x3a,0x48,0x7b,0xb2,0xfb,0x02,0x30,
 0x81,0x01,0x06,0x07,0x00,0x8a,0xaa,0x2a,0x18,0x7b,0xb3,0xa9,0x60,0xb4,0xfb,0x79,
 0x85,0x78,0xf3,0x04,0x1d,0x00,0x02,0xaa,0x60,0xb2,0xa9,0x3a,0x48,0x7b,0xb1,0xfb,
 0x70,0x3f,0x90,0xcc,0x0e,0x1f,0x03,0x22,0xaa,0x62,0xb4,0xa9,0x1a,0x38,0x7b,0xb0,
 0xfb,0x1a,0x1c,0x50,0x05,0x01,0x0a,0x00,0x90,0xaa,0x0a,0x28,0x7b,0xb4,0xa9,0x63,
 0xb1,0xfb,0xa1,0x38,0x20,0xc1,0x3b,0xfa,0x00,0x18,0xaa,0x60,0xb3,0xa9,0x1a,0x28,
 0x7b,0xb4,0xfb,0x06,0xd8,0x41,0x80,0x01,0x11,0x00,0x8c,0xaa,0x1a,0x08,0x9b,0xb2,
 0xa6,0x64,0xb3,0xfb,0x0c,0x60,0xd4,0x39,0x06,0xa3,0x02,0x14,0xaa,0x64,0xb2,0xa9,
 0x0a,0x38,0x7b,0xb1,0xfb,0x02,0x44,0x20,0x48,0x02,0x0a,0x00,0x91,0xaa,0x0a,0x36,
 0x8b,0xb1,0xa6,0x92,0xb4,0xfb,0x19,0x24,0x90,0x06,0x01,0x19,0x00,0x90,0xaa,0x2a,
 0x08,0x7b,0xb4,0xa9,0x63,0xb1,0xfb,0xa1,0xf7,0x77,0x43,0x04,0xb3,0x02,0x0c,0xaa,
 0x61,0xb4,0xa9,0x3a,0x28,0x7b,0xb0,0xfb,0xc3,0x55,0xc2,0x40,0xa7,0x38,0x00,0x08,
 0xaa,0x61,0xb0,0xa9,0x2a,0x48,0x7b,0xb3,0xfb,0x1c,0x70,0x60,0x00,0x02,0x65,0x00,
 0xa0,0xaa,0xaa,0x64,0xb0,0x38,0x9b,0xb2,0x16,0xfb,0x06,0x50,0xc0,0xc1,0x00,0x41,
 0x00,0xa2,0xaa,0x2a,0x48,0x7b,0xb1,0xa9,0x63,0xb0,0xfb,0x3f,0xa6,0xd6,0x7b,0x09,
 0x1a,0x00,0x01,0xaa,0x61,0xb0,0xa9,0x4a,0x38,0x7b,0xb2,0xfb,0x14,0xe4,0x41,0xc1,
 0x01,0x05,0x00,0x88,0xaa,0x1a,0x08,0x7b,0xb2,0xa9,0x64,0xb3,0xfb,0x53,0x74,0x50,
 0x39,0x03,0x57,0x01,0x10,0xaa,0x60,0xb2,0xa9,0x3a,0x18,0x7b,0xb4,0xfb,0x02,0x50,
 0x40,0x01,0x01,0x3d,0x00,0xa1,0xaa,0x1a,0x48,0x7b,0xb2,0xa9,0x60,0xb3,0xfb,0x5d,
 0x8f,0x61,0x03,0x04,0xf5,0x01,0x0c,0xaa,0x64,0xb1,0xa9,0x3a,0x28,0x7b,0xb0,0xfb,
 0x11,0x08,0x30,0xc1,0x0a,0x02,0x00,0x9a,0xaa,0xaa,0x62,0xb1,0x08,0x6b,0xb3,0x49,
 0xfb,0xb3,0x32,0x8b,0x01,0x47,0x1d,0x00,0x19,0xaa,0x63,0xb1,0xa9,0x2a,0x48,0x7b,
 0xb0,0xfb,0x19,0x64,0x20,0x00,0x02,0x51,0x00,0xa0,0xaa,0x0a,0x48,0x7b,0xb1,0xa9,
 0x62,0xb3,0xfb,0xe6,0x49,0x5e,0xf0,0x03,0x34,0x00,0x01,0xaa,0x60,0xb1,0xa9,0x3a,
 0x48,0x7b,0xb2,0xfb,0x08,0x78,0x71,0x00,0x02,0x20,0x00,0x8c,0xaa,0x4a,0x18,0x7b,
 0xb0,0xa9,0x62,0xb3,0xfb,0x8a,0x9d,0xf0,0xa1,0x33,0x0e,0x00,0x03,0xaa,0x63,0xb0,
 0xa9,0x4a,0x18,0x7b,0xb2,0xfb,0x17,0x5c,0x11,0x40,0x01,0x05,0x00,0x88,0xaa,0x0a,
 0x18,0x7b,0xb2,0xa9,0x63,0xb4,0xfb,0x78,0x23,0xcb,0x00,0x05,0xe8,0x00,0x08,0xaa,
 0x61,0xb0,0xa9,0x2a,0x38,0x7b,0xb4,0xfb,0xcd,0xf6,0xae,0x80,0x13,0x2e,0x6c,0x00,
 0xd8,0xaa,0x1a,0xa9,0x0a,0x39,0x7b,0xb4,0x6b,0xb5,0x28,0xfb,0xb9,0x8b,0xa5,0x00,
 0x06,0x8a,0xb0,0x00,0xe1,0xaa,0x0a,0xa9,0x1a,0x49,0x7b,0xb5,0x6b,0xb3,0x28,0xfb,
 0x1f,0x87,0xa0,0x00,0x07,0xa0,0x94,0x07,0xe5,0xaa,0x0a,0xa9,0x5a,0x49,0x7b,0xb3,
 0x6b,0xb1,0x28,0xfb,0x6c,0x70,0x45,0x82,0x02,0x0a,0x94,0x00,0xc2,0xaa,0xaa,0x1a,
 0x29,0x7b,0xb3,0x08,0x6b,0xb5,0x48,0xfb,0x15,0x28,0xc0,0x02,0x14,0x13,0xd3,0x05,
 0xdd,0xaa,0x4a,0xa9,0x5a,0x39,0x7b,0xb2,0x6b,0xb0,0x18,0xfb,0x88,0xf2,0x01,0x42,
 0x06,0xfc,0x29,0x00,0xcc,0xaa,0x61,0xb2,0xa9,0xaa,0x70,0xb4,0x39,0x6b,0xb5,0xfb,
 0x0a,0x70,0xd0,0x05,0xb2,0x20,0x50,0x07,0xd5,0xaa,0x3a,0xa9,0x5a,0x29,0x7b,0xb1,
 0x6b,0xb4,0x08,0xfb,0x0a,0x38,0x9d,0x82,0x03,0xfb,0x9c,0x00,0xe9,0xaa,0x4a,0xa9,
 0x1a,0x59,0x7b,0xb2,0x6b,0xb3,0x08,0xfb,0x1f,0x98,0x84,0xca,0xcc,0x0a,0x74,0x00,
 0xd1,0xaa,0x3a,0xa9,0x1a,0x29,0x7b,0xb0,0x6b,0xb5,0x48,0xfb,0x15,0x28,0x80,0xc7,
 0x07,0xb4,0x26,0x07,0xd4,0xaa,0x5a,0xa9,0x4a,0x29,0x7b,0xb0,0x6b,0xb3,0x18,0xfb,
 0x0a,0x08,0xc8,0xc1,0x59,0x17,0xb0,0x00,0xe9,0xaa,0x3a,0xa9,0x1a,0x59,0x7b,0xb2,
 0x6b,0xb4,0x08,0xfb,0x0a,0x08,0xf1,0x40,0x69,0x22,0x50,0x02,0xcd,0x2a,0xa7,0x93,
 0xaa,0x5a,0x46,0x9b,0xb0,0x16,0xbb,0xfb,0xaf,0xaa,0x90,0xc2,0x03,0x0a,0x64,0x05,
 0xc8,0xaa,0x1a,0x06,0x9b,0xb3,0xa7,0x5a,0x26,0x9b,0xb4,0xfb,0x24,0x28,0xf0,0xab,
 0xf2,0x42,0x88,0x00,0xe3,0xaa,0x2a,0xa9,0x3a,0x49,0x7b,0xb0,0x6b,0xb5,0x18,0xfb,
 0x23,0xa8,0x82,0xfd,0x07,0x0a,0x78,0x05,0xcd,0xaa,0x2a,0xa9,0x5a,0x19,0x7b,0xb3,
 0x6b,0xb0,0x48,0xfb,0x20,0x24,0x90,0x07,0xf7,0x2e,0x28,0x00,0xc3,0xaa,0x70,0xb5,
 0xa8,0x71,0xaa,0x64,0xb3,0x29,0xbb,0xfb,0x54,0x5a,0xc0,0xb0,0x02,0xc6,0x88,0x00,
 0xe2,0xaa,0x90,0x3a,0x56,0xbb,0xa7,0x92,0x4a,0x16,0xbb,0xfb,0x7f,0x29,0x80,0x01,
 0x05,0x9a,0xb8,0x00,0xec,0xaa,0x0a,0xa9,0x4a,0x59,0x7b,0xb3,0x6b,0xb2,0x18,0xfb,
 0xba,0x4c,0x00,0x02,0x0f,0x43,0x2a,0x00,0xc3,0xaa,0x0a,0x39,0x6b,0x4a,0x59,0xbb,
 0xa7,0x61,0xb2,0xfb,0x28,0x8e,0x0e,0x82,0x2e,0x0a,0x84,0x00,0xd8,0xaa,0x1a,0xa9,
 0x0a,0x39,0x7b,0xb5,0x6b,0xb2,0x48,0xfb,0x82,0x5c,0x28,0x42,0xc2,0x0a,0x6c,0x00,
 0xc1,0xaa,0x3a,0xa9,0x1a,0x09,0x7b,0xb2,0x6b,0xb5,0x48,0xfb,0x0a,0x84,0xc0,0x40,
 0xf2,0x25,0x50,0x01,0xcb,0xaa,0x5a,0xa9,0x3a,0x19,0x7b,0xb4,0x6b,0xb2,0x08,0xfb,
 0x20,0x5c,0xc0,0xba,0x02,0x58,0x54,0x07,0xe2,0xaa,0x5a,0xa9,0x2a,0x49,0x7b,0xb0,
 0x6b,0xb1,0x38,0xfb,0x0a,0x70,0x6b,0xc3,0x04,0x0a,0xc4,0x00,0xd1,0xaa,0x5a,0xa9,
 0x1a,0x29,0x7b,0xb3,0x6b,0xb0,0x48,0xfb,0x29,0x80,0x2c,0xc8,0x06,0x8a,0x2b,0x00,
 0xd1,0xaa,0x4a,0xa9,0x1a,0x29,0x7b,0xb0,0x6b,0xb3,0x58,0xfb,0x28,0x2a,0xa0,0xec,
 0x06,0x9c,0x7c,0x00,0xe0,0xaa,0x2a,0xa9,0x0a,0x49,0x7b,0xb5,0x6b,0xb3,0x18,0xfb,
 0x46,0x76,0xa0,0x00,0x30,0x3f,0x87,0x00,0xd8,0xaa,0x4a,0xa9,0x0a,0x39,0x7b,0xb1,
 0x6b,0xb5,0x28,0xfb,0xcd,0x2a,0xe0,0x81,0x06,0x84,0x90,0x01,0xec,0xaa,0x0a,0xa9,
 0x4a,0x59,0x7b,0xb2,0x6b,0xb3,0x18,0xfb,0x0a,0xb4,0xd0,0x47,0xd8,0x1a,0xe0,0x0e,
 0xd3,0x2a,0xa7,0xaa,0x64,0xb3,0x19,0x6b,0x5a,0x09,0xbb,0xfb,0x0a,0x64,0xa0,0x4b,
 0x1d,0x0a,0x6c,0x00,0xeb,0xaa,0xaa,0x73,0x2a,0x56,0xbb,0x09,0x6b,0xb4,0x18,0xfb,
 0xe3,0xfe,0x49,0x45,0x07,0x0a,0x88,0x00,0xd1,0xaa,0x0a,0xa9,0x1a,0x29,0x7b,0xb5,
 0x6b,0xb3,0x48,0xfb,0xd4,0x81,0xf0,0x80,0x2e,0x83,0x29,0x00,0xd8,0xaa,0x4a,0xa9,
 0x0a,0x39,0x7b,0xb2,0x6b,0xb1,0x58,0xfb,0x3d,0x4c,0xa0,0xac,0x02,0x6c,0x28,0x00,
 0xe2,0xaa,0x0a,0xa9,0x2a,0x49,0x7b,0xb3,0x6b,0xb1,0x58,0xfb,0x65,0x2b,0x60,0x02,
 0x23,0x1d,0x3c,0x0f,0xdd,0xaa,0x0a,0xa9,0x5a,0x39,0x7b,0xb2,0x6b,0xb4,0x18,0xfb,
 0x1e,0x10,0x72,0x81,0x67,0x0a,0x3c,0x09,0xcb,0xaa,0x5a,0xa9,0x3a,0x19,0x7b,0xb0,
 0x6b,0xb2,0x48,0xfb,0x10,0x94,0x40,0x95,0x02,0x85,0xb6,0x00,0xec,0xaa,0x2a,0xa9,
 0x4a,0x59,0x7b,0xb1,0x6b,0xb0,0x38,0xfb,0x0a,0xb8,0x65,0x0c,0xf3,0x22,0x40,0x00,
 0xd3,0xaa,0x1a,0xa9,0x3a,0x29,0x7b,0xb5,0x6b,0xb4,0x08,0xfb,0x0a,0x90,0x81,0x81,
 0x0b,0x1d,0xa4,0x09,0xd9,0xaa,0x5a,0xa9,0x1a,0x39,0x7b,0xb4,0x6b,0xb2,0x08,0xfb,
 0x16,0x28,0x90,0x46,0xe7,0x3f,0x61,0x00,0xd3,0xaa,0x4a,0xa9,0x3a,0x29,0x7b,0xb5,
 0x6b,0xb0,0x18,0xfb,0x19,0x8c,0xc1,0x6a,0x95,0x0a,0x88,0x00,0xca,0xaa,0x3a,0xa9,
 0x2a,0x19,0x7b,0xb0,0x6b,0xb5,0x48,0xfb,0x7d,0x29,0xa0,0x41,0x44,0x4b,0x40,0x00,
 0xe0,0xaa,0x3a,0xa9,0x0a,0x49,0x7b,0xb5,0x6b,0xb2,0x18,0xfb,0x2a,0x3c,0x2d,0x8d,
 0x02,0x16,0xf8,0x01,0xea,0xaa,0x1a,0xa9,0x2a,0x59,0x7b,0xb0,0x6b,0xb4,0x38,0xfb,
 0x19,0x40,0x62,0x0b,0x7b,0x0b,0x28,0x00,0xcb,0xaa,0x2a,0xa9,0x3a,0x19,0x7b,0xb4,
 0x6b,0xb0,0x58,0xfb,0x23,0x30,0x33,0x81,0x82,0x0a,0xbc,0x08,0xcb,0xaa,0x5a,0xa9,
 0x3a,0x19,0x7b,0xb2,0x6b,0xb0,0x48,0xfb,0x0a,0x58,0x40,0xac,0x19,0x00,0x49,0x00,
 0xda,0xaa,0x4a,0xa9,0x2a,0x39,0x7b,0xb1,0x6b,0xb5,0x08,0xfb,0x18,0xa4,0xa7,0x00,
 0x27,0x2a,0x6f,0x00,0xdc,0xaa,0x1a,0xa9,0x4a,0x39,0x7b,0xb0,0x6b,0xb5,0x28,0xfb,
 0x13,0x28,0xf0,0x9d,0x2a,0x87,0x70,0x00,0xe3,0xaa,0x1a,0x56,0x8b,0x4a,0xa7,0x93,
 0xb0,0xbb,0x29,0xfb,0x0a,0x28,0x60,0xc1,0x1e,0xb3,0xa5,0x01,0xec,0x4a,0xa9,0x3a,
 0xa9,0x0a,0x16,0x7b,0xb2,0x6b,0xb5,0xfb,0x6c,0xce,0xa1,0x06,0x06,0x0a,0x28,0x00,
 0xc8,0xaa,0x2a,0xa9,0x0a,0x19,0x7b,0xb4,0x6b,0xb3,0x58,0xfb,0x0a,0xf0,0xb4,0x81,
 0x98,0x2e,0x60,0x00,0xe3,0xaa,0x1a,0xa9,0x3a,0x49,0x7b,0xb2,0x6b,0xb5,0x08,0xfb,
 0x2e,0x54,0xa1,0x40,0x94,0xb1,0x4b,0x00,0xcc,0xaa,0x3a,0xa9,0x4a,0x19,0x7b,0xb0,
 0x6b,0xb5,0x28,0xfb,0x65,0x2a,0xe0,0x5f,0x07,0x51,0x70,0x00,0xe2,0xaa,0x0a,0xa9,
 0x2a,0x49,0x7b,0xb3,0x6b,0xb5,0x18,0xfb,0x1f,0x8c,0x6f,0x89,0x02,0x0e,0x74,0x03,
 0xd1,0xaa,0x5a,0xa9,0x1a,0x29,0x7b,0xb4,0x6b,0xb0,0x38,0xfb,0x0a,0x44,0x8f,0x42,
 0x08,0x5e,0x02,0x01,0xec,0xaa,0x5a,0x29,0x7b,0x4a,0xa9,0x63,0xb1,0xbb,0x08,0xfb,
 0x0a,0xfc,0x81,0x0d,0x02,0xc6,0x97,0x00,0xd4,0xaa,0x1a,0xa9,0x4a,0x29,0x7b,0xb3,
 0x6b,0xb5,0x08,0xfb,0x7d,0x45,0xc1,0x81,0x02,0x7f,0x5a,0x00,0xcc,0xaa,0x0a,0xa9,
 0x4a,0x19,0x7b,0xb5,0x6b,0xb2,0x38,0xfb,0x64,0xd3,0xa2,0xc0,0x07,0x28,0x82,0x00,
 0xcc,0xaa,0x0a,0xa9,0x4a,0x19,0x7b,0xb5,0x6b,0xb3,0x28,0xfb,0x3c,0x8c,0xa0,0xa6,
 0x3d,0x0a,0x54,0x00,0xc3,0xaa,0x2a,0xa9,0x3a,0x09,0x7b,0xb1,0x6b,0xb5,0x48,0xfb,
 0x72,0xab,0xa0,0x00,0x07,0xdb,0x8b,0x02,0xe8,0xaa,0x4a,0xa9,0x0a,0x59,0x7b,0xb1,
 0x6b,0xb3,0x28,0xfb,0x0a,0x54,0x30,0xb9,0x41,0x1c,0x44,0x01,0xea,0xaa,0x3a,0xa9,
 0x2a,0x59,0x7b,0xb1,0x6b,0xb4,0x08,0xfb,0x0a,0x68,0x5a,0xc1,0x12,0x2f,0x69,0x00,
 0xd9,0xaa,0xaa,0x91,0xb5,0x26,0x8b,0x3a,0x07,0xbb,0x49,0xfb,0x4b,0x2c,0xa8,0x80,
 0x02,0x23,0x40,0x00,0xc2,0xaa,0x1a,0xa9,0x2a,0x39,0x7b,0xb5,0x6b,0xb4,0x08,0xfb,
 0xcc,0x43,0xa0,0xc0,0x78,0x2b,0x68,0x01,0xe8,0xaa,0x3a,0xa9,0x0a,0x59,0x7b,0xb4,
 0x6b,0xb1,0x28,0xfb,0xea,0x22,0xa5,0xc0,0x06,0x23,0xd0,0x00,0xe9,0xaa,0x0a,0xa9,
 0x1a,0x59,0x7b,0xb4,0x6b,0xb3,0x28,0xfb,0x90,0x94,0xa0,0x00,0xcd,0x1a,0x40,0x07,
 0xc5,0xaa,0x3a,0xa9,0x5a,0x09,0x7b,0xb4,0x6b,0xb1,0x28,0xfb,0x13,0x28,0x90,0x82,
 0x16,0x37,0x5c,0x0b,0xdc,0xaa,0x5a,0xa9,0x4a,0x39,0x7b,0xb2,0x6b,0xb0,0x18,0xfb,
 0x0a,0xa4,0xeb,0x8a,0x06,0x1e,0xd8,0x00,0xd5,0xaa,0x1a,0xa9,0x5a,0x29,0x7b,0xb3,
 0x6b,0xb4,0x08,0xfb,0x44,0x28,0x50,0x65,0x05,0xea,0x8c,0x00,0xc4,0xaa,0x2a,0xa9,
 0x4a,0x09,0x7b,0xb3,0x6b,0xb5,0x18,0xfb,0x08,0xbc,0xa2,0x09,0x09,0x76,0x2a,0x00,
 0xcc,0xaa,0x2a,0xa9,0x4a,0x19,0x7b,0xb0,0x6b,0xb3,0x58,0xfb,0x2a,0x4c,0xe6,0xa5,
 0x02,0x0d,0x20,0x01,0xea,0xaa,0x1a,0xa9,0x2a,0x59,0x7b,0xb0,0x6b,0xb4,0x38,0xfb,
 0x16,0xac,0x90,0xf6,0x0f,0x0a,0x90,0x09,0xda,0xaa,0x5a,0xa9,0x2a,0x39,0x7b,0xb1,
 0x6b,0xb0,0x48,0xfb,0x1d,0x28,0x50,0x37,0x0a,0xac,0xc3,0x01,0xec,0xaa,0x5a,0xa9,
 0x70,0xb3,0x6b,0xb1,0xa8,0x72,0xb4,0xfb,0x0a,0x60,0x80,0x88,0x46,0x0a,0x14,0x01,
 0xeb,0xaa,0x2a,0xa9,0x3a,0x59,0x7b,0xb0,0x6b,0xb1,0x48,0xfb,0x64,0x6c,0x50,0xc1,
 0x5a,0x0a,0xd4,0x0d,0xc5,0xaa,0x3a,0xa9,0x5a,0x09,0x7b,0xb1,0x6b,0xb2,0x48,0xfb,
 0x48,0x94,0xe0,0xba,0x07,0x0a,0x84,0x09,0xc2,0xaa,0x5a,0xa9,0x2a,0x09,0x7b,0xb3,
 0x6b,0xb1,0x48,0xfb,0x1a,0x5c,0x50,0x9d,0x4f,0x0a,0x2c,0x01,0xeb,0xaa,0x2a,0xa9,
 0x3a,0x59,0x7b,0xb1,0x6b,0xb0,0x48,0xfb,0x0a,0x98,0x07,0x48,0x04,0x21,0xa0,0x03,
 0xd5,0xaa,0x1a,0xa9,0x5a,0x29,0x7b,0xb3,0x6b,0xb4,0x08,0xfb,0x0a,0x48,0x60,0xa4,
 0x5a,0x66,0x6c,0x00,0xe2,0xaa,0x3a,0xa9,0x2a,0x49,0x7b,0xb5,0x6b,0xb1,0x08,0xfb,
 0x34,0x46,0xa0,0x00,0x18,0xa8,0xb7,0x00,0xdc,0xaa,0x0a,0xa9,0x4a,0x39,0x7b,0xb5,
 0x6b,0xb1,0x28,0xfb,0x84,0x88,0x90,0x81,0x02,0xd0,0x17,0x09,0xc4,0xaa,0x5a,0xa9,
 0x4a,0x09,0x7b,0xb2,0x6b,0xb1,0x38,0xfb,0x20,0x90,0x40,0x3d,0xe7,0xaf,0x28,0x00,
 0xe2,0xaa,0xaa,0x4a,0x26,0x9b,0xb3,0x56,0x8b,0xb0,0x19,0xfb,0x54,0xc0,0xd7,0xa8,
 0x05,0x0a,0x94,0x00,0xc1,0xaa,0x2a,0xa9,0x1a,0x09,0x7b,0xb5,0x6b,0xb3,0x48,0xfb,
 0xc1,0x28,0x00,0x86,0x05,0x11,0xe8,0x0e,0xd5,0xaa,0x0a,0xa9,0x5a,0x29,0x7b,0xb3,
 0x6b,0xb4,0x18,0xfb,0xdc,0x4a,0xac,0x00,0x12,0x25,0x80,0x00,0xd8,0xaa,0x1a,0xa9,
 0x0a,0x39,0x7b,0xb5,0x6b,0xb4,0x28,0xfb,0x1c,0x5a,0xae,0x80,0x0a,0x19,0x40,0x02,
 0xe8,0xaa,0x1a,0xa9,0x0a,0x59,0x7b,0xb3,0x6b,0xb4,0x28,0xfb,0x1c,0x28,0xe0,0xdf,
 0x21,0x0e,0x50,0x04,0xda,0xaa,0x5a,0xa9,0x2a,0x39,0x7b,0xb4,0x6b,0xb0,0x18,0xfb,
 0xae,0x68,0x27,0x81,0x02,0xbb,0x79,0x00,0xc1,0xaa,0x4a,0xa9,0x1a,0x09,0x7b,0xb2,
 0x6b,0xb5,0x38,0xfb,0x15,0x28,0x70,0x01,0xcd,0x28,0x91,0x01,0xeb,0xaa,0x4a,0xa9,
 0x3a,0x59,0x7b,0xb2,0x6b,0xb0,0x18,0xfb,0x0a,0x14,0xff,0x3b,0x2d,0x25,0x80,0x00,
 0xd9,0xaa,0x2a,0xa9,0x1a,0x39,0x7b,0xb5,0x6b,0xb4,0x08,0xfb,0x49,0xab,0xa0,0xc0,
 0xdb,0x51,0x70,0x00,0xe3,0xaa,0x0a,0xa9,0x3a,0x49,0x7b,0xb1,0x6b,0xb5,0x28,0xfb,
 0x1c,0x28,0x80,0x22,0xea,0x51,0x80,0x00,0xe3,0xaa,0x2a,0xa9,0x3a,0x49,0x7b,0xb5,
 0x6b,0xb0,0x18,0xfb,0x3f,0x1c,0xa7,0xac,0x02,0x16,0x84,0x00,0xc2,0xaa,0x1a,0xa9,
 0x2a,0x09,0x7b,0xb5,0x6b,0xb4,0x38,0xfb,0x0d,0x08,0xa2,0xc0,0x06,0xcd,0xa4,0x04,
 0xcc,0xaa,0x5a,0xa9,0x4a,0x19,0x7b,0xb0,0x6b,0xb3,0x28,0xfb,0x26,0xe9,0xa2,0xc0,
 0x8e,0x14,0x80,0x00,0xc8,0xaa,0x3a,0xa9,0x0a,0x19,0x7b,0xb4,0x6b,0xb5,0x28,0xfb,
 0x1a,0x29,0xd0,0x41,0x56,0xa8,0x38,0x00,0xe0,0xaa,0x3a,0xa9,0x0a,0x49,0x7b,0xb5,
 0x6b,0xb2,0x18,0xfb,0x0a,0x8c,0x70,0x60,0x06,0x82,0xc2,0x00,0xec,0xaa,0x2a,0xa9,
 0x4a,0x59,0x7b,0xb1,0x6b,0xb3,0x08,0xfb,0x10,0x4c,0xe0,0xdf,0x12,0xb7,0x28,0x00,
 0xda,0xaa,0x4a,0xa9,0x2a,0x39,0x7b,0xb1,0x6b,0xb0,0x58,0xfb,0x82,0x72,0xa2,0xc0,
 0x06,0x1c,0x10,0x08,0xcd,0xaa,0x0a,0xa9,0x5a,0x19,0x7b,0xb4,0x6b,0xb3,0x28,0xfb,
 0x93,0x53,0xa0,0xc0,0x06,0x51,0x09,0x02,0xe8,0xaa,0x4a,0xa9,0x0a,0x59,0x7b,0xb1,
 0x6b,0xb3,0x28,0xfb,0x0a,0x6c,0x40,0x88,0x2f,0x1a,0x28,0x00,0xca,0xaa,0x3a,0xa9,
 0x2a,0x19,0x7b,0xb4,0x6b,0xb0,0x58,0xfb,0x21,0x6d,0xa0,0xc0,0x42,0x0a,0xa8,0x00,
 0xcb,0xaa,0x0a,0xa9,0x3a,0x19,0x7b,0xb5,0x6b,0xb2,0x48,0xfb,0x20,0xd8,0x76,0xb7,
 0x02,0x1f,0xd0,0x02,0xe9,0xaa,0x2a,0xa9,0x1a,0x59,0x7b,0xb0,0x6b,0xb4,0x38,0xfb,
 0xcc,0x6a,0x60,0x09,0x50,0x0a,0x7c,0x00,0xd3,0xaa,0x0a,0xa9,0x3a,0x29,0x7b,0xb1,
 0x6b,0xb5,0x48,0xfb,0x0a,0x28,0xf0,0x83,0x05,0x99,0x7c,0x02,0xd4,0xaa,0x5a,0xa9,
 0x4a,0x29,0x7b,0xb0,0x6b,0xb3,0x18,0xfb,0x73,0x38,0x10,0x90,0x02,0x18,0x14,0x05,
 0xc5,0xaa,0x2a,0xa9,0x5a,0x09,0x7b,0xb1,0x6b,0xb4,0x38,0xfb,0xa2,0xc4,0xcc,0x81,
 0x02,0x1a,0x81,0x00,0xc4,0xaa,0x1a,0xa9,0x4a,0x09,0x7b,0xb5,0x6b,0xb2,0x38,0xfb,
 0x15,0x28,0x60,0x01,0xbf,0x50,0xe4,0x03,0xe3,0xaa,0x5a,0xa9,0x3a,0x49,0x7b,0xb2,
 0x6b,0xb0,0x18,0xfb,0x1b,0x7c,0xa1,0x80,0x02,0x94,0xa2,0x01,0xec,0xaa,0x1a,0xa9,
 0x4a,0x59,0x7b,0xb2,0x6b,0xb0,0x38,0xfb,0x0a,0xc0,0x35,0x02,0x11,0x15,0xd0,0x0a,
 0xdd,0xaa,0x1a,0xa9,0x5a,0x39,0x7b,0xb4,0x6b,0xb2,0x08,0xfb,0x0a,0x40,0x40,0x42,
 0x16,0xae,0x1b,0x01,0xec,0xaa,0x3a,0xa9,0x4a,0x59,0x7b,0xb1,0x6b,0xb2,0x08,0xfb,
 0xe2,0x2b,0x80,0x39,0x09,0x88,0x8c,0x00,0xe2,0xaa,0x0a,0xa9,0x2a,0x49,0x7b,0xb3,
 0x6b,0xb5,0x18,0xfb,0x84,0x7c,0x00,0x8f,0x02,0xc3,0x8b,0x00,0xc2,0xaa,0x4a,0xa9,
 0x2a,0x09,0x7b,0xb1,0x6b,0xb5,0x38,0xfb,0x8c,0x4e,0xa0,0xc0,0x09,0x36,0x58,0x02,
 0xe5,0xaa,0x0a,0xa9,0x5a,0x49,0x7b,0xb3,0x6b,0xb1,0x28,0xfb,0x54,0xdc,0x6c,0x81,
 0x02,0x2b,0x00,0x05,0xc5,0xaa,0x1a,0xa9,0x5a,0x09,0x7b,0xb4,0x6b,0xb2,0x38,0xfb,
 0x88,0x8f,0xa0,0x00,0x22,0x72,0x28,0x00,0xd8,0xaa,0x2a,0x48,0x9b,0xaa,0x90,0xb5,
 0x37,0xbb,0x16,0xfb,0x8a,0x94,0x8f,0x81,0x02,0x2c,0x68,0x01,0xc5,0xaa,0x1a,0xa9,
 0x5a,0x09,0x7b,0xb4,0x6b,0xb2,0x38,0xfb,0x15,0x58,0xae,0x00,0x07,0x97,0xe1,0x01,
 0xe9,0xaa,0x4a,0xa9,0x1a,0x59,0x7b,0xb3,0x6b,0xb0,0x28,0xfb,0x0a,0x20,0xfa,0x0a,
 0x09,0xb3,0x55,0x00,0xd4,0xaa,0x1a,0xa9,0x4a,0x29,0x7b,0xb5,0x6b,0xb3,0x08,0xfb,
 0x23,0x68,0xc0,0x5d,0x9f,0x32,0x28,0x00,0xe2,0xaa,0x3a,0xa9,0x2a,0x49,0x7b,0xb0,
 0x6b,0xb1,0x58,0xfb,0x24,0x74,0x80,0x8a,0x79,0x9f,0x2b,0x00,0xd3,0xaa,0x4a,0xa9,
 0x3a,0x29,0x7b,0xb0,0x6b,0xb1,0x58,0xfb,0x2d,0x98,0xa5,0x80,0x0d,0x1a,0x29,0x00,
 0xdc,0xaa,0x1a,0xa9,0x4a,0x39,0x7b,0xb0,0x6b,0xb2,0x58,0xfb,0x6d,0x6a,0x41,0x54,
 0x0b,0x0a,0x40,0x00,0xca,0xaa,0x5a,0xa7,0x2a,0x06,0x9b,0xb1,0x8b,0xb4,0x37,0xfb,
 0x73,0x90,0xd1,0x62,0x07,0x0a,0x54,0x00,0xc8,0xaa,0x2a,0xa9,0x0a,0x19,0x7b,0xb3,
 0x6b,0xb5,0x48,0xfb,0x0a,0x90,0xc1,0xa6,0x0a,0x1a,0xfc,0x0d,0xca,0xaa,0x5a,0xa9,
 0x2a,0x19,0x7b,0xb3,0x6b,0xb4,0x08,0xfb,0x15,0x58,0x40,0x85,0x02,0x58,0x11,0x06,
 0xd5,0xaa,0xaa,0x3a,0x48,0x9b,0xb2,0x17,0x8b,0xb0,0x57,0xfb,0x30,0x5c,0x43,0x49,
 0x03,0x0a,0x54,0x00,0xc2,0xaa,0x1a,0xa9,0x2a,0x09,0x7b,0xb5,0x6b,0xb3,0x48,0xfb,
 0x29,0x68,0xa1,0x35,0xec,0x1f,0x28,0x00,0xca,0xaa,0x3a,0xa9,0x2a,0x19,0x7b,0xb0,
 0x6b,0xb4,0x58,0xfb,0x25,0x60,0xa0,0xc0,0xb7,0x73,0x00,0x0b,0xe3,0xaa,0x5a,0xa9,
 0x3a,0x49,0x7b,0xb0,0x6b,0xb1,0x28,0xfb,0x16,0x28,0x42,0x82,0x02,0xdd,0xfa,0x01,
 0xe9,0xaa,0x4a,0xa9,0x1a,0x59,0x7b,0xb2,0x6b,0xb0,0x38,0xfb,0x7f,0xab,0xc0,0xc1,
 0xee,0x87,0x28,0x00,0xe0,0xaa,0x3a,0xa9,0x0a,0x49,0x7b,0xb1,0x6b,0xb2,0x58,0xfb,
 0x41,0xdc,0xea,0x40,0x2b,0x0a,0x60,0x00,0xc1,0xaa,0x3a,0xa9,0x1a,0x09,0x7b,0xb5,
 0x6b,0xb2,0x48,0xfb,0x0a,0x58,0x57,0xc9,0x06,0x0a,0xb4,0x00,0xe9,0xaa,0x2a,0xa9,
 0x1a,0x59,0x7b,0xb3,0x6b,0xb0,0x48,0xfb,0x0a,0x28,0x40,0xc2,0x35,0xf8,0xb6,0x00,
 0xd4,0xaa,0x3a,0xa9,0x4a,0x29,0x7b,0xb5,0x6b,0xb0,0x18,0xfb,0xbc,0x8d,0x10,0x81,
 0x02,0xaa,0x78,0x0a,0xe5,0xaa,0x0a,0xa9,0x5a,0x49,0x7b,0xb2,0x6b,0xb1,0x38,0xfb,
 0x38,0xca,0x70,0xc2,0xac,0x0a,0x68,0x00,0xc8,0xaa,0x3a,0xa9,0x0a,0x19,0x7b,0xb2,
 0x6b,0xb5,0x48,0xfb,0x23,0x20,0xa4,0x00,0x11,0x11,0xf8,0x06,0xd9,0xaa,0x5a,0xa9,
 0x1a,0x39,0x7b,0xb4,0x6b,0xb0,0x28,0xfb,0x32,0x29,0x90,0xf0,0x05,0xd8,0x94,0x00,
 0xe0,0xaa,0x2a,0xa9,0x0a,0x49,0x7b,0xb3,0x6b,0xb5,0x18,0xfb,0x70,0x5c,0xdf,0x01,
 0x0b,0x0a,0x90,0x0f,0xc5,0xaa,0x1a,0xa9,0x5a,0x09,0x7b,0xb3,0x6b,0xb2,0x48,0xfb,
 0x0a,0x5c,0x40,0xf1,0xb5,0x2a,0x60,0x01,0xea,0xaa,0x3a,0xa9,0x2a,0x59,0x7b,0xb4,
 0x6b,0xb1,0x08,0xfb,0x8c,0xd0,0xa5,0x80,0x04,0x24,0x64,0x08,0xc1,0xaa,0x5a,0xa9,
 0x1a,0x09,0x7b,0xb3,0x6b,0xb4,0x28,0xfb,0xf1,0xb6,0xd0,0x80,0x02,0x24,0x84,0x04,
 0xe0,0xaa,0x5a,0xa9,0x0a,0x49,0x7b,0xb1,0x6b,0xb2,0x38,0xfb,0x6f,0x1c,0xc9,0x83,
 0x02,0x15,0x7c,0x00,0xd0,0xaa,0x1a,0xa9,0x0a,0x29,0x7b,0xb5,0x6b,0xb4,0x38,0xfb,
 0x70,0x74,0x30,0xa2,0x02,0xd4,0x6a,0x00,0xc4,0xaa,0x60,0xb4,0xa9,0xaa,0x61,0xb2,
 0x39,0x6b,0xb5,0xfb,0xa3,0xab,0xc0,0x32,0x1b,0x1c,0x28,0x00,0xda,0xaa,0x0a,0xa9,
 0x2a,0x39,0x7b,0xb1,0x6b,0xb4,0x58,0xfb,0xc0,0x70,0x65,0x70,0x08,0x0a,0x68,0x00,
 0xc1,0xaa,0x2a,0xa9,0x1a,0x09,0x7b,0xb5,0x6b,0xb3,0x48,0xfb,0x1a,0x74,0x72,0x91,
 0x02,0x0a,0x2c,0x01,0xea,0xaa,0x1a,0xa9,0x2a,0x59,0x7b,0xb3,0x6b,0xb0,0x48,0xfb,
 0x0e,0x70,0xe3,0x41,0x24,0x6a,0x29,0x00,0xd9,0xaa,0x4a,0xa9,0x1a,0x39,0x7b,0xb0,
 0x6b,0xb2,0x58,0xfb,0xf3,0x28,0x68,0x81,0x16,0x0a,0x40,0x00,0xd9,0xaa,0x0a,0xa9,
 0x1a,0x39,0x7b,0xb2,0x6b,0xb5,0x48,0xfb,0x0a,0x70,0x70,0x48,0x0a,0x6b,0x93,0x0e,
 0xd4,0x2a,0xa9,0xaa,0x3a,0x56,0x7b,0xb4,0x19,0x6b,0xb0,0xfb,0x85,0x46,0xa1,0x80,
 0xec,0x1c,0xac,0x00,0xc8,0xaa,0x3a,0xa9,0x0a,0x19,0x7b,0xb5,0x6b,0xb4,0x28,0xfb,
 0x1b,0xa4,0x2a,0x01,0x3a,0x33,0x28,0x00,0xe1,0xaa,0x3a,0xa9,0x1a,0x49,0x7b,0xb0,
 0x6b,0xb2,0x58,0xfb,0x0a,0x74,0x30,0x81,0x16,0xf6,0x51,0x01,0xeb,0xaa,0x4a,0xa9,
 0x3a,0x59,0x7b,0xb2,0x6b,0xb1,0x08,0xfb,0x27,0xc8,0x09,0xfa,0x05,0x58,0x28,0x00,
 0xe2,0xaa,0x1a,0xa9,0x2a,0x49,0x7b,0xb0,0x6b,0xb3,0x58,0xfb,0x86,0x2f,0xc1,0x49,
 0x09,0x49,0x78,0x00,0xec,0xaa,0x90,0xaa,0x5a,0x18,0x9b,0xb4,0x37,0xbb,0x26,0xfb,
 0x39,0x58,0x91,0x5b,0x08,0x60,0x6c,0x00,0xd9,0xaa,0x3a,0x08,0x9b,0xaa,0x92,0xb1,
 0x57,0xbb,0x46,0xfb,0x15,0x70,0x21,0x01,0xa2,0x4b,0xa8,0x0b,0xc1,0xaa,0x93,0xaa,
 0x0a,0x48,0x9b,0xb1,0x27,0xbb,0x56,0xfb,0x0a,0xb8,0x71,0xe1,0x00,0x1f,0x50,0x00,
 0xe5,0xaa,0x1a,0x48,0x9b,0xb5,0xa7,0x3a,0x28,0x9b,0xb0,0xfb,0xb4,0x4e,0x90,0x43,
 0x02,0x30,0x14,0x00,0xea,0xa7,0xaa,0xaa,0x75,0xb0,0x29,0x6b,0xb3,0x18,0x6b,0xb4,
 0x0a,0xb4,0x96,0xc6,0x5d,0x16,0x60,0x00,0xd3,0xaa,0xaa,0x3a,0x16,0x9b,0xb5,0x47,
 0x8b,0xb0,0x27,0xfb,0x27,0x17,0xd1,0x04,0x06,0x2d,0xec,0x00,0xdd,0xaa,0x3a,0x28,
 0x9b,0xaa,0x90,0xb5,0x47,0xbb,0x16,0xfb,0x60,0x88,0x20,0x82,0x09,0x2c,0x74,0x0b,
 0xc8,0xaa,0x95,0xaa,0x1a,0x38,0x9b,0xb0,0x47,0xbb,0x26,0xfb,0x4b,0x08,0x11,0x84,
 0x93,0x18,0x98,0x00,0xe1,0xaa,0x3a,0x06,0x9b,0xb2,0xa7,0x94,0x5a,0x16,0xbb,0xfb,
 0xde,0x9b,0x30,0x8c,0x12,0x0b,0x2c,0x00,0xe3,0xaa,0x90,0xaa,0x4a,0x18,0x9b,0xb3,
 0x57,0xbb,0x26,0xfb,0x8c,0x49,0xf0,0x4d,0x04,0x66,0x28,0x00,0xe0,0xaa,0xaa,0x3a,
 0x49,0x6b,0xb5,0x18,0x6b,0xb2,0x07,0xfb,0x3c,0xf8,0x0a,0xc1,0x04,0x1f,0x90,0x01,
 0xe5,0xaa,0x91,0xaa,0x2a,0x48,0x9b,0xb5,0x37,0xbb,0x06,0xfb,0x1c,0xa8,0xf9,0x01,
 0x06,0x19,0x80,0x02,0xdc,0xaa,0x91,0xaa,0x3a,0x08,0x9b,0xb4,0x27,0xbb,0x56,0xfb,
 0x4b,0x54,0xa1,0x80,0x03,0x00,0x46,0x00,0xd8,0xaa,0x3a,0x58,0x9b,0x1a,0x27,0xbb,
 0xa6,0x94,0xb0,0xfb,0xe2,0x20,0x51,0x81,0x02,0x42,0x67,0x00,0xcc,0xaa,0x5a,0x27,
 0x6b,0x4a,0xa9,0x73,0xb0,0xbb,0x18,0xfb,0x1d,0x70,0xc0,0xd6,0x03,0xb6,0xed,0x00,
 0xcd,0xaa,0x94,0xaa,0x1a,0x08,0x9b,0xb5,0x37,0xbb,0x26,0xfb,0x16,0x69,0x60,0x04,
 0x02,0x19,0x2c,0x01,0xdd,0x5a,0xa9,0x4a,0x16,0x7b,0xaa,0x60,0xb2,0x39,0xbb,0xfb,
 0x27,0x68,0x30,0xb2,0x02,0xb0,0x92,0x01,0xec,0xaa,0xaa,0x90,0xb1,0x36,0x8b,0xb5,
 0xa9,0x72,0xb4,0xfb,0x0a,0x00,0xa5,0x40,0x0e,0x3d,0xc8,0x07,0xc4,0xaa,0x0a,0x38,
 0x9b,0xb4,0xa6,0x91,0x5a,0x27,0xbb,0xfb,0x0a,0x38,0x00,0xc1,0x2a,0x2e,0xe8,0x0c,
 0xd4,0xaa,0x1a,0x28,0x9b,0xb4,0xa6,0x95,0x3a,0x07,0xbb,0xfb,0x13,0x80,0x00,0x82,
 0xdb,0x4d,0x90,0x02,0xcc,0xaa,0x93,0xaa,0x1a,0x28,0x9b,0xb4,0x07,0xbb,0x56,0xfb,
 0x29,0x98,0xa0,0xc0,0x05,0x23,0x10,0x0f,0xd4,0xaa,0xaa,0x95,0x2a,0x17,0xbb,0x06,
 0x8b,0xb4,0x39,0xfb,0x34,0x40,0xe0,0x40,0x22,0x26,0xc0,0x00,0xd5,0xaa,0x93,0x0a,
 0x47,0xbb,0xa6,0x95,0x2a,0x18,0xbb,0xfb,0x17,0x0c,0xc0,0x02,0x09,0x21,0xd2,0x00,
 0xcd,0xaa,0x94,0xaa,0x1a,0x38,0x9b,0xb5,0x27,0xbb,0x06,0xfb,0x12,0x77,0x81,0x04,
 0x0f,0x10,0x5c,0x00,0xe1,0x1a,0xa9,0xaa,0x4a,0x28,0x6b,0xb0,0x39,0x7b,0xb5,0xfb,
 0x14,0x28,0xa0,0xda,0x47,0x32,0x68,0x00,0xe2,0xaa,0xaa,0x92,0xb1,0x06,0x8b,0xb4,
 0xa9,0x65,0xb3,0xfb,0x56,0x91,0x91,0x01,0x06,0x1e,0x10,0x00,0xe1,0xaa,0xaa,0x90,
 0x3a,0x17,0xbb,0x56,0x8b,0xb4,0x26,0xfb,0x0b,0x30,0xd0,0xc5,0x0a,0xa4,0x1a,0x02,
 0xca,0xaa,0x94,0xaa,0x1a,0x38,0x9b,0xb2,0x07,0xbb,0x56,0xfb,0x0e,0xf8,0x80,0x41,
 0x03,0x67,0x08,0x0d,0xd9,0xaa,0x95,0xaa,0x3a,0x28,0x9b,0xb1,0x07,0xbb,0x46,0xfb,
 0x7a,0x9a,0xb0,0x82,0x11,0x26,0x64,0x00,0xeb,0xaa,0x90,0xaa,0x5a,0x28,0x9b,0xb3,
 0x17,0xbb,0x46,0xfb,0x95,0x31,0xb0,0xc0,0x13,0x39,0x74,0x0e,0xcb,0xaa,0x95,0xaa,
 0x1a,0x48,0x9b,0xb3,0x27,0xbb,0x06,0xfb,0x1c,0x48,0x91,0x5b,0x13,0x1d,0x20,0x09,
 0xe1,0xaa,0x92,0xaa,0x4a,0x38,0x9b,0xb1,0x07,0xbb,0x56,0xfb,0x2e,0xe0,0xb0,0x81,
 0xce,0x26,0xac,0x02,0xd0,0xaa,0x93,0xaa,0x2a,0x18,0x9b,0xb0,0x47,0xbb,0x56,0xfb,
 0x30,0x3c,0x60,0xc2,0x0a,0x83,0xc7,0x00,0xca,0xaa,0x3a,0x07,0x9b,0xb1,0xa6,0x94,
 0x2a,0x56,0xbb,0xfb,0x4f,0x2c,0xf0,0x00,0x88,0x16,0x0d,0x01,0xcd,0xaa,0x93,0xaa,
 0x1a,0x08,0x9b,0xb5,0x27,0xbb,0x46,0xfb,0x23,0xd8,0x30,0xc6,0x0a,0x25,0x3c,0x09,
 0xc2,0xaa,0x95,0xaa,0x0a,0x18,0x9b,0xb2,0x47,0xbb,0x36,0xfb,0x78,0x60,0x6f,0xd2,
 0x07,0x12,0x28,0x00,0xc1,0xaa,0x0a,0x59,0x8b,0x3a,0xa7,0x91,0xb4,0xbb,0x26,0xfb,
 0x38,0x84,0x20,0x03,0x09,0x50,0x10,0x08,0xcc,0xaa,0x95,0xaa,0x1a,0x08,0x9b,0xb4,
 0x37,0xbb,0x26,0xfb,0x5e,0xe0,0xc8,0x40,0x01,0x15,0x58,0x00,0xec,0xaa,0x91,0xaa,
 0x5a,0x38,0x9b,0xb4,0x27,0xbb,0x06,0xfb,0x18,0x8c,0xd0,0x82,0x09,0xc2,0x6a,0x00,
 0xc1,0x4a,0xa9,0xaa,0x70,0xb3,0x19,0x6b,0x5a,0x26,0xbb,0xfb,0xc5,0x27,0xef,0x02,
 0x15,0x1d,0x28,0x00,0xd9,0xaa,0x1a,0x07,0x8b,0xb3,0xa9,0x2a,0x59,0x6b,0xb4,0xfb,
 0x0d,0x5c,0x21,0xcf,0x0c,0x28,0x51,0x00,0xe9,0xaa,0x2a,0x16,0x7b,0xb3,0xa9,0x4a,
 0x59,0x6b,0xb0,0xfb,0x31,0x90,0xaf,0x81,0x05,0x20,0xec,0x00,0xd8,0xaa,0x3a,0x28,
 0x9b,0xaa,0x91,0xb0,0x47,0xbb,0x56,0xfb,0x9d,0xac,0x10,0xc3,0x05,0xc4,0x66,0x00,
 0xda,0xaa,0x94,0xaa,0x3a,0x18,0x9b,0xb2,0x57,0xbb,0x06,0xfb,0x63,0x88,0xce,0x02,
 0x10,0x1b,0x58,0x00,0xe8,0xaa,0x91,0xaa,0x5a,0x28,0x9b,0xb0,0x47,0xbb,0x36,0xfb,
 0x23,0xc4,0xb6,0x40,0x02,0x4e,0x10,0x01,0xc5,0xaa,0x0a,0x38,0x9b,0xaa,0x91,0xb5,
 0x27,0xbb,0x46,0xfb,0x16,0x7c,0x00,0x83,0x12,0x0a,0xec,0x02,0xe2,0xaa,0xaa,0x95,
 0x4a,0x07,0xbb,0x16,0x8b,0xb2,0x39,0xfb,0x18,0x1c,0xe5,0xc2,0x02,0x28,0x50,0x08,
 0xe5,0xaa,0x1a,0xa9,0x5a,0x49,0x7b,0xb2,0x6b,0xb3,0x08,0xfb,0x24,0xb4,0xd2,0xc2,
 0xbc,0x18,0x28,0x00,0xd3,0xaa,0x1a,0xa9,0x3a,0x29,0x7b,0xb0,0x6b,0xb5,0x48,0xfb,
 0xa3,0xba,0x02,0x46,0x04,0x18,0xb0,0x00,0xd1,0xaa,0x0a,0xa9,0x1a,0x29,0x7b,0xb5,
 0x6b,0xb3,0x48,0xfb,0x2c,0x75,0x20,0x3e,0x36,0x18,0x94,0x00,0xd8,0xaa,0x2a,0xa9,
 0x0a,0x39,0x7b,0xb1,0x6b,0xb5,0x48,0xfb,0x18,0x50,0x90,0xf3,0x1c,0x18,0x9c,0x04,
 0xda,0xaa,0x5a,0xa9,0x2a,0x39,0x7b,0xb1,0x6b,0xb0,0x48,0xfb,0x18,0x7c,0x20,0x01,
 0x83,0xb4,0x80,0x01,0xe5,0xaa,0x3a,0xa9,0x5a,0x49,0x7b,0xb2,0x6b,0xb1,0x08,0xfb,
 0xae,0xd0,0x18,0x8e,0x07,0x18,0x2c,0x00,0xc1,0xaa,0x5a,0xa7,0x91,0xb4,0x8b,0xb3,
 0xa6,0x60,0xb2,0xfb,0x21,0x60,0xc0,0x01,0x20,0x11,0x64,0x08,0xda,0xaa,0xaa,0x95,
 0x1a,0x47,0xbb,0x06,0x8b,0xb2,0x39,0xfb,0xee,0x96,0xcf,0xcc,0x08,0x18,0x84,0x00,
 0xd0,0xaa,0x1a,0xa9,0x0a,0x29,0x7b,0xb5,0x6b,0xb3,0x48,0xfb,0x5f,0x74,0x00,0x1f,
 0x06,0x13,0x51,0x00,0xc4,0xaa,0x5a,0x46,0x6b,0xb2,0xa9,0x0a,0x39,0x6b,0xb1,0xfb,
 0x9b,0x80,0x60,0x42,0xec,0x18,0x74,0x0f,0xc3,0xaa,0x5a,0xa9,0x3a,0x09,0x7b,0xb2,
 0x6b,0xb1,0x48,0xfb,0x18,0x44,0x50,0xc4,0x58,0x6c,0x60,0x00,0xd4,0xaa,0x3a,0xa9,
 0x4a,0x29,0x7b,0xb1,0x6b,0xb0,0x58,0xfb,0x48,0xac,0x9d,0xc1,0x87,0x18,0xb0,0x00,
 0xc3,0xaa,0x1a,0xa9,0x3a,0x09,0x7b,0xb5,0x6b,0xb2,0x48,0xfb,0xa5,0xf0,0xa1,0x00,
 0x91,0x18,0x80,0x00,0xcb,0xaa,0x0a,0xa9,0x3a,0x19,0x7b,0xb2,0x6b,0xb5,0x48,0xfb,
 0x45,0xa3,0x20,0xbd,0x25,0x1a,0x60,0x00,0xda,0xaa,0x0a,0xa9,0x2a,0x39,0x7b,0xb1,
 0x6b,0xb4,0x58,0xfb,0x9e,0x62,0x40,0x33,0x09,0x1f,0xf0,0x00,0xea,0xaa,0x0a,0xa9,
 0x2a,0x59,0x7b,0xb3,0x6b,0xb4,0x18,0xfb,0x20,0x60,0xb0,0xc9,0x08,0x89,0x13,0x0e,
 0xd5,0xaa,0x3a,0x46,0x9b,0xaa,0x95,0xb1,0x27,0xbb,0x06,0xfb,0x42,0x60,0x50,0x02,
 0x7a,0xd1,0x8b,0x00,0xc3,0xaa,0x4a,0xa9,0x3a,0x09,0x7b,0xb2,0x6b,0xb5,0x18,0xfb,
 0x15,0xa0,0x20,0x20,0x06,0x74,0x8d,0x00,0xcc,0xaa,0x2a,0xa9,0x4a,0x19,0x7b,0xb5,
 0x6b,0xb0,0x38,0xfb,0x34,0xc7,0xee,0x82,0x06,0x64,0x60,0x00,0xe0,0xaa,0x1a,0xa9,
 0x0a,0x49,0x7b,0xb2,0x6b,0xb3,0x58,0xfb,0x18,0xf4,0x0e,0x28,0x09,0xaf,0x7c,0x00,
 0xe2,0xaa,0x1a,0xa9,0x2a,0x49,0x7b,0xb5,0x6b,0xb3,0x08,0xfb,0x18,0x0c,0xe5,0x00,
 0x2a,0x1b,0x38,0x01,0xeb,0xaa,0x1a,0xa9,0x3a,0x59,0x7b,0xb4,0x6b,0xb2,0x08,0xfb,
 0x6c,0x94,0x80,0x41,0xd4,0x13,0x44,0x06,0xc3,0xaa,0x5a,0xa9,0x3a,0x09,0x7b,0xb4,
 0x6b,0xb1,0x28,0xfb,0x18,0x78,0x49,0x45,0x76,0x29,0x3c,0x00,0xd1,0xaa,0x3a,0xa9,
 0x1a,0x29,0x7b,0xb4,0x6b,0xb5,0x08,0xfb,0xf4,0x60,0x00,0x34,0x0a,0x21,0x54,0x00,
 0xda,0xaa,0x0a,0xa9,0x2a,0x39,0x7b,0xb4,0x6b,0xb5,0x18,0xfb,0x09,0x8c,0x83,0xc1,
 0x69,0x2e,0x60,0x00,0xd3,0xaa,0x1a,0xa9,0x3a,0x29,0x7b,0xb4,0x6b,0xb0,0x58,0xfb,
 0x80,0x54,0xb0,0x5b,0x08,0x18,0x50,0x0e,0xc5,0xaa,0x2a,0xa9,0x5a,0x09,0x7b,0xb1,
 0x6b,0xb3,0x48,0xfb,0x91,0x97,0x80,0x81,0x2f,0x48,0x70,0x00,0xe3,0xaa,0x0a,0xa9,
 0x3a,0x49,0x7b,0xb5,0x6b,0xb1,0x28,0xfb,0x8c,0x62,0x00,0x41,0x57,0x21,0x00,0x02,
 0xe8,0xaa,0x3a,0xa9,0x0a,0x59,0x7b,0xb2,0x6b,0xb4,0x18,0xfb,0x6c,0x10,0x8d,0x01,
 0x07,0x3e,0x76,0x00,0xc1,0xaa,0x4a,0xa9,0x1a,0x09,0x7b,0xb5,0x6b,0xb3,0x28,0xfb,
 0x78,0x60,0xe0,0xd3,0xd3,0x15,0xb4,0x00,0xc2,0xaa,0x3a,0xa9,0x2a,0x09,0x7b,0xb5,
 0x6b,0xb4,0x18,0xfb,0x7e,0xc8,0x61,0x01,0x06,0x2a,0x7c,0x0d,0xc1,0xaa,0x0a,0x26,
 0x9b,0xb3,0xa6,0x5a,0x17,0x9b,0xb4,0xfb,0x09,0xac,0x50,0x07,0x06,0x18,0xc4,0x04,
 0xda,0xaa,0x5a,0xa9,0x2a,0x39,0x7b,0xb1,0x6b,0xb0,0x48,0xfb,0x17,0xe8,0xbb,0x22,
 0x21,0x1f,0x60,0x00,0xd9,0xaa,0x2a,0xa9,0x1a,0x39,0x7b,0xb4,0x6b,0xb0,0x58,0xfb,
 0x20,0x6c,0x82,0x81,0xbe,0x1a,0x70,0x03,0xcd,0xaa,0x3a,0xa9,0x5a,0x19,0x7b,0xb4,
 0x6b,0xb0,0x28,0xfb,0x2d,0x7c,0x80,0x01,0x0f,0x53,0x9b,0x0f,0xdd,0xaa,0x4a,0xa9,
 0x5a,0x39,0x7b,0xb0,0x6b,0xb1,0x28,0xfb,0x18,0xbc,0xf2,0x30,0x06,0x24,0x74,0x04,
 0xcd,0xaa,0x2a,0xa9,0x5a,0x19,0x7b,0xb0,0x6b,0xb4,0x38,0xfb,0x0d,0xb8,0xc2,0x03,
 0x06,0x1a,0xc8,0x0a,0xd5,0xaa,0xaa,0x71,0x2a,0x56,0xbb,0x49,0x6b,0xb3,0x08,0xfb,
 0x88,0x8e,0xc0,0x2f,0x06,0x54,0x74,0x00,0xe0,0xaa,0x0a,0x26,0x9b,0xaa,0x91,0xb4,
 0x56,0xbb,0x37,0xfb,0x3e,0x64,0x04,0x02,0x7b,0x18,0x44,0x00,0xc3,0xaa,0x1a,0xa9,
 0x3a,0x09,0x7b,0xb5,0x6b,0xb2,0x48,0xfb,0x21,0x58,0xf2,0xf1,0x07,0xbb,0x63,0x00,
 0xcc,0xaa,0x2a,0xa9,0x4a,0x19,0x7b,0xb0,0x6b,0xb3,0x58,0xfb,0x0b,0xd8,0x04,0x0e,
 0x06,0x1b,0x08,0x02,0xe9,0xaa,0x2a,0xa9,0x1a,0x59,0x7b,0xb0,0x6b,0xb4,0x38,0xfb,
 0x96,0x14,0xfc,0x14,0x06,0x1c,0x7c,0x00,0xc2,0xaa,0x1a,0xa9,0x2a,0x09,0x7b,0xb4,
 0x6b,0xb5,0x38,0xfb,0x13,0x50,0x49,0x02,0x77,0x2b,0x60,0x00,0xd1,0xaa,0x3a,0xa9,
 0x1a,0x29,0x7b,0xb4,0x6b,0xb0,0x58,0xfb,0x67,0x61,0x60,0x01,0x3d,0x14,0x50,0x01,
 0xeb,0xaa,0x0a,0xa9,0x3a,0x59,0x7b,0xb4,0x6b,0xb2,0x18,0xfb,0x18,0x94,0x50,0xa8,
 0x10,0x57,0x5e,0x00,0xda,0xaa,0x4a,0xa9,0x2a,0x39,0x7b,0xb1,0x6b,0xb5,0x08,0xfb,
 0x25,0x74,0xa0,0x6f,0xe5,0xd8,0x60,0x00,0xe2,0xaa,0x3a,0xa9,0x2a,0x49,0x7b,0xb1,
 0x6b,0xb0,0x58,0xfb,0x18,0x10,0x31,0x02,0x18,0x02,0x25,0x00,0xcb,0x4a,0xa7,0xaa,
 0x75,0x1a,0x39,0xbb,0x08,0x6b,0xb2,0xfb,0x7a,0x51,0x5c,0x02,0x06,0x18,0x28,0x02,
 0xe8,0xaa,0x1a,0xa9,0x0a,0x59,0x7b,0xb2,0x6b,0xb3,0x48,0xfb,0x26,0x38,0x40,0x01,
 0x06,0x32,0xc4,0x03,0xc4,0x5a,0xa9,0x71,0xaa,0x80,0xb4,0xa9,0x82,0xb3,0xbb,0xfb,
 0x18,0x84,0xa0,0x41,0x2d,0xf0,0x39,0x00,0xd4,0xaa,0x3a,0xa9,0x4a,0x29,0x7b,0xb1,
 0x6b,0xb5,0x08,0xfb,0x11,0x64,0xdb,0x10,0x06,0x20,0xc0,0x00,0xe9,0x1a,0xa9,0xaa,
 0x72,0x0a,0x56,0xbb,0x49,0x6b,0xb3,0xfb,0x54,0xeb,0x82,0x01,0x08,0x89,0x24,0x00,
 0xc8,0xaa,0x4a,0xa9,0x0a,0x19,0x7b,0xb5,0x6b,0xb3,0x28,0xfb,0x18,0x94,0x70,0x43,
 0x47,0x09,0xa0,0x00,0xea,0xaa,0x3a,0xa9,0x2a,0x59,0x7b,0xb1,0x6b,0xb4,0x08,0xfb,
 0x18,0xc8,0xd5,0xea,0x1c,0x21,0x60,0x00,0xd9,0xaa,0x2a,0xa9,0x1a,0x39,0x7b,0xb4,
 0x6b,0xb0,0x58,0xfb,0x36,0xfc,0x35,0xc1,0xc6,0x24,0x60,0x00,0xc3,0xaa,0x1a,0x27,
 0x9b,0xb5,0xa6,0x93,0x4a,0x06,0xbb,0xfb,0x14,0x8c,0x11,0x56,0xe6,0x22,0x60,0x00,
 0xcb,0xaa,0x2a,0xa9,0x3a,0x19,0x7b,0xb0,0x6b,0xb4,0x58,0xfb,0x46,0xf4,0xf6,0x40,
 0x87,0x18,0xb4,0x00,0xc1,0xaa,0x3a,0xa9,0x1a,0x09,0x7b,0xb5,0x6b,0xb2,0x48,0xfb,
 0x7c,0x60,0x20,0x24,0x87,0x17,0x80,0x00,0xc3,0xaa,0x2a,0xa9,0x3a,0x09,0x7b,0xb4,
 0x6b,0xb5,0x18,0xfb,0x1c,0x74,0x43,0x02,0x1f,0x0a,0x60,0x00,0xd3,0xaa,0x1a,0xa9,
 0x3a,0x29,0x7b,0xb0,0x6b,0xb4,0x58,0xfb,0x2a,0x03,0x83,0x41,0x08,0xd9,0x8f,0x00,
 0xc8,0xaa,0x4a,0xa9,0x0a,0x19,0x7b,0xb5,0x6b,0xb3,0x28,0xfb,0x20,0x90,0xf2,0xc0,
 0x65,0x38,0x60,0x00,0xe1,0xaa,0x3a,0xa9,0x1a,0x49,0x7b,0xb0,0x6b,0xb2,0x58,0xfb,
 0x17,0x43,0x42,0x82,0x6d,0x18,0x64,0x00,0xcb,0xaa,0x0a,0xa9,0x3a,0x19,0x7b,0xb2,
 0x6b,0xb5,0x48,0xfb,0xc2,0x5d,0x50,0x02,0x06,0xf1,0x62,0x03,0xe8,0xaa,0x4a,0xa9,
 0x0a,0x59,0x7b,0xb1,0x6b,0xb2,0x38,0xfb,0x1a,0x54,0x40,0x57,0x1f,0x18,0xf4,0x0b,
 0xdd,0xaa,0x2a,0xa9,0x5a,0x39,0x7b,0xb1,0x6b,0xb0,0x48,0xfb,0x30,0x64,0x88,0xc1,
 0x05,0xbd,0x44,0x00,0xc1,0xaa,0xaa,0x4a,0x17,0x9b,0xb2,0x36,0x8b,0xb0,0x59,0xfb,
 0x2a,0x68,0x20,0x76,0x9a,0x32,0x60,0x00,0xe2,0xaa,0x3a,0xa9,0x2a,0x49,0x7b,0xb0,
 0x6b,0xb1,0x58,0xfb,0x16,0xa8,0x00,0x6f,0x4f,0x18,0x84,0x00,0xca,0x2a,0xa7,0xaa,
 0x3a,0x56,0x9b,0xb1,0x06,0x8b,0xb4,0xfb,0x7c,0x63,0xd0,0x80,0x06,0x59,0xc0,0x00,
 0xe8,0xaa,0x1a,0x08,0x9b,0x3a,0x58,0xbb,0xa6,0x94,0xb2,0xfb,0xee,0x48,0x20,0x83,
 0x06,0x18,0xa0,0x06,0xd5,0xaa,0x0a,0xa9,0x5a,0x29,0x7b,0xb1,0x6b,0xb3,0x48,0xfb,
 0x1a,0x58,0x62,0x33,0x06,0x2b,0xa8,0x0e,0xca,0xaa,0x5a,0xa9,0x2a,0x19,0x7b,0xb4,
 0x6b,0xb0,0x38,0xfb,0x73,0x60,0xb0,0x2d,0x06,0xb1,0xa3,0x00,0xc4,0xaa,0x2a,0xa9,
 0x4a,0x09,0x7b,0xb5,0x6b,0xb1,0x38,0xfb,0x9f,0x98,0x21,0x01,0x06,0x11,0x30,0x0c,
 0xcd,0x5a,0xa7,0xaa,0x1a,0x06,0x9b,0xb2,0x46,0x8b,0xb3,0xfb,0x54,0x60,0x90,0x02,
 0x0c,0x16,0x44,0x0d,0xc3,0xaa,0xaa,0x72,0x0a,0x19,0xbb,0x48,0x6b,0xb3,0x57,0xfb,
 0x26,0x60,0xe0,0x83,0xa1,0x20,0x5c,0x0d,0xd3,0xaa,0x5a,0xa9,0x3a,0x29,0x7b,0xb0,
 0x6b,0xb4,0x18,0xfb,0x48,0xec,0x97,0xc1,0x09,0xff,0x62,0x00,0xc1,0xaa,0x4a,0xa9,
 0x1a,0x09,0x7b,0xb3,0x6b,0xb2,0x58,0xfb,0x3a,0xb0,0x80,0x81,0xe5,0x31,0x7b,0x00,
 0xc3,0xaa,0x4a,0xa9,0x3a,0x09,0x7b,0xb1,0x6b,0xb5,0x28,0xfb,0x11,0x40,0x01,0x42,
 0x6c,0x8b,0x61,0x00,0xcc,0xaa,0x3a,0xa9,0x4a,0x19,0x7b,0xb2,0x6b,0xb0,0x58,0xfb,
 0x86,0x02,0xd9,0x81,0x0f,0x18,0x80,0x00,0xd8,0xaa,0x1a,0xa9,0x0a,0x39,0x7b,0xb2,
 0x6b,0xb5,0x48,0xfb,0x96,0x5c,0x80,0x04,0x06,0x1a,0xcc,0x08,0xc2,0xaa,0x5a,0xa9,
 0x2a,0x09,0x7b,0xb1,0x6b,0xb4,0x38,0xfb,0x36,0x63,0x70,0xc1,0x06,0x84,0x24,0x07,
 0xe0,0xaa,0x5a,0xa9,0x0a,0x49,0x7b,0xb3,0x6b,0xb2,0x18,0xfb,0x1f,0xd0,0xd2,0x80,
 0x4b,0x10,0x62,0x00,0xcc,0xaa,0x3a,0xa9,0x4a,0x19,0x7b,0xb2,0x6b,0xb0,0x58,0xfb,
 0x22,0x80,0xcd,0x14,0x15,0x0f,0x60,0x00,0xd9,0xaa,0x2a,0xa9,0x1a,0x39,0x7b,0xb0,
 0x6b,0xb4,0x58,0xfb,0x18,0x78,0x90,0x82,0xef,0x3a,0x18,0x0b,0xe3,0xaa,0x5a,0xa9,
 0x3a,0x49,0x7b,0xb2,0x6b,0xb1,0x08,0xfb,0x18,0x60,0xb3,0x40,0x09,0x1b,0x99,0x0a,
 0xcd,0xaa,0x4a,0xa9,0x5a,0x19,0x7b,0xb2,0x6b,0xb3,0x08,0xfb,0x18,0x04,0x71,0x82,
 0x03,0x66,0x37,0x05,0xcc,0xaa,0x5a,0xa9,0x4a,0x19,0x7b,0xb2,0x6b,0xb3,0x08,0xfb,
 0x21,0x60,0x40,0xf2,0x05,0x17,0x02,0x02,0xea,0xaa,0x4a,0xa9,0x2a,0x59,0x7b,0xb3,
 0x6b,0xb0,0x18,0xfb,0x21,0x4e,0xa0,0x45,0x94,0x27,0x60,0x00,0xd0,0xaa,0x3a,0xa9,
 0x0a,0x29,0x7b,0xb4,0x6b,0xb1,0x58,0xfb,0x17,0x2c,0xb5,0x01,0x06,0x4e,0x84,0x0c,
 0xe5,0xaa,0x1a,0xa9,0x5a,0x49,0x7b,0xb0,0x6b,0xb2,0x38,0xfb,0x1d,0x7c,0x8c,0x01,
 0xa2,0x24,0xa4,0x01,0xeb,0xaa,0x1a,0xa9,0x3a,0x59,0x7b,0xb0,0x6b,0xb4,0x28,0xfb,
 0x18,0xd0,0xb2,0xa6,0x97,0x1f,0x60,0x00,0xcb,0xaa,0x2a,0xa9,0x3a,0x19,0x7b,0xb0,
 0x6b,0xb4,0x58,0xfb,0xb9,0x5d,0x80,0x81,0xeb,0x1b,0x70,0x02,0xeb,0xaa,0x0a,0xa9,
 0x3a,0x59,0x7b,0xb1,0x6b,0xb4,0x28,0xfb,0x18,0xc0,0xb0,0x80,0x14,0xdf,0x64,0x00,
 0xcb,0xaa,0x4a,0xa9,0x3a,0x19,0x7b,0xb2,0x6b,0xb5,0x08,0xfb,0x17,0xb8,0x71,0x1b,
 0x06,0x15,0xcc,0x01,0xcd,0xaa,0x5a,0x19,0x7b,0x4a,0xa9,0x60,0xb2,0xbb,0x38,0xfb,
 0x32,0x8e,0x80,0x1b,0x06,0x44,0x5c,0x00,0xe2,0xaa,0x0a,0xa9,0x2a,0x49,0x7b,0xb5,
 0x6b,0xb1,0x38,0xfb,0x22,0x48,0xa0,0x05,0x06,0xd1,0x79,0x00,0xc2,0xaa,0xaa,0x94,
 0xb1,0x57,0x8b,0xb3,0xa6,0x60,0xb2,0xfb,0x21,0x44,0xe0,0x20,0x30,0x18,0xb0,0x01,
 0xdd,0xaa,0x2a,0xa9,0x5a,0x39,0x7b,0xb1,0x6b,0xb0,0x48,0xfb,0x17,0x80,0x83,0x41,
 0x08,0xa8,0x02,0x02,0xe9,0xaa,0x4a,0xa9,0x1a,0x59,0x7b,0xb0,0x6b,0xb3,0x28,0xfb,
 0x09,0xcd,0xb0,0x81,0x04,0x46,0x62,0x00,0xcc,0xaa,0x0a,0xa9,0x4a,0x19,0x7b,0xb2,
 0x6b,0xb3,0x58,0xfb,0xc0,0x83,0xc0,0x07,0x06,0x26,0xa8,0x0e,0xd0,0xaa,0x5a,0xa9,
 0x0a,0x29,0x7b,0xb4,0x6b,0xb1,0x38,0xfb,0x18,0x70,0x61,0xc2,0xbc,0xdc,0x61,0x00,
 0xcc,0xaa,0x3a,0xa9,0x4a,0x19,0x7b,0xb2,0x6b,0xb0,0x58,0xfb,0x14,0x14,0x8f,0xc1,
 0x17,0x1c,0x4c,0x05,0xd9,0xaa,0x5a,0xa9,0x1a,0x39,0x7b,0xb4,0x6b,0xb0,0x28,0xfb,
 0x1b,0xd0,0x80,0x81,0xb8,0x1c,0x9c,0x05,0xcb,0xaa,0x5a,0xa9,0x3a,0x19,0x7b,0xb4,
 0x6b,0xb0,0x28,0xfb,0x18,0x50,0xa0,0x11,0xee,0x1b,0xa0,0x01,0xeb,0xaa,0x2a,0xa9,
 0x3a,0x59,0x7b,0xb1,0x6b,0xb4,0x08,0xfb,0x18,0x60,0xc9,0xc1,0xe4,0x1d,0x1c,0x02,
 0xeb,0xaa,0x1a,0xa9,0x3a,0x59,0x7b,0xb4,0x6b,0xb2,0x08,0xfb,0x2d,0xa5,0x90,0xc0,
 0x21,0x28,0x60,0x00,0xe3,0xaa,0x0a,0xa9,0x3a,0x49,0x7b,0xb1,0x6b,0xb2,0x58,0xfb,
 0x18,0x34,0x4c,0x98,0x06,0x32,0x9c,0x00,0xe2,0xaa,0x1a,0xa9,0x2a,0x49,0x7b,0xb5,
 0x6b,0xb3,0x08,0xfb,0x23,0x64,0xbc,0x41,0x92,0x18,0x08,0x02,0xeb,0xaa,0x1a,0xa9,
 0x3a,0x59,0x7b,0xb0,0x6b,0xb2,0x48,0xfb,0x16,0xa4,0x98,0xc6,0x06,0x18,0x18,0x01,
 0xd5,0xaa,0x1a,0xa9,0x5a,0x29,0x7b,0xb3,0x6b,0xb0,0x48,0xfb,0x48,0xf8,0x56,0x02,
 0x06,0x1e,0x64,0x0d,0xc1,0xaa,0xaa,0x2a,0x16,0x9b,0xb0,0x46,0x8b,0xb3,0x57,0xfb,
 0x1b,0x88,0x40,0x83,0xe2,0xaf,0x61,0x00,0xd3,0xaa,0x4a,0xa9,0x3a,0x29,0x7b,0xb1,
 0x6b,0xb0,0x58,0xfb,0xe9,0x70,0xcc,0x01,0x1b,0x10,0x60,0x00,0xd9,0xaa,0x0a,0xa9,
 0x1a,0x39,0x7b,0xb4,0x6b,0xb2,0x58,0xfb,0x1a,0x60,0x40,0x41,0x1f,0x2d,0x8d,0x0f,
 0xdd,0xaa,0x4a,0xa9,0x5a,0x39,0x7b,0xb2,0x6b,0xb0,0x18,0xfb,0x1b,0x50,0x90,0x49,
 0x75,0x18,0x38,0x01,0xea,0xaa,0xaa,0x0a,0x36,0x9b,0xb4,0x17,0x8b,0xb2,0x57,0xfb,
 0x20,0x6c,0x18,0x01,0x0a,0x18,0x28,0x03,0xc5,0xaa,0x1a,0xa9,0x5a,0x09,0x7b,0xb3,
 0x6b,0xb2,0x48,0xfb,0x08,0xb0,0x90,0x0e,0x06,0x77,0x8d,0x00,0xec,0xaa,0x2a,0xa9,
 0x4a,0x59,0x7b,0xb1,0x6b,0xb0,0x38,0xfb,0x1b,0x28,0x90,0x09,0x06,0x68,0xb0,0x06,
 0xe5,0x5a,0xa7,0xaa,0x71,0x2a,0x39,0xbb,0x48,0x6b,0xb0,0xfb,0x4b,0x90,0xa0,0x01,
 0x06,0x41,0x65,0x0c,0xc4,0xaa,0x5a,0xa9,0x4a,0x09,0x7b,0xb1,0x6b,0xb2,0x38,0xfb,
 0x18,0x48,0x50,0x94,0x19,0xf2,0x61,0x00,0xdc,0xaa,0xaa,0x73,0x4a,0x09,0xbb,0x58,
 0x9b,0xb2,0x16,0xfb,0x23,0x60,0x10,0xb2,0x08,0x78,0x8f,0x01,0xea,0xaa,0x4a,0xa9,
 0x2a,0x59,0x7b,0xb0,0x6b,0xb3,0x18,0xfb,0x20,0xd0,0x2e,0xe1,0x26,0x18,0x88,0x00,
 0xda,0x1a,0xa9,0xaa,0x83,0xb4,0xa9,0x72,0xb5,0x6b,0xb0,0xfb,0x1f,0x8c,0x80,0x81,
 0x2a,0xc9,0xa7,0x06,0xdd,0xaa,0x4a,0xa9,0x5a,0x39,0x7b,0xb0,0x6b,0xb1,0x28,0xfb,
 0x23,0x00,0x81,0x41,0x04,0xde,0x21,0x05,0xcd,0xaa,0xaa,0x73,0x5a,0x08,0xbb,0x29,
 0x6b,0xb4,0x18,0xfb,0x42,0x5c,0x80,0xc1,0x92,0x25,0xa4,0x0a,0xc5,0xaa,0x3a,0xa9,
 0x5a,0x09,0x7b,0xb4,0x6b,0xb1,0x28,0xfb,0x15,0x60,0x80,0x41,0x5b,0xc4,0x2a,0x02,
 0xec,0xaa,0x3a,0xa9,0x4a,0x59,0x7b,0xb0,0x6b,0xb1,0x28,0xfb,0xca,0x60,0xa0,0xf5,
 0x05,0x5a,0x40,0x00,0xe2,0xaa,0x0a,0xa9,0x2a,0x49,0x7b,0xb3,0x6b,0xb5,0x18,0xfb,
 0x1c,0x04,0xf7,0x43,0x68,0x18,0x58,0x00,0xd3,0xaa,0x1a,0xa9,0x3a,0x29,0x7b,0xb0,
 0x6b,0xb5,0x48,0xfb,0x18,0xa4,0x70,0x3e,0xe7,0x1f,0xe0,0x01,0xeb,0xaa,0x2a,0xa9,
 0x3a,0x59,0x7b,0xb1,0x6b,0xb4,0x08,0xfb,0xcc,0x9b,0x40,0x2e,0x06,0x54,0x74,0x00,
 0xe0,0x0a,0xa9,0xaa,0x72,0x5a,0x46,0xbb,0x19,0x6b,0xb3,0xfb,0x1c,0x62,0x50,0x41,
 0x08,0x50,0x34,0x08,0xe0,0xaa,0x5a,0xa9,0x0a,0x49,0x7b,0xb3,0x6b,0xb2,0x18,0xfb,
 0x18,0x98,0xe0,0x37,0xf6,0x1f,0xe0,0x01,0xeb,0xaa,0x2a,0xa9,0x3a,0x59,0x7b,0xb1,
 0x6b,0xb4,0x08,0xfb,0x2e,0x80,0x11,0x01,0xf9,0x18,0xe8,0x08,0xcb,0xaa,0x5a,0xa9,
 0x3a,0x19,0x7b,0xb0,0x6b,0xb2,0x48,0xfb,0x33,0x41,0x10,0x09,0x06,0x11,0x7b,0x00,
 0xd4,0xaa,0x0a,0xa9,0x4a,0x29,0x7b,0xb1,0x6b,0xb5,0x38,0xfb,0xac,0x6f,0x20,0x42,
 0x69,0x42,0x60,0x00,0xe0,0xaa,0x3a,0xa9,0x0a,0x49,0x7b,0xb1,0x6b,0xb2,0x58,0xfb,
 0xc7,0xdd,0xa8,0x82,0x0b,0x18,0x3c,0x00,0xd1,0xaa,0x0a,0xa9,0x1a,0x29,0x7b,0xb3,
 0x6b,0xb5,0x48,0xfb,0x18,0x48,0x40,0xc2,0x2b,0x53,0xfe,0x07,0xdc,0xaa,0x5a,0xa9,
 0x4a,0x39,0x7b,0xb1,0x6b,0xb2,0x08,0xfb,0x4e,0x38,0x40,0x32,0x74,0x18,0xb8,0x00,
 0xc2,0xaa,0x3a,0xa9,0x2a,0x09,0x7b,0xb5,0x6b,0xb1,0x48,0xfb,0x1b,0x68,0x80,0x41,
 0x74,0x68,0x30,0x0d,0xe5,0xaa,0x70,0xaa,0x93,0xb1,0xa6,0x95,0xb4,0xbb,0x28,0xfb,
 0x80,0xe1,0x87,0x01,0x19,0x1a,0x60,0x00,0xd8,0xaa,0x1a,0xa9,0x0a,0x39,0x7b,0xb2,
 0x6b,0xb4,0x58,0xfb,0x20,0x60,0x60,0x41,0x9f,0x7e,0x48,0x03,0xe5,0xaa,0x3a,0xa9,
 0x5a,0x49,0x7b,0xb0,0x6b,0xb2,0x18,0xfb,0x21,0x46,0xf2,0xab,0x07,0x1c,0x60,0x00,
 0xc8,0xaa,0x2a,0xa9,0x0a,0x19,0x7b,0xb4,0x6b,0xb3,0x58,0xfb,0x18,0x0c,0x6a,0x01,
 0x09,0x69,0xd4,0x08,0xe5,0xaa,0x1a,0xa9,0x5a,0x49,0x7b,0xb3,0x6b,0xb2,0x08,0xfb,
 0x0f,0x98,0x5d,0x02,0x06,0x54,0xd4,0x05,0xe1,0xaa,0x5a,0xa9,0x1a,0x49,0x7b,0xb2,
 0x6b,0xb0,0x38,0xfb,0x0b,0x60,0x80,0x02,0xd0,0xac,0x98,0x00,0xd3,0xaa,0x4a,0xa9,
 0x3a,0x29,0x7b,0xb5,0x6b,0xb0,0x18,0xfb,0x7c,0x90,0x60,0x37,0xe6,0x18,0x80,0x00,
 0xc3,0xaa,0x2a,0xa9,0x3a,0x09,0x7b,0xb1,0x6b,0xb5,0x48,0xfb,0x5c,0x9c,0x70,0x37,
 0x06,0x18,0xa0,0x00,0xc5,0xaa,0x2a,0xa9,0x5a,0x09,0x7b,0xb1,0x6b,0xb3,0x48,0xfb,
 0x1d,0x38,0xd2,0x00,0x15,0x18,0x68,0x0a,0xdd,0x1a,0xa7,0xaa,0x70,0x5a,0x49,0xbb,
 0x38,0x6b,0xb2,0xfb,0x0b,0x95,0xc0,0xc6,0x03,0x18,0x0c,0x07,0xd0,0xaa,0xaa,0x1a,
 0x57,0x9b,0xb4,0x36,0x8b,0xb2,0x06,0xfb,0x2e,0x62,0x10,0xc1,0x48,0x18,0x80,0x01,
 0xe8,0xaa,0x3a,0xa9,0x0a,0x59,0x7b,0xb1,0x6b,0xb2,0x48,0xfb,0x2d,0x64,0x30,0x3b,
 0x18,0x14,0x62,0x00,0xdc,0xaa,0x2a,0xa9,0x4a,0x39,0x7b,0xb0,0x6b,0xb1,0x58,0xfb,
 0x1c,0x84,0x00,0xcc,0xd9,0x96,0x60,0x00,0xd4,0xaa,0x3a,0xa9,0x4a,0x29,0x7b,0xb0,
 0x6b,0xb1,0x58,0xfb,0x22,0xd0,0x50,0xc1,0x59,0x32,0xc8,0x00,0xd1,0xaa,0x82,0xb4,
 0xa9,0xaa,0x70,0xb3,0x19,0x6b,0xb5,0xfb,0x5e,0x44,0x7c,0x01,0x07,0x16,0x3c,0x00,
 0xeb,0xaa,0x91,0xaa,0x5a,0x48,0x9b,0xb3,0x27,0xbb,0x06,0xfb,0x1b,0x2c,0x4e,0x07,
 0x1a,0x18,0x90,0x00,0xda,0xaa,0xaa,0x63,0xb0,0x16,0x9b,0xb5,0xa7,0x92,0xb4,0xfb,
 0xa9,0x5e,0xf0,0x02,0x01,0x36,0x9c,0x00,0xd9,0xaa,0x1a,0x58,0x6b,0xb0,0xa9,0x2a,
 0x39,0x6b,0xb4,0xfb,0x0f,0x68,0x40,0x3d,0x14,0x58,0xe4,0x00,0xc3,0xaa,0x92,0xaa,
 0x0a,0x58,0x9b,0xb3,0x17,0xbb,0x46,0xfb,0x0d,0x74,0x30,0xb6,0x12,0x09,0xd8,0x03,
 0xcb,0xaa,0x92,0xaa,0x0a,0x18,0x9b,0xb3,0x47,0xbb,0x56,0xfb,0x1c,0x98,0x50,0xc5,
 0x1e,0x0d,0x5c,0x04,0xc2,0xaa,0x93,0xaa,0x0a,0x18,0x9b,0xb2,0x47,0xbb,0x56,0xfb,
 0x35,0x5c,0x90,0xa3,0x03,0x51,0xe4,0x00,0xdd,0xaa,0x2a,0x56,0x9b,0x4a,0x07,0xbb,
 0xa6,0x91,0xb3,0xfb,0xba,0xec,0x0c,0x02,0xc9,0x1f,0x60,0x00,0xc3,0xaa,0x0a,0xa9,
 0x71,0x4a,0x36,0xbb,0x6b,0xb5,0x28,0xfb,0x1a,0xe0,0x70,0x81,0x72,0x21,0x80,0x00,
 0xd5,0xaa,0x2a,0x08,0x9b,0xaa,0x93,0xb5,0x47,0xbb,0x16,0xfb,0xde,0x62,0x40,0x4c,
 0x08,0x1a,0x00,0x01,0xea,0xaa,0x3a,0x06,0x9b,0xb4,0xa6,0x5a,0x27,0x9b,0xb1,0xfb,
 0x2d,0x34,0x80,0x01,0x15,0x32,0x88,0x0b,0xcc,0xaa,0x1a,0x08,0x9b,0xb4,0xa6,0x95,
 0x3a,0x27,0xbb,0xfb,0x1a,0xf8,0x30,0xc4,0x06,0xd9,0x9f,0x05,0xc2,0xaa,0x94,0xaa,
 0x0a,0x18,0x9b,0xb2,0x37,0xbb,0x56,0xfb,0x2a,0x7c,0x61,0x0d,0x95,0x0b,0x20,0x00,
 0xe1,0xaa,0x93,0xaa,0x4a,0x08,0x9b,0xb1,0x57,0xbb,0x26,0xfb,0x09,0x18,0x70,0xc4,
 0x13,0xc2,0x79,0x0f,0xca,0xaa,0x95,0xaa,0x1a,0x38,0x9b,0xb2,0x07,0xbb,0x46,0xfb,
 0x29,0xe8,0x92,0x01,0x06,0x36,0xb4,0x0c,0xd4,0xaa,0x2a,0x08,0x9b,0xb4,0xa6,0x95,
 0x1a,0x37,0xbb,0xfb,0x80,0x77,0xb0,0xc7,0x18,0x19,0x3c,0x01,0xe3,0xaa,0x4a,0x58,
 0x9b,0xaa,0x90,0xb3,0x17,0xbb,0x26,0xfb,0x18,0x88,0x20,0xc1,0x85,0xec,0x10,0x02,
 0xec,0xaa,0xaa,0x61,0xb3,0x47,0x9b,0xb2,0xa6,0x95,0xb0,0xfb,0x13,0x60,0x80,0x01,
 0x69,0x24,0xd9,0x00,0xeb,0xaa,0x64,0xb3,0xa9,0xaa,0x81,0xb2,0x59,0x6b,0xb0,0xfb,
 0x45,0x98,0xe0,0xc2,0x09,0xae,0x39,0x00,0xe8,0xaa,0xaa,0x85,0xb1,0x46,0x9b,0xb3,
 0xa7,0x92,0xb0,0xfb,0x15,0xf0,0xe0,0x13,0x06,0x1f,0x5c,0x07,0xca,0xaa,0x0a,0x48,
 0x6b,0xb5,0xa9,0x71,0x2a,0x39,0xbb,0xfb,0x07,0xb8,0x0c,0xca,0x09,0x44,0x28,0x00,
 0xc4,0xaa,0x91,0xaa,0x3a,0x08,0x9b,0xb4,0x57,0xbb,0x26,0xfb,0x35,0x58,0xf4,0x83,
 0x0e,0x1c,0xa0,0x00,0xe3,0xaa,0x91,0xaa,0x4a,0x28,0x9b,0xb3,0x57,0xbb,0x06,0xfb,
 0x07,0x00,0x7e,0x00,0x3c,0x36,0x58,0x00,0xc4,0xaa,0x91,0xaa,0x5a,0x08,0x9b,0xb4,
 0x27,0xbb,0x36,0xfb,0x3e,0x58,0xe0,0x05,0x0a,0x06,0xe4,0x0d,0xe3,0xaa,0x95,0xaa,
 0x4a,0x08,0x9b,0xb3,0x17,0xbb,0x26,0xfb,0xa1,0x7d,0x10,0xc5,0x17,0x1e,0x2c,0x01,
 0xe3,0xaa,0x90,0xaa,0x4a,0x58,0x9b,0xb3,0x17,0xbb,0x26,0xfb,0x1b,0x28,0xe1,0x00,
 0xc1,0x17,0xc8,0x00,0xc5,0xaa,0x2a,0x08,0x9b,0xaa,0x93,0xb5,0x47,0xbb,0x16,0xfb,
 0x18,0x44,0x30,0x82,0x39,0x42,0x30,0x00,0xec,0xaa,0xaa,0x2a,0x46,0x9b,0xb5,0x17,
 0x8b,0xb0,0x36,0xfb,0x1a,0x08,0x9b,0x81,0x18,0x4a,0xb0,0x00,0xc4,0xaa,0x0a,0x58,
 0x9b,0xaa,0x91,0xb4,0x27,0xbb,0x36,0xfb,0x0f,0x80,0x70,0x41,0xde,0x57,0xd8,0x00,
 0xcd,0xaa,0x93,0xaa,0x0a,0x18,0x9b,0xb5,0x27,0xbb,0x46,0xfb,0x1c,0x74,0x80,0x0b,
 0x12,0x42,0xdc,0x00,0xcc,0xaa,0x92,0xaa,0x1a,0x58,0x9b,0xb4,0x07,0xbb,0x36,0xfb,
 0x5c,0xc8,0xd0,0xd0,0x03,0x46,0x38,0x00,0xd8,0x1a,0xa7,0xaa,0x62,0xb0,0x59,0x6b,
 0x3a,0x49,0xbb,0xfb,0x26,0x50,0x70,0x71,0x07,0x22,0x3c,0x02,0xcc,0xaa,0x92,0xaa,
 0x1a,0x08,0x9b,0xb4,0x37,0xbb,0x56,0xfb,0x1e,0x10,0x71,0x02,0xa9,0x4e,0x8c,0x01,
 0xc5,0x1a,0xa9,0xaa,0x62,0xb3,0x09,0x6b,0x4a,0x57,0xbb,0xfb,0x34,0x1c,0xb0,0xdc,
 0x02,0xa5,0xbc,0x00,0xcd,0xaa,0x92,0xaa,0x0a,0x18,0x9b,0xb5,0x37,0xbb,0x46,0xfb,
 0x2b,0x44,0x00,0x03,0x0f,0x50,0x58,0x0b,0xcc,0xaa,0x95,0xaa,0x1a,0x38,0x9b,0xb4,
 0x07,0xbb,0x26,0xfb,0x0a,0x60,0x20,0x42,0x17,0x1b,0xfc,0x09,0xe5,0xaa,0xaa,0x75,
 0xb3,0xa9,0x61,0xb4,0x7b,0xb0,0x28,0xfb,0x19,0x60,0x30,0x83,0x87,0x57,0x48,0x01,
 0xc4,0xaa,0x0a,0x28,0x9b,0xb4,0xa6,0x93,0x5a,0x17,0xbb,0xfb,0xa2,0xb1,0x30,0xa7,
 0x09,0x17,0x60,0x00,0xc8,0xaa,0x4a,0xa7,0x92,0xb3,0x8b,0x5a,0x16,0xbb,0x07,0xfb,
 0x91,0x58,0x50,0x01,0x13,0x51,0xb4,0x06,0xcc,0xaa,0x90,0xaa,0x1a,0x38,0x9b,0xb4,
 0x27,0xbb,0x56,0xfb,0x34,0xbd,0xa5,0x83,0x18,0x08,0x30,0x00,0xeb,0xaa,0x90,0x2a,
 0xa7,0x1a,0x36,0x9b,0xb5,0xbb,0x46,0xfb,0x49,0xe0,0xe0,0x01,0x22,0xb4,0xad,0x00,
 0xd1,0xaa,0x94,0xaa,0x2a,0x08,0x9b,0xb1,0x57,0xbb,0x36,0xfb,0x4b,0x68,0xf1,0xc1,
 0x0d,0x6c,0x37,0x00,0xeb,0xaa,0x94,0xaa,0x5a,0x08,0x9b,0xb3,0x27,0xbb,0x16,0xfb,
 0x15,0x70,0x8a,0xc6,0x13,0x3c,0x90,0x00,0xc4,0xaa,0x91,0xaa,0x0a,0x38,0x9b,0xb4,
 0x57,0xbb,0x26,0xfb,0x3a,0xa8,0x80,0x3b,0x13,0x07,0xd4,0x00,0xe0,0xaa,0x92,0xaa,
 0x4a,0x38,0x9b,0xb0,0x17,0xbb,0x56,0xfb,0xdc,0x3f,0x80,0x02,0x0e,0x20,0x0c,0x00,
 0xca,0xaa,0x3a,0x06,0x9b,0x1a,0x58,0xbb,0xa6,0x94,0xb2,0xfb,0x3c,0xda,0xe0,0xc1,
 0x0a,0x29,0x10,0x03,0xd3,0xaa,0x90,0xaa,0x2a,0x18,0x9b,0xb3,0x47,0xbb,0x56,0xfb,
 0xda,0x63,0xa0,0x0b,0x08,0xc6,0x97,0x00,0xd4,0xaa,0xaa,0x92,0xb1,0xa6,0x70,0xb4,
 0x8b,0xb3,0x59,0xfb,0x11,0x58,0xf1,0x80,0x06,0x98,0xfa,0x00,0xd5,0xaa,0x2a,0xa7,
 0x94,0x0a,0x36,0xbb,0x8b,0xb1,0x56,0xfb,0xe2,0xc9,0xe0,0xc1,0x95,0x38,0x74,0x00,
 0xe0,0xaa,0x3a,0xa9,0x0a,0x49,0x7b,0xb2,0x6b,0xb5,0x18,0xfb,0x69,0x30,0x27,0xc2,
 0x03,0x63,0xc8,0x00,0xe0,0xaa,0xaa,0x91,0x5a,0x37,0xbb,0x26,0x8b,0xb0,0x49,0xfb,
 0x11,0xc8,0x00,0x86,0x54,0x1c,0x50,0x0a,0xd5,0xaa,0x3a,0xa9,0x5a,0x29,0x7b,0xb4,
 0x6b,0xb0,0x18,0xfb,0x10,0x38,0xa6,0x05,0x09,0x32,0x50,0x0d,0xd5,0xaa,0x1a,0xa9,
 0x5a,0x29,0x7b,0xb3,0x6b,0xb0,0x48,0xfb,0x11,0xc8,0xf0,0x01,0x10,0x5c,0x66,0x05,
 0xdc,0xaa,0x5a,0xa9,0x4a,0x39,0x7b,0xb2,0x6b,0xb0,0x18,0xfb,0x32,0x74,0xb0,0x18,
 0x15,0xe7,0x6b,0x00,0xdc,0xaa,0x2a,0xa9,0x4a,0x39,0x7b,0xb5,0x6b,0xb1,0x08,0xfb,
 0x1e,0xb8,0xc2,0xc1,0xc0,0xf6,0xc8,0x00,0xcc,0xaa,0x3a,0xa9,0x4a,0x19,0x7b,0xb2,
 0x6b,0xb0,0x58,0xfb,0x22,0xa0,0x20,0x81,0x4b,0x11,0xca,0x00,0xc3,0xaa,0x4a,0xa9,
 0x3a,0x09,0x7b,0xb1,0x6b,0xb2,0x58,0xfb,0x32,0x38,0x7a,0x90,0x2e,0x0c,0x80,0x00,
 0xd9,0xaa,0x2a,0xa9,0x1a,0x39,0x7b,0xb4,0x6b,0xb5,0x08,0xfb,0x64,0x68,0x10,0x36,
 0xeb,0x32,0xb0,0x00,0xc3,0xaa,0x2a,0xa9,0x3a,0x09,0x7b,0xb5,0x6b,0xb1,0x48,0xfb,
 0x0e,0xd6,0x74,0x81,0x0c,0x1a,0xb0,0x00,0xe8,0xaa,0x1a,0xa9,0x0a,0x59,0x7b,0xb4,
 0x6b,0xb2,0x38,0xfb,0x2a,0x0c,0x2b,0x03,0x1b,0x26,0x4d,0x00,0xdc,0xaa,0x1a,0xa9,
 0x4a,0x39,0x7b,0xb0,0x6b,0xb5,0x28,0xfb,0x1b,0x80,0x20,0x83,0xcb,0xba,0x28,0x02,
 0xe5,0xaa,0xaa,0x93,0x2a,0x07,0xbb,0x16,0x8b,0xb5,0x49,0xfb,0x32,0x58,0x10,0x90,
 0x04,0xd6,0xfa,0x01,0xec,0xaa,0x70,0xaa,0x3a,0x26,0x8b,0xb5,0x49,0xbb,0x18,0xfb,
 0x1d,0xe0,0x20,0x7c,0x09,0x32,0xac,0x08,0xca,0xaa,0x5a,0xa9,0x2a,0x19,0x7b,0xb3,
 0x6b,0xb0,0x48,0xfb,0x18,0x5c,0xe0,0x06,0x6b,0xf4,0xc9,0x00,0xd4,0xaa,0x3a,0xa9,
 0x4a,0x29,0x7b,0xb0,0x6b,0xb1,0x58,0xfb,0x26,0x87,0x20,0x03,0x1c,0xd8,0x75,0x00,
 0xdc,0xaa,0x0a,0xa9,0x4a,0x39,0x7b,0xb1,0x6b,0xb5,0x28,0xfb,0x3f,0x38,0x60,0x81,
 0x12,0x94,0xca,0x00,0xc4,0xaa,0x3a,0xa9,0x4a,0x09,0x7b,0xb1,0x6b,0xb2,0x58,0xfb,
 0xb1,0xb9,0x20,0x43,0x09,0x18,0x10,0x0d,0xcd,0xaa,0x0a,0xa9,0x5a,0x19,0x7b,0xb3,
 0x6b,0xb4,0x28,0xfb,0x47,0xc9,0xb0,0x80,0x0c,0x24,0x94,0x02,0xcd,0xaa,0x0a,0xa9,
 0x5a,0x19,0x7b,0xb4,0x6b,0xb2,0x38,0xfb,0x32,0x8c,0xc0,0x43,0x03,0x12,0x69,0x0b,
 0xd5,0xaa,0x4a,0xa9,0x5a,0x29,0x7b,0xb1,0x6b,0xb3,0x08,0xfb,0x12,0xbc,0xe2,0x40,
 0x10,0x32,0x1c,0x03,0xd9,0xaa,0x5a,0xa9,0x1a,0x39,0x7b,0xb0,0x6b,0xb2,0x48,0xfb,
 0x13,0x54,0x60,0x18,0x1b,0x32,0xe4,0x04,0xda,0xaa,0x5a,0xa9,0x2a,0x39,0x7b,0xb1,
 0x6b,0xb0,0x48,0xfb,0x22,0x3c,0x40,0x11,0x0e,0x97,0xc9,0x00,0xda,0xaa,0x4a,0xa9,
 0x2a,0x39,0x7b,0xb0,0x6b,0xb1,0x58,0xfb,0xf6,0x41,0x00,0x48,0x08,0x32,0xa0,0x00,
 0xd5,0xaa,0x0a,0xa9,0x5a,0x29,0x7b,0xb1,0x6b,0xb3,0x48,0xfb,0x4a,0x68,0xc0,0xc3,
 0xb9,0x32,0x7c,0x00,0xd0,0xaa,0x3a,0xa9,0x0a,0x29,0x7b,0xb1,0x6b,0xb5,0x48,0xfb,
 0x32,0xd0,0x32,0x81,0x1b,0x96,0x96,0x00,0xcb,0xaa,0x4a,0xa9,0x3a,0x19,0x7b,0xb2,
 0x6b,0xb5,0x08,0xfb,0xac,0x49,0x20,0x03,0xae,0x66,0x80,0x00,0xe3,0xaa,0x0a,0xa9,
 0x3a,0x49,0x7b,0xb5,0x6b,0xb1,0x28,0xfb,0xe8,0x36,0x20,0x03,0x37,0x25,0xb0,0x01,
 0xe8,0xaa,0x3a,0xa9,0x0a,0x59,0x7b,0xb1,0x6b,0xb4,0x28,0xfb,0x32,0x9c,0x10,0xaa,
 0x0d,0x57,0x4c,0x00,0xdc,0xaa,0x2a,0xa9,0x4a,0x39,0x7b,0xb1,0x6b,0xb5,0x08,0xfb,
 0x11,0xe8,0xe7,0x24,0x14,0x32,0x9c,0x00,0xda,0xaa,0x1a,0xa9,0x2a,0x39,0x7b,0xb5,
 0x6b,0xb0,0x48,0xfb,0xec,0xca,0x50,0xd2,0x03,0x80,0x84,0x00,0xe0,0xaa,0x2a,0xa9,
 0x0a,0x49,0x7b,0xb3,0x6b,0xb5,0x18,0xfb,0x25,0xf0,0x50,0x90,0xa3,0x0b,0xc8,0x00,
 0xcb,0xaa,0x2a,0xa9,0x3a,0x19,0x7b,0xb0,0x6b,0xb4,0x58,0xfb,0xe2,0x40,0xb0,0x81,
 0x0c,0x7f,0x2f,0x01,0xec,0xaa,0x0a,0xa9,0x4a,0x59,0x7b,0xb2,0x6b,0xb1,0x38,0xfb,
 0xe0,0x19,0x33,0x81,0x28,0x1c,0xc8,0x00,0xd9,0xaa,0x0a,0xa9,0x1a,0x39,0x7b,0xb2,
 0x6b,0xb4,0x58,0xfb,0x1f,0xc8,0x80,0x47,0x04,0x23,0xb1,0x0d,0xd5,0xaa,0x0a,0x47,
 0x9b,0x2a,0x16,0xbb,0xa6,0x95,0xb3,0xfb,0x32,0x60,0xf6,0x00,0x9c,0x2c,0xa8,0x00,
 0xeb,0xaa,0x1a,0xa9,0x3a,0x59,0x7b,0xb4,0x6b,0xb2,0x08,0xfb,0x1f,0x94,0xc0,0x86,
 0x0c,0x5d,0xf7,0x0b,0xd5,0xaa,0x4a,0xa9,0x5a,0x29,0x7b,0xb0,0x6b,0xb1,0x38,0xfb,
 0x16,0xa8,0x22,0x43,0x8f,0x6b,0x8f,0x00,0xcc,0xaa,0x3a,0xa9,0x4a,0x19,0x7b,0xb0,
 0x6b,0xb5,0x28,0xfb,0xe6,0x9f,0x80,0xbd,0x19,0x23,0xc8,0x00,0xda,0xaa,0x0a,0xa9,
 0x2a,0x39,0x7b,0xb1,0x6b,0xb4,0x58,0xfb,0x42,0x9b,0x60,0x01,0x82,0x32,0xfc,0x00,
 0xe8,0xaa,0x3a,0xa9,0x0a,0x59,0x7b,0xb1,0x6b,0xb2,0x48,0xfb,0x23,0xc8,0xd0,0x81,
 0x85,0x81,0x33,0x03,0xeb,0xaa,0x4a,0xa9,0x3a,0x59,0x7b,0xb2,0x6b,0xb0,0x18,0xfb,
 0x08,0x94,0x00,0xc9,0x19,0x32,0x90,0x0b,0xd5,0xaa,0x3a,0xa9,0x5a,0x29,0x7b,0xb0,
 0x6b,0xb1,0x48,0xfb,0x2b,0xfc,0x2d,0xc3,0x12,0x10,0x48,0x07,0xd9,0xaa,0x5a,0xa9,
 0x1a,0x39,0x7b,0xb0,0x6b,0xb4,0x28,0xfb,0xcd,0xff,0x4d,0x4b,0x09,0x20,0xc8,0x00,
 0xd1,0xaa,0x0a,0xa9,0x1a,0x29,0x7b,0xb4,0x6b,0xb3,0x58,0xfb,0x32,0x34,0x40,0x02,
 0x64,0x27,0x30,0x03,0xd5,0xaa,0xaa,0x95,0xb4,0x27,0x8b,0xb1,0xa6,0x63,0xb0,0xfb,
 0x3e,0x8c,0xa0,0xa9,0xd1,0x20,0xc8,0x00,0xc3,0xaa,0x2a,0xa9,0x3a,0x09,0x7b,0xb1,
 0x6b,0xb4,0x58,0xfb,0x32,0x1c,0xa6,0x81,0x05,0x3e,0xc9,0x00,0xc4,0xaa,0x1a,0xa9,
 0x4a,0x09,0x7b,0xb3,0x6b,0xb2,0x58,0xfb,0x43,0x84,0x29,0xc3,0x03,0x36,0x4c,0x00,
 0xe1,0xaa,0x0a,0xa9,0x1a,0x49,0x7b,0xb3,0x6b,0xb5,0x28,0xfb,0xed,0xca,0x10,0xa9,
 0x10,0x2c,0x5c,0x00,0xda,0xaa,0x0a,0xa9,0x2a,0x39,0x7b,0xb4,0x6b,0xb5,0x18,0xfb,
 0x60,0x78,0x6b,0x64,0x08,0x32,0x74,0x00,0xc2,0xaa,0x1a,0xa9,0x2a,0x09,0x7b,0xb5,
 0x6b,0xb3,0x48,0xfb,0x24,0x5c,0x50,0xab,0x0c,0xaf,0xc0,0x08,0xe5,0xaa,0x2a,0xa9,
 0x5a,0x49,0x7b,0xb1,0x6b,0xb0,0x38,0xfb,0x15,0x5c,0x31,0xb9,0x0c,0x1e,0xc0,0x04,
 0xca,0x1a,0xa7,0xaa,0x60,0xb5,0x39,0x6b,0x2a,0x49,0xbb,0xfb,0x18,0xe0,0x71,0x5b,
 0x06,0xad,0xca,0x00,0xcc,0xaa,0x73,0xaa,0x92,0xb0,0xa6,0x94,0xb1,0xbb,0x58,0xfb,
 0x3f,0x04,0x73,0x81,0x0c,0x16,0x98,0x0d,0xc5,0xaa,0x1a,0xa9,0x5a,0x09,0x7b,0xb2,
 0x6b,0xb4,0x38,0xfb,0x23,0x20,0x82,0x41,0x8e,0xdc,0xcb,0x00,0xcc,0xaa,0x3a,0xa9,
 0x4a,0x19,0x7b,0xb2,0x6b,0xb0,0x58,0xfb,0x32,0x7c,0x30,0x81,0x0d,0x20,0x39,0x07,
 0xdc,0xaa,0x5a,0xa9,0x4a,0x39,0x7b,0xb1,0x6b,0xb2,0x08,0xfb,0xec,0x74,0x2b,0x43,
 0x09,0x18,0xb8,0x00,0xe8,0xaa,0x1a,0xa9,0x0a,0x59,0x7b,0xb3,0x6b,0xb4,0x28,0xfb,
 0x3c,0xbc,0x23,0x83,0x88,0x21,0x2c,0x00,0xc3,0xaa,0x1a,0xa9,0x3a,0x09,0x7b,0xb4,
 0x6b,0xb5,0x28,0xfb,0x68,0x20,0x24,0x03,0x92,0x1b,0x64,0x00,0xc1,0xaa,0xaa,0x95,
 0xb2,0x46,0x8b,0x3a,0x07,0xbb,0x19,0xfb,0x25,0x3c,0x49,0xa4,0x05,0x32,0xfc,0x00,
 0xe9,0xaa,0x2a,0xa9,0x1a,0x59,0x7b,0xb0,0x6b,0xb3,0x48,0xfb,0xac,0x57,0x2a,0x43,
 0x08,0x80,0x70,0x00,0xe0,0xaa,0x1a,0xa9,0x0a,0x49,0x7b,0xb5,0x6b,0xb3,0x28,0xfb,
 0x1c,0x88,0x68,0x89,0x06,0x61,0xca,0x00,0xd1,0xaa,0x4a,0xa9,0x1a,0x29,0x7b,0xb0,
 0x6b,0xb3,0x58,0xfb,0x1c,0x3c,0x30,0x02,0x7b,0xf4,0xc8,0x00,0xc3,0xaa,0x4a,0xa9,
 0x3a,0x09,0x7b,0xb2,0x6b,0xb1,0x58,0xfb,0x8c,0x97,0x20,0x83,0x11,0x24,0x24,0x0d,
 0xd8,0xaa,0x5a,0xa9,0x0a,0x39,0x7b,0xb1,0x6b,0xb4,0x28,0xfb,0x32,0x7c,0xbe,0x59,
 0x06,0x1e,0x20,0x01,0xe9,0xaa,0x2a,0xa9,0x1a,0x59,0x7b,0xb4,0x6b,0xb3,0x08,0xfb,
 0x68,0x5b,0x60,0x5d,0x1a,0x32,0xb8,0x00,0xda,0xaa,0x0a,0xa9,0x2a,0x39,0x7b,0xb5,
 0x6b,0xb1,0x48,0xfb,0x08,0x52,0xc2,0x80,0x0c,0x16,0xa4,0x01,0xe8,0xaa,0xaa,0x82,
 0xb0,0xa9,0x74,0xb1,0x6b,0xb3,0x58,0xfb,0x1b,0xc8,0xc0,0x89,0xe2,0x26,0x14,0x0d,
 0xd3,0xaa,0x5a,0xa9,0x3a,0x29,0x7b,0xb4,0x6b,0xb0,0x18,0xfb,0xc3,0x5c,0x79,0x81,
 0x0c,0x1d,0xb8,0x01,0xe8,0xaa,0x1a,0xa9,0x0a,0x59,0x7b,0xb4,0x6b,0xb2,0x38,0xfb,
 0xc0,0x7f,0x10,0xad,0x0c,0x7c,0x80,0x00,0xe0,0xaa,0x75,0xaa,0x92,0xb1,0xa6,0x90,
 0xb4,0xbb,0x38,0xfb,0x0c,0x88,0x70,0x09,0x0b,0x7c,0xcb,0x00,0xdc,0xaa,0x2a,0xa9,
 0x4a,0x39,0x7b,0xb1,0x6b,0xb0,0x58,0xfb,0x32,0xf0,0xec,0xc7,0x07,0x5a,0x74,0x00,
 0xe2,0xaa,0x1a,0xa9,0x2a,0x49,0x7b,0xb5,0x6b,0xb3,0x08,0xfb,0x43,0x6f,0x30,0x81,
 0x0c,0x3f,0x69,0x01,0xe8,0xaa,0x4a,0xa9,0x0a,0x59,0x7b,0xb1,0x6b,0xb2,0x38,0xfb,
 0x0d,0x68,0xc0,0x43,0x29,0x32,0x5c,0x04,0xd3,0xaa,0x5a,0xa9,0x3a,0x29,0x7b,0xb1,
 0x6b,0xb0,0x48,0xfb,0x42,0xc8,0x50,0xaa,0x08,0x1a,0xa8,0x05,0xc5,0xaa,0x2a,0xa9,
 0x5a,0x09,0x7b,0xb4,0x6b,0xb3,0x18,0xfb,0x1a,0x7c,0x2f,0x83,0x0a,0x7d,0x9c,0x04,
 0xe5,0xaa,0x1a,0xa9,0x5a,0x49,0x7b,0xb3,0x6b,0xb0,0x28,0xfb,0x84,0x80,0x2f,0x83,
 0x08,0x8b,0x8f,0x00,0xc1,0xaa,0x4a,0xa9,0x1a,0x09,0x7b,0xb5,0x6b,0xb3,0x28,0xfb,
 0x1d,0x00,0x12,0x73,0x08,0x32,0xf0,0x06,0xcd,0xaa,0x2a,0xa9,0x5a,0x19,0x7b,0xb0,
 0x6b,0xb3,0x48,0xfb,0xb4,0xb3,0x31,0x81,0x0c,0x7a,0xb2,0x00,0xc8,0xaa,0x4a,0xa9,
 0x0a,0x19,0x7b,0xb5,0x6b,0xb2,0x38,0xfb,0x83,0x59,0x10,0x9d,0x0c,0x1c,0x44,0x01,
 0xe8,0xaa,0x2a,0xa9,0x0a,0x59,0x7b,0xb1,0x6b,0xb4,0x38,0xfb,0x32,0xa4,0x60,0x76,
 0x06,0x2a,0xe3,0x01,0xea,0xaa,0x4a,0xa9,0x2a,0x59,0x7b,0xb1,0x6b,0xb3,0x08,0xfb,
 0x2c,0xc8,0xd0,0x80,0xee,0x71,0x21,0x01,0xeb,0xaa,0x4a,0xa9,0x3a,0x59,0x7b,0xb0,
 0x6b,0xb2,0x18,0xfb,0x0c,0xc8,0x90,0x8d,0x06,0x9e,0x09,0x01,0xec,0xaa,0x2a,0xa9,
 0x4a,0x59,0x7b,0xb3,0x6b,0xb0,0x18,0xfb,0x17,0x48,0x90,0x06,0x8f,0x22,0xc8,0x00,
 0xe3,0xaa,0x2a,0xa9,0x3a,0x49,0x7b,0xb0,0x6b,0xb1,0x58,0xfb,0x36,0xac,0x30,0x94,
 0x0c,0x0a,0x00,0x06,0xc5,0xaa,0x2a,0xa9,0x5a,0x09,0x7b,0xb1,0x6b,0xb4,0x38,0xfb,
 0x7b,0x0a,0xb2,0xc1,0xf7,0x32,0xac,0x00,0xc8,0xaa,0x3a,0xa9,0x0a,0x19,0x7b,0xb5,
 0x6b,0xb2,0x48,0xfb,0x13,0x04,0x22,0x03,0x09,0x0c,0xb8,0x02,0xdd,0xaa,0x1a,0xa9,
 0x5a,0x39,0x7b,0xb4,0x6b,0xb0,0x28,0xfb,0x33,0x48,0x80,0xae,0x05,0x32,0xf8,0x01,
 0xc2,0xaa,0x5a,0xa9,0x72,0xb0,0x6b,0x1a,0x39,0xbb,0x48,0xfb,0x39,0x65,0xff,0x80,
 0x2a,0x32,0x8c,0x00,0xd9,0xaa,0x0a,0xa9,0x1a,0x39,0x7b,0xb2,0x6b,0xb5,0x48,0xfb,
 0x0d,0x90,0xe0,0x97,0x0c,0xb6,0x49,0x03,0xec,0xaa,0x2a,0xa9,0x4a,0x59,0x7b,0xb0,
 0x6b,0xb1,0x38,0xfb,0x50,0x11,0x72,0x01,0x76,0x32,0x60,0x00,0xc8,0xaa,0x3a,0xa9,
 0x0a,0x19,0x7b,0xb5,0x6b,0xb2,0x48,0xfb,0xf4,0xc8,0xe0,0xa9,0x02,0x2a,0xb4,0x00,
 0xea,0xaa,0x0a,0xa9,0x2a,0x59,0x7b,0xb4,0x6b,0xb3,0x18,0xfb,0x21,0xcb,0x20,0xc2,
 0x8a,0x57,0x78,0x00,0xe3,0xaa,0x0a,0xa9,0x3a,0x49,0x7b,0xb2,0x6b,0xb5,0x18,0xfb,
 0x32,0xb8,0xc2,0x43,0x8f,0x16,0x7c,0x00,0xd1,0xaa,0x3a,0xa9,0x1a,0x29,0x7b,0xb4,
 0x6b,0xb5,0x08,0xfb,0x2e,0x18,0x26,0x03,0x06,0x29,0xb0,0x0b,0xc1,0xaa,0x5a,0xa9,
 0x1a,0x09,0x7b,0xb4,0x6b,0xb3,0x28,0xfb,0x32,0x70,0x80,0x92,0x04,0x33,0x70,0x08,
 0xe5,0xaa,0x2a,0xa9,0x5a,0x49,0x7b,0xb1,0x6b,0xb3,0x08,0xfb,0x54,0x94,0x51,0xb1,
 0x0c,0x1d,0x34,0x00,0xc2,0xaa,0x1a,0xa9,0x2a,0x09,0x7b,0xb5,0x6b,0xb4,0x38,0xfb,
 0x9e,0xc8,0x26,0x83,0x06,0x32,0x3c,0x00,0xd1,0xaa,0x0a,0xa9,0x1a,0x29,0x7b,0xb5,
 0x6b,0xb3,0x48,0xfb,0x18,0xc8,0x90,0x46,0xa7,0x73,0x78,0x00,0xe2,0xaa,0x3a,0xa9,
 0x2a,0x49,0x7b,0xb5,0x6b,0xb0,0x18,0xfb,0x32,0x94,0x40,0x42,0x03,0xbb,0x0c,0x0c,
 0xd5,0xaa,0x4a,0xa9,0x5a,0x29,0x7b,0xb1,0x6b,0xb3,0x08,0xfb,0x1e,0x94,0x2b,0x83,
 0x25,0x36,0x68,0x00,0xdc,0xaa,0xaa,0x64,0xb1,0x09,0x7b,0xb5,0xa8,0x73,0xb2,0xfb,
 0x75,0xc9,0xf0,0x00,0x27,0x1b,0x98,0x01,0xdd,0xaa,0x0a,0xa9,0x5a,0x39,0x7b,0xb2,
 0x6b,0xb4,0x18,0xfb,0x25,0x64,0x45,0x8b,0x06,0x63,0xcb,0x00,0xd1,0xaa,0x4a,0xa9,
 0x1a,0x29,0x7b,0xb3,0x6b,0xb0,0x58,0xfb,0x22,0x10,0xef,0x81,0x0c,0x74,0xa4,0x0b,
 0xe1,0xaa,0x5a,0xa9,0x1a,0x49,0x7b,0xb0,0x6b,0xb2,0x38,0xfb,0x8c,0xd9,0xd6,0x01,
 0x2a,0x12,0xc8,0x00,0xd8,0xaa,0x1a,0xa9,0x0a,0x39,0x7b,0xb4,0x6b,0xb2,0x58,0xfb,
 0x16,0xc8,0x20,0x81,0x98,0x00,0xa5,0x01,0xeb,0xaa,0x4a,0xa9,0x3a,0x59,0x7b,0xb2,
 0x6b,0xb0,0x18,0xfb,0x64,0x80,0x20,0xb1,0x0c,0x9b,0x68,0x00,0xe0,0xaa,0xaa,0x85,
 0xb2,0x09,0x6b,0x1a,0x39,0xbb,0x47,0xfb,0x0e,0x84,0x20,0x03,0x20,0x0c,0x41,0x0b,
 0xdd,0xaa,0x4a,0xa9,0x5a,0x39,0x7b,0xb0,0x6b,0xb1,0x28,0xfb,0xd7,0xb1,0x20,0xc3,
 0xb4,0x3c,0x54,0x00,0xe0,0xaa,0x3a,0xa9,0x0a,0x49,0x7b,0xb1,0x6b,0xb5,0x28,0xfb,
 0x32,0x58,0x10,0x81,0x44,0x9f,0xa5,0x01,0xec,0xaa,0x3a,0xa9,0x4a,0x59,0x7b,0xb2,
 0x6b,0xb1,0x08,0xfb,0x4c,0x5d,0x20,0x43,0x5e,0x50,0x54,0x00,0xe0,0xaa,0x3a,0xa9,
 0x0a,0x49,0x7b,0xb1,0x6b,0xb5,0x28,0xfb,0x02,0xa1,0x20,0xc3,0x0d,0x8e,0x33,0x00,
 0xdc,0xaa,0x0a,0xa9,0x4a,0x39,0x7b,0xb1,0x6b,0xb5,0x28,0xfb,0x40,0x44,0xc0,0x81,
 0x0c,0x9c,0x67,0x03,0xc4,0xaa,0x5a,0xa9,0x4a,0x09,0x7b,0xb2,0x6b,0xb1,0x38,0xfb,
 0x32,0x9c,0xe9,0x81,0x73,0x57,0x5c,0x00,0xe1,0xaa,0x3a,0xa9,0x1a,0x49,0x7b,0xb5,
 0x6b,0xb2,0x08,0xfb,0x32,0x50,0x41,0x41,0x32,0x6c,0x5b,0x00,0xcc,0xaa,0x3a,0xa9,
 0x4a,0x19,0x7b,0xb2,0x6b,0xb5,0x08,0xfb,0x10,0xcc,0x91,0x80,0x0c,0x8a,0x9d,0x00,
 0xc4,0xaa,0x1a,0xa9,0x4a,0x09,0x7b,0xb5,0x6b,0xb2,0x38,0xfb,0x14,0x84,0x22,0x90,
 0x0c,0x39,0x34,0x00,0xe2,0xaa,0x1a,0xa9,0x2a,0x49,0x7b,0xb5,0x6b,0xb0,0x38,0xfb,
 0x7c,0x78,0x80,0x0b,0x08,0x74,0xcb,0x00,0xc2,0xaa,0x4a,0xa9,0x2a,0x09,0x7b,0xb1,
 0x6b,0xb3,0x58,0xfb,0x5a,0xc8,0x00,0x01,0x9c,0x0f,0x65,0x00,0xc3,0xaa,0xaa,0x64,
 0xb3,0x59,0x7b,0x0a,0x19,0xbb,0x26,0xfb,0x32,0xe0,0x61,0xe0,0x07,0xc0,0x55,0x00,
 0xcc,0xaa,0x2a,0xa9,0x4a,0x19,0x7b,0xb5,0x6b,0xb3,0x08,0xfb,0x11,0x38,0x70,0x82,
 0x4f,0x32,0xcc,0x01,0xd3,0xaa,0x5a,0xa9,0x3a,0x29,0x7b,0xb0,0x6b,0xb1,0x48,0xfb,
 0x12,0x7d,0x23,0x83,0x02,0x25,0x20,0x01,0xe8,0xaa,0x1a,0xa9,0x0a,0x59,0x7b,0xb3,
 0x6b,0xb4,0x28,0xfb,0x20,0xc8,0x70,0xc1,0x26,0x12,0x7e,0x09,0xdc,0xaa,0x5a,0xa9,
 0x4a,0x39,0x7b,0xb2,0x6b,0xb0,0x18,0xfb,0xfc,0xf2,0x21,0x83,0xc0,0x20,0x7c,0x00,
 0xc8,0xaa,0x74,0xaa,0x90,0xb1,0xa6,0x93,0xb5,0xbb,0x28,0xfb,0xdd,0xc9,0xc0,0xcf,
 0x03,0x25,0x40,0x02,0xea,0xaa,0x0a,0xa9,0x2a,0x59,0x7b,0xb3,0x6b,0xb4,0x18,0xfb,
 0x32,0x48,0xd0,0x82,0x47,0x22,0xb8,0x09,0xe3,0xaa,0x5a,0xa9,0x3a,0x49,0x7b,0xb2,
 0x6b,0xb1,0x08,0xfb,0x69,0x64,0x2d,0x83,0x05,0x29,0x50,0x00,0xc5,0xaa,0x1a,0xa9,
 0x5a,0x09,0x7b,0xb4,0x6b,0xb3,0x28,0xfb,0x4d,0x87,0x20,0xc3,0x9b,0x78,0x64,0x00,
 0xe0,0xaa,0x3a,0xa9,0x0a,0x49,0x7b,0xb1,0x6b,0xb5,0x28,0xfb,0x17,0x10,0xd4,0x00,
 0x0c,0x32,0x4c,0x03,0xd9,0xaa,0x5a,0xa9,0x1a,0x39,0x7b,0xb0,0x6b,0xb2,0x48,0xfb,
 0x2e,0x48,0x38,0xc1,0x8c,0x24,0xc8,0x00,0xe1,0xaa,0x3a,0xa9,0x1a,0x49,0x7b,0xb0,
 0x6b,0xb2,0x58,0xfb,0xb4,0x70,0x5f,0x82,0x07,0x32,0x30,0x07,0xc5,0xaa,0x1a,0xa9,
 0x5a,0x09,0x7b,0xb3,0x6b,0xb2,0x48,0xfb,0x66,0x58,0x30,0xc2,0x97,0x32,0x9c,0x06,
 0xc5,0xaa,0x3a,0xa9,0x5a,0x09,0x7b,0xb1,0x6b,0xb2,0x48,0xfb,0x32,0x80,0x4f,0xc7,
 0xf9,0x1e,0xac,0x00,0xd1,0xaa,0x3a,0xa9,0x1a,0x29,0x7b,0xb5,0x6b,0xb4,0x08,0xfb,
 0x23,0x08,0x72,0xe6,0x06,0x13,0xcb,0x00,0xca,0xaa,0x4a,0xa9,0x2a,0x19,0x7b,0xb0,
 0x6b,0xb3,0x58,0xfb,0x20,0x8c,0x2d,0xa6,0x0c,0x5d,0x74,0x00,0xe1,0xaa,0x2a,0xa9,
 0x1a,0x49,0x7b,0xb5,0x6b,0xb0,0x38,0xfb,0x6c,0x21,0x31,0x01,0xc2,0x1f,0xc8,0x00,
 0xcb,0xaa,0x0a,0xa9,0x3a,0x19,0x7b,0xb4,0x6b,0xb2,0x58,0xfb,0x1c,0x9a,0x21,0x81,
 0x0c,0x27,0x88,0x0b,0xcd,0xaa,0x0a,0xa9,0x5a,0x19,0x7b,0xb4,0x6b,0xb2,0x38,0xfb,
 0x12,0xc8,0x50,0xa3,0x19,0x26,0x98,0x07,0xdd,0xaa,0x2a,0xa9,0x5a,0x39,0x7b,0xb4,
 0x6b,0xb0,0x18,0xfb,0x32,0x38,0x20,0x42,0x10,0x46,0xb0,0x06,0xdc,0xaa,0xaa,0x82,
 0xb3,0x49,0x7b,0x5a,0x19,0xbb,0x08,0xfb,0x32,0x0c,0x83,0x82,0x52,0x15,0x48,0x00,
 0xd3,0xaa,0x1a,0xa9,0x3a,0x29,0x7b,0xb5,0x6b,0xb4,0x08,0xfb,0x1c,0x88,0xbe,0x82,
 0x0c,0x6c,0x70,0x0e,0xe5,0xaa,0x1a,0xa9,0x5a,0x49,0x7b,0xb2,0x6b,0xb0,0x38,0xfb,
 0x7d,0x5a,0xa0,0x88,0x0c,0xb4,0x7c,0x00,0xe2,0xaa,0x0a,0xa9,0x2a,0x49,0x7b,0xb1,
 0x6b,0xb5,0x38,0xfb,0x32,0x5c,0x00,0x88,0xb6,0x21,0x60,0x00,0xd5,0xaa,0x3a,0xa9,
 0x5a,0x29,0x7b,0xb1,0x6b,0xb4,0x08,0xfb,0x21,0xcb,0x40,0x3e,0x1e,0x23,0x7c,0x00,
 0xda,0xaa,0x0a,0xa9,0x2a,0x39,0x7b,0xb4,0x6b,0xb5,0x18,0xfb,0x23,0x1c,0x20,0x03,
 0x8d,0x66,0xc8,0x00,0xe3,0xaa,0xaa,0x64,0xb2,0xa7,0x93,0xb1,0x8b,0xb0,0x59,0xfb,
 0x8a,0x47,0xb1,0x35,0x07,0x32,0xac,0x00,0xc8,0xaa,0x2a,0xa9,0x0a,0x19,0x7b,0xb5,
 0x6b,0xb3,0x48,0xfb,0x1d,0x74,0x2f,0x03,0x23,0x2a,0x9c,0x0e,0xdd,0xaa,0x1a,0xa9,
 0x5a,0x39,0x7b,0xb4,0x6b,0xb0,0x28,0xfb,0x51,0xf8,0x20,0x83,0x06,0x45,0x26,0x00,
 0xe9,0xaa,0xaa,0x94,0x2a,0x07,0xbb,0x36,0x8b,0xb1,0x59,0xfb,0x65,0x9c,0x3d,0x03,
 0x07,0x21,0x74,0x00,0xea,0xaa,0x3a,0x58,0x9b,0xaa,0x91,0xb2,0x47,0xbb,0x06,0xfb,
 0x5f,0x74,0xf0,0x94,0x05,0x8b,0x26,0x00,0xd8,0xaa,0x94,0xaa,0x3a,0x18,0x9b,0xb0,
 0x57,0xbb,0x26,0xfb,0x09,0xe4,0xb0,0x86,0x02,0x11,0xbc,0x0d,0xc1,0xaa,0x3a,0x08,
 0x9b,0xaa,0x95,0xb1,0x47,0xbb,0x26,0xfb,0x29,0x44,0x60,0xc1,0x09,0xcd,0xb6,0x02,
 0xc8,0xaa,0x94,0xaa,0x1a,0x38,0x9b,0xb0,0x27,0xbb,0x56,0xfb,0x1d,0x3c,0x70,0xa0,
 0x0d,0x83,0x40,0x00,0xeb,0xaa,0x92,0xaa,0x5a,0x08,0x9b,0xb3,0x17,0xbb,0x46,0xfb,
 0xda,0xcb,0x70,0xc2,0x07,0xe0,0xe2,0x01,0xec,0xaa,0x5a,0xa9,0x70,0xb1,0x6b,0x4a,
 0x29,0xbb,0x36,0xfb,0x19,0xc0,0x72,0x01,0x0a,0x82,0xff,0x00,0xc5,0xaa,0x94,0xaa,
 0x0a,0x38,0x9b,0xb5,0x27,0xbb,0x16,0xfb,0x7e,0x4d,0x00,0x88,0x05,0x27,0x64,0x00,
 0xec,0xaa,0x94,0xaa,0x5a,0x06,0x9b,0xb3,0x17,0xbb,0x26,0xfb,0x1f,0xec,0xd5,0x81,
 0x17,0x50,0x74,0x0d,0xc3,0xaa,0x95,0xaa,0x0a,0x48,0x9b,0xb3,0x27,0xbb,0x16,0xfb,
 0x20,0xf8,0x70,0x81,0xcb,0x32,0xc9,0x00,0xcb,0xaa,0x4a,0x16,0x6b,0xb3,0xa9,0x0a,
 0x59,0x6b,0xb2,0xfb,0xe3,0x63,0x50,0xc3,0x19,0x1f,0x6c,0x00,0xea,0xaa,0x1a,0x58,
 0x9b,0xaa,0x90,0xb2,0x47,0xbb,0x36,0xfb,0x0e,0x80,0xe0,0x44,0x10,0xbd,0x35,0x00,
 0xc2,0xaa,0x94,0xaa,0x5a,0x08,0x9b,0xb2,0x17,0xbb,0x36,0xfb,0x32,0x80,0x12,0x02,
 0x19,0x1a,0xb0,0x0c,0xcb,0xaa,0x5a,0xa9,0x74,0xb0,0x6b,0xb2,0xa8,0x73,0xb1,0xfb,
 0x4f,0x5c,0xd1,0xb0,0x02,0x1d,0x48,0x00,0xd9,0xaa,0xaa,0x70,0x5a,0x26,0xbb,0x19,
 0x6b,0xb3,0x48,0xfb,0x30,0x48,0x32,0x82,0x08,0x29,0x28,0x06,0xd0,0xaa,0xaa,0x75,
 0xb1,0xa9,0x70,0xb4,0x7b,0xb3,0x28,0xfb,0x56,0x68,0xe0,0xc2,0x2d,0x30,0x78,0x00,
 0xcc,0xaa,0x90,0xaa,0x4a,0x37,0x9b,0xb5,0x16,0xbb,0x26,0xfb,0xb4,0x7c,0xe0,0x81,
 0x0c,0xae,0x9f,0x0b,0xc4,0xaa,0x71,0xaa,0x95,0xb2,0xa6,0x94,0xb0,0xbb,0x38,0xfb,
 0x96,0x7b,0xa0,0x05,0x04,0x32,0xa4,0x04,0xd0,0xaa,0x73,0xaa,0x65,0xb0,0x29,0xbb,
 0xa8,0x74,0xb1,0xfb,0x1a,0xf0,0xd4,0xc0,0xa9,0x07,0x30,0x01,0xd5,0x3a,0xa9,0xaa,
 0x62,0xb1,0xa9,0x75,0xb0,0x6b,0xb4,0xfb,0x13,0x1c,0x40,0x03,0x14,0x84,0xf1,0x00,
 0xcd,0xaa,0x94,0xaa,0x2a,0x18,0x9b,0xb5,0x07,0xbb,0x36,0xfb,0x48,0xac,0x3d,0x82,
 0x07,0x33,0x68,0x03,0xd0,0xaa,0x91,0xaa,0x2a,0x48,0x9b,0xb0,0x37,0xbb,0x56,0xfb,
 0x64,0x34,0x30,0x42,0xd5,0x45,0xc8,0x00,0xcd,0xaa,0x1a,0x48,0x9b,0xaa,0x93,0xb5,
 0x27,0xbb,0x06,0xfb,0xd4,0x9a,0xa2,0x81,0x0e,0x11,0x60,0x00,0xeb,0xaa,0x90,0xaa,
 0x5a,0x28,0x9b,0xb3,0x47,0xbb,0x16,0xfb,0x65,0x54,0xa1,0x01,0x05,0x14,0x10,0x0b,
 0xd1,0xaa,0x95,0xaa,0x3a,0x28,0x9b,0xb1,0x47,0xbb,0x06,0xfb,0x32,0x08,0x21,0x42,
 0x06,0xce,0x5a,0x03,0xcd,0xaa,0xaa,0x72,0xb1,0xa6,0x94,0xb3,0x8b,0xb0,0x56,0xfb,
 0x23,0x80,0x51,0x3e,0x17,0x1b,0x38,0x00,0xeb,0xaa,0x92,0xaa,0x5a,0x08,0x9b,0xb3,
 0x47,0xbb,0x16,0xfb,0x9b,0x74,0x2e,0xc3,0x02,0x22,0xc8,0x00,0xd1,0xaa,0xaa,0x91,
 0xb2,0x37,0x8b,0xb4,0xa7,0x60,0xb5,0xfb,0x5e,0x28,0x10,0x02,0xa3,0x14,0x2c,0x00,
 0xcd,0xaa,0xaa,0x93,0xb4,0x27,0x8b,0x1a,0x58,0xbb,0x06,0xfb,0x21,0x88,0x70,0xa9,
 0x0c,0x64,0x8f,0x01,0xea,0xaa,0x71,0xaa,0x92,0xb5,0xa6,0x94,0xb0,0xbb,0x38,0xfb,
 0x82,0xa1,0xe1,0xc1,0x04,0x51,0x80,0x00,0xec,0xaa,0x90,0xaa,0x2a,0x58,0x9b,0xb4,
 0x37,0xbb,0x16,0xfb,0x53,0x40,0x71,0xd1,0x05,0x12,0x8c,0x01,0xe5,0xaa,0x92,0xaa,
 0x4a,0x18,0x9b,0xb5,0x37,0xbb,0x06,0xfb,0x22,0xc8,0x20,0x01,0x07,0x2e,0x16,0x03,
 0xc4,0xaa,0x65,0xb3,0xa8,0x70,0xaa,0x61,0xb4,0x29,0xbb,0xfb,0x16,0x14,0xc0,0x4c,
 0x11,0xcd,0x5b,0x00,0xc8,0xaa,0x94,0xaa,0x1a,0x38,0x9b,0xb0,0x57,0xbb,0x26,0xfb,
 0x9c,0x10,0x31,0x82,0x07,0xae,0xcb,0x00,0xc8,0xaa,0x61,0xb4,0xa9,0x0a,0x39,0x6b,
 0x5a,0x27,0xbb,0xfb,0x22,0x0c,0x51,0xd0,0x04,0x28,0xa8,0x02,0xdc,0xaa,0x92,0xaa,
 0x3a,0x18,0x9b,0xb4,0x07,0xbb,0x56,0xfb,0x38,0x84,0xc0,0x4a,0x0f,0x26,0xb0,0x0e,
 0xcb,0xaa,0x95,0xaa,0x1a,0x08,0x9b,0xb3,0x47,0xbb,0x26,0xfb,0x5c,0x5c,0x20,0x82,
 0x11,0x6f,0x52,0x01,0xcd,0xaa,0xaa,0x1a,0x09,0x6b,0xb2,0x58,0x6b,0xb4,0x39,0xfb,
 0x16,0xe8,0xe5,0x93,0x0c,0x42,0x5c,0x00,0xe2,0xaa,0x75,0xaa,0x92,0xb4,0xa6,0x91,
 0xb0,0xbb,0x38,0xfb,0x0d,0xe0,0x60,0x44,0x07,0x50,0x38,0x06,0xc4,0xaa,0x95,0xaa,
 0x0a,0x18,0x9b,0xb4,0x37,0xbb,0x26,0xfb,0x12,0xc4,0x30,0x01,0x94,0xae,0xf8,0x00,
 0xc5,0xaa,0x93,0xaa,0x0a,0x18,0x9b,0xb5,0x27,0xbb,0x46,0xfb,0x14,0xf8,0x85,0xcf,
 0x0d,0x53,0x38,0x00,0xc4,0xaa,0x62,0xb1,0xa9,0xaa,0x73,0xb4,0x09,0x6b,0xb5,0xfb,
 0x36,0xa0,0x80,0xc7,0x02,0xd1,0x52,0x00,0xdd,0xaa,0x5a,0xa7,0x90,0xb2,0x8b,0xb1,
 0xa7,0x63,0xb4,0xfb,0x3f,0x4f,0xb0,0x84,0x03,0x63,0x54,0x02,0xdc,0xaa,0x3a,0x28,
 0x9b,0xaa,0x90,0xb4,0x17,0xbb,0x56,0xfb,0x1d,0xa4,0xd0,0x40,0x2b,0x93,0x13,0x01,
 0xd1,0xaa,0x94,0xaa,0x2a,0x58,0x9b,0xb1,0x07,0xbb,0x36,0xfb,0x1e,0x85,0xd1,0xc0,
 0x24,0x41,0x3c,0x00,0xe9,0xaa,0x5a,0x48,0x9b,0xaa,0x90,0xb1,0x27,0xbb,0x36,0xfb,
 0x20,0x88,0x01,0xc1,0x05,0x93,0x27,0x00,0xda,0xaa,0x94,0xaa,0x3a,0x58,0x9b,0xb2,
 0x07,0xbb,0x16,0xfb,0x1a,0x8c,0x05,0x85,0x13,0x28,0x20,0x01,0xc5,0xaa,0x91,0xaa,
 0x0a,0x38,0x9b,0xb5,0x47,0xbb,0x26,0xfb,0x06,0x84,0x16,0xc4,0x08,0x42,0xdc,0x00,
 0xc5,0xaa,0xaa,0x91,0xb0,0x47,0x8b,0x2a,0x37,0xbb,0x57,0xfb,0x4c,0x6c,0x51,0x41,
 0x08,0x94,0x86,0x00,0xd9,0xaa,0x94,0xaa,0x2a,0x38,0x9b,0xb1,0x57,0xbb,0x06,0xfb,
 0x1f,0x3c,0x6c,0xc0,0x09,0x59,0x1c,0x01,0xd3,0xaa,0x2a,0x58,0x9b,0xaa,0x91,0xb3,
 0x07,0xbb,0x46,0xfb,0x16,0x60,0x19,0x89,0x07,0x06,0xca,0x00,0xd1,0xaa,0xaa,0x3a,
 0x48,0x9b,0xb1,0x07,0x8b,0xb5,0x27,0xfb,0x66,0x7f,0x15,0x01,0x18,0x64,0x7c,0x00,
 0xd8,0xaa,0x1a,0xa9,0x0a,0x39,0x7b,0xb5,0x6b,0xb2,0x48,0xfb,0xc5,0xb2,0xc1,0x05,
 0x06,0x20,0x90,0x01,0xd1,0xaa,0x0a,0xa9,0x1a,0x29,0x7b,0xb4,0x6b,0xb3,0x58,0xfb,
 0x22,0x64,0x48,0xc6,0x04,0x5a,0xdc,0x05,0xe5,0xaa,0x1a,0xa9,0x5a,0x49,0x7b,0xb0,
 0x6b,0xb3,0x28,0xfb,0x33,0x28,0x45,0x86,0x04,0x09,0xac,0x00,0xc1,0xaa,0x5a,0xa9,
 0x1a,0x09,0x7b,0xb4,0x6b,0xb3,0x28,0xfb,0x48,0x80,0x50,0x02,0x19,0x3a,0x8d,0x0f,
 0xc4,0xaa,0x5a,0xa9,0x4a,0x09,0x7b,0xb1,0x6b,0xb2,0x38,0xfb,0x48,0x04,0xa2,0x3b,
 0x06,0x64,0x34,0x00,0xc2,0xaa,0x1a,0xa9,0x2a,0x09,0x7b,0xb3,0x6b,0xb5,0x48,0xfb,
 0xaf,0x68,0x46,0x02,0x04,0xee,0x92,0x01,0xc4,0xaa,0x1a,0xa9,0x4a,0x09,0x7b,0xb3,
 0x6b,0xb2,0x58,0xfb,0x1c,0x90,0x51,0xc2,0xee,0x3e,0x61,0x03,0xec,0xaa,0x3a,0xa9,
 0x4a,0x59,0x7b,0xb0,0x6b,0xb2,0x18,0xfb,0x21,0xc8,0x4d,0x86,0x16,0x10,0x30,0x00,
 0xd9,0xaa,0x0a,0xa9,0x1a,0x39,0x7b,0xb5,0x6b,0xb4,0x28,0xfb,0x36,0x98,0xa4,0x40,
 0x40,0x22,0x90,0x01,0xc1,0xaa,0x3a,0xa9,0x1a,0x09,0x7b,0xb4,0x6b,0xb2,0x58,0xfb,
 0x78,0x90,0xf1,0x01,0x04,0xd8,0xa9,0x05,0xc4,0xaa,0x2a,0x58,0x7b,0xb4,0xa9,0x0a,
 0x39,0x6b,0xb1,0xfb,0x64,0x38,0xa0,0xc1,0x7b,0xb9,0x2c,0x01,0xeb,0xaa,0x4a,0xa9,
 0x3a,0x59,0x7b,0xb1,0x6b,0xb2,0x08,0xfb,0x12,0x80,0x42,0x46,0x15,0x01,0x45,0x00,
 0xd9,0xaa,0x70,0xaa,0x91,0xb3,0xa6,0x94,0xb5,0xbb,0x28,0xfb,0x16,0x74,0x4b,0x06,
 0x37,0x25,0xa4,0x01,0xeb,0xaa,0x1a,0xa9,0x3a,0x59,0x7b,0xb4,0x6b,0xb0,0x28,0xfb,
 0xe4,0x5f,0xf0,0x41,0x6e,0x78,0x90,0x01,0xe0,0xaa,0x3a,0xa9,0x0a,0x49,0x7b,0xb1,
 0x6b,0xb2,0x58,0xfb,0xd2,0x90,0x81,0x00,0x09,0xc4,0x8a,0x02,0xc4,0xaa,0x5a,0xa9,
 0x4a,0x09,0x7b,0xb2,0x6b,0xb3,0x18,0xfb,0x1c,0xd0,0x56,0x01,0x1e,0x64,0xa0,0x0b,
 0xdd,0xaa,0x1a,0xa9,0x5a,0x39,0x7b,0xb0,0x6b,0xb2,0x48,0xfb,0x64,0xf4,0x77,0x01,
 0x06,0x3c,0x14,0x01,0xec,0xaa,0x73,0xaa,0x91,0xb2,0xa6,0x94,0xb5,0xbb,0x08,0xfb,
 0x30,0x90,0xd1,0x80,0x8b,0x19,0x84,0x00,0xc3,0xaa,0x5a,0xa9,0x3a,0x09,0x7b,0xb2,
 0x6b,0xb4,0x18,0xfb,0x64,0x18,0x74,0x01,0xea,0x13,0x10,0x02,0xeb,0xaa,0x1a,0xa9,
 0x3a,0x59,0x7b,0xb4,0x6b,0xb2,0x08,0xfb,0x25,0x90,0xe1,0xc0,0xa3,0x5e,0x05,0x01,
 0xeb,0xaa,0x80,0xb5,0xa9,0xaa,0x64,0xb3,0x19,0x6b,0xb2,0xfb,0x64,0x20,0x41,0x32,
 0x0e,0x1d,0x78,0x00,0xd9,0xaa,0x2a,0xa9,0x1a,0x39,0x7b,0xb5,0x6b,0xb4,0x08,0xfb,
 0x64,0x9c,0x90,0x00,0x04,0x71,0x38,0x06,0xdd,0xaa,0x4a,0xa9,0x5a,0x39,0x7b,0xb1,
 0x6b,0xb2,0x08,0xfb,0xfa,0x0a,0x01,0xcd,0x05,0x64,0x54,0x00,0xc8,0xaa,0x2a,0xa9,
 0x0a,0x19,0x7b,0xb5,0x6b,0xb3,0x48,0xfb,0x8c,0x90,0x41,0xc8,0xa6,0x24,0x50,0x00,
 0xc2,0xaa,0x3a,0xa9,0x2a,0x09,0x7b,0xb5,0x6b,0xb4,0x18,0xfb,0x7a,0xcf,0xb1,0x02,
 0x19,0x2b,0x63,0x00,0xc8,0xaa,0x4a,0xa9,0x0a,0x19,0x7b,0xb2,0x6b,0xb5,0x38,0xfb,
 0x1c,0xc4,0x47,0x5a,0x05,0x64,0x88,0x02,0xea,0xaa,0x1a,0xa9,0x2a,0x59,0x7b,0xb3,
 0x6b,0xb0,0x48,0xfb,0x45,0x28,0x81,0x01,0x19,0x07,0x14,0x04,0xc5,0xaa,0x1a,0xa9,
 0x5a,0x09,0x7b,0xb4,0x6b,0xb2,0x38,0xfb,0xe0,0x8f,0x40,0x02,0xf4,0x64,0x20,0x02,
 0xe8,0xaa,0x3a,0xa9,0x0a,0x59,0x7b,0xb2,0x6b,0xb1,0x48,0xfb,0x1e,0xb8,0x42,0x02,
 0x4e,0x64,0x80,0x0f,0xcb,0xaa,0x5a,0xa9,0x3a,0x19,0x7b,0xb2,0x6b,0xb0,0x48,0xfb,
 0x8c,0x90,0x4f,0x95,0x09,0x64,0x74,0x00,0xc2,0xaa,0x1a,0xa9,0x2a,0x09,0x7b,0xb3,
 0x6b,0xb5,0x48,0xfb,0x40,0x4c,0x10,0x02,0x12,0x64,0xf0,0x08,0xc3,0xaa,0x5a,0xa9,
 0x3a,0x09,0x7b,0xb1,0x6b,0xb2,0x48,0xfb,0x4e,0x80,0xc0,0x0c,0xbf,0x1b,0x90,0x01,
 0xc2,0xaa,0xaa,0x93,0x5a,0x17,0xbb,0x46,0x8b,0xb2,0x09,0xfb,0xe3,0x6f,0x40,0x46,
 0x09,0xb4,0x14,0x0c,0xe0,0xaa,0x5a,0xa9,0x0a,0x49,0x7b,0xb1,0x6b,0xb3,0x28,0xfb,
 0x0d,0xb8,0x11,0x0c,0x19,0xd1,0x5d,0x00,0xcc,0xaa,0x2a,0xa9,0x4a,0x19,0x7b,0xb0,
 0x6b,0xb5,0x38,0xfb,0x0b,0xa4,0x41,0x06,0x33,0x16,0x1c,0x02,0xcd,0xaa,0x3a,0xa9,
 0x5a,0x19,0x7b,0xb0,0x6b,0xb4,0x28,0xfb,0xf9,0x7c,0xe0,0x74,0x03,0x64,0xd0,0x02,
 0xea,0xaa,0x0a,0xa9,0x2a,0x59,0x7b,0xb3,0x6b,0xb1,0x48,0xfb,0x22,0x25,0xb0,0x09,
 0x08,0x64,0x74,0x03,0xd0,0xaa,0x5a,0xa9,0x0a,0x29,0x7b,0xb1,0x6b,0xb3,0x48,0xfb,
 0x1d,0xaa,0x89,0x0a,0x19,0x17,0x74,0x00,0xd1,0xaa,0x0a,0xa9,0x1a,0x29,0x7b,0xb4,
 0x6b,0xb5,0x38,0xfb,0xd8,0xfb,0x98,0xc2,0x06,0x34,0x90,0x01,0xe0,0xaa,0x1a,0xa9,
 0x0a,0x49,0x7b,0xb2,0x6b,0xb3,0x58,0xfb,0x01,0xf9,0xed,0x00,0x19,0x1e,0xb8,0x02,
 0xe9,0xaa,0x0a,0xa9,0x1a,0x59,0x7b,0xb2,0x6b,0xb4,0x38,0xfb,0x4e,0x28,0x26,0x02,
 0x48,0x0e,0x90,0x01,0xc3,0xaa,0x1a,0xa9,0x3a,0x09,0x7b,0xb2,0x6b,0xb4,0x58,0xfb,
 0x21,0xd4,0x4b,0x06,0x10,0x26,0x58,0x0e,0xdd,0xaa,0x1a,0xa9,0x5a,0x39,0x7b,0xb4,
 0x6b,0xb0,0x28,0xfb,0x93,0x93,0x31,0xf7,0x06,0x82,0xa4,0x00,0xe0,0xaa,0x2a,0xa9,
 0x0a,0x49,0x7b,0xb5,0x6b,0xb3,0x18,0xfb,0x4b,0x90,0x11,0x41,0x33,0xd6,0x40,0x00,
 0xc3,0xaa,0x4a,0xa9,0x3a,0x09,0x7b,0xb2,0x6b,0xb5,0x18,0xfb,0x64,0x70,0xc0,0x42,
 0xe9,0x51,0xf4,0x0b,0xe5,0xaa,0x3a,0xa9,0x5a,0x49,0x7b,0xb2,0x6b,0xb1,0x08,0xfb,
 0xf8,0x6a,0xc0,0xd3,0x04,0x5a,0x90,0x01,0xe0,0xaa,0x2a,0xa9,0x0a,0x49,0x7b,0xb1,
 0x6b,0xb3,0x58,0xfb,0x88,0x94,0x00,0x01,0x24,0x64,0x78,0x08,0xd8,0xaa,0x5a,0xa9,
 0x0a,0x39,0x7b,0xb2,0x6b,0xb1,0x48,0xfb,0x26,0x90,0x61,0x1d,0x0f,0x0b,0x34,0x00,
 0xda,0xaa,0xaa,0x2a,0x19,0x6b,0xb5,0x38,0x6b,0xb0,0x49,0xfb,0xc5,0xbf,0x02,0x0c,
 0x09,0x0b,0x90,0x01,0xc8,0xaa,0x2a,0xa9,0x0a,0x19,0x7b,0xb4,0x6b,0xb3,0x58,0xfb,
 0xcc,0x48,0x30,0x02,0x19,0x57,0x3a,0x01,0xc5,0xaa,0x4a,0xa9,0x5a,0x09,0x7b,0xb1,
 0x6b,0xb2,0x38,0xfb,0x16,0x7c,0x80,0x47,0x7c,0x8c,0x92,0x01,0xd4,0xaa,0x3a,0xa9,
 0x4a,0x29,0x7b,0xb0,0x6b,0xb1,0x58,0xfb,0x0f,0x90,0xc1,0x7c,0x11,0x15,0x60,0x00,
 0xda,0xaa,0x4a,0xa9,0x2a,0x39,0x7b,0xb0,0x6b,0xb5,0x18,0xfb,0x64,0xc8,0x61,0x0b,
 0x05,0x0d,0x18,0x06,0xcd,0xaa,0x2a,0xa9,0x5a,0x19,0x7b,0xb4,0x6b,0xb3,0x08,0xfb,
 0x76,0x6c,0x80,0x1b,0x19,0x0d,0xd0,0x00,0xea,0xaa,0x0a,0xa9,0x2a,0x59,0x7b,0xb4,
 0x6b,0xb1,0x38,0xfb,0x1f,0x9c,0xa0,0x45,0xe0,0x67,0x93,0x01,0xd3,0xaa,0x4a,0xa9,
 0x3a,0x29,0x7b,0xb1,0x6b,0xb0,0x58,0xfb,0x64,0x6c,0xf2,0x24,0x08,0xc7,0x59,0x00,
 0xcc,0xaa,0x2a,0xa9,0x4a,0x19,0x7b,0xb5,0x6b,0xb3,0x08,0xfb,0x4b,0x8c,0x87,0x16,
 0x04,0x25,0x90,0x01,0xc2,0xaa,0x1a,0xa9,0x2a,0x09,0x7b,0xb4,0x6b,0xb3,0x58,0xfb,
 0x78,0x14,0xf3,0x01,0x19,0x14,0x2e,0x00,0xc4,0xaa,0x1a,0xa9,0x4a,0x09,0x7b,0xb5,
 0x6b,0xb2,0x38,0xfb,0x2b,0x30,0x20,0x10,0x19,0x42,0xb8,0x06,0xe2,0xaa,0x5a,0xa9,
 0x2a,0x49,0x7b,0xb0,0x6b,0xb1,0x38,0xfb,0x27,0x90,0xa1,0xbc,0x08,0x7a,0x0a,0x01,
 0xec,0xaa,0x2a,0xa9,0x4a,0x59,0x7b,0xb0,0x6b,0xb3,0x18,0xfb,0x8e,0xf2,0x40,0x46,
 0x41,0x25,0x2c,0x00,0xc8,0xaa,0x3a,0xa9,0x0a,0x19,0x7b,0xb4,0x6b,0xb5,0x28,0xfb,
 0x64,0xf8,0xdc,0x41,0x09,0x58,0x43,0x02,0xec,0xaa,0x1a,0xa9,0x4a,0x59,0x7b,0xb2,
 0x6b,0xb3,0x08,0xfb,0x85,0x5e,0xe1,0x01,0x19,0x21,0xa0,0x0e,0xcd,0xaa,0x0a,0xa9,
 0x5a,0x19,0x7b,0xb4,0x6b,0xb2,0x38,0xfb,0x18,0x34,0x40,0x46,0x0b,0xd8,0xc2,0x02,
 0xc4,0xaa,0x5a,0xa9,0x4a,0x09,0x7b,0xb3,0x6b,0xb1,0x28,0xfb,0x0a,0x8c,0x20,0x34,
 0x19,0xcc,0x24,0x03,0xe2,0xaa,0x5a,0xa9,0x2a,0x49,0x7b,0xb0,0x6b,0xb1,0x38,0xfb,
 0xd6,0x8f,0x80,0x34,0x33,0x21,0x90,0x01,0xda,0xaa,0x0a,0xa9,0x2a,0x39,0x7b,0xb4,
 0x6b,0xb1,0x58,0xfb,0xce,0x8f,0xa0,0x4a,0x08,0x64,0x90,0x0b,0xd5,0xaa,0x0a,0xa9,
 0x5a,0x29,0x7b,0xb3,0x6b,0xb1,0x48,0xfb,0x33,0x48,0x40,0x46,0x35,0xb8,0x3c,0x00,
 0xc3,0xaa,0x4a,0xa9,0x3a,0x09,0x7b,0xb5,0x6b,0xb1,0x28,0xfb,0x61,0x93,0x41,0x72,
 0x0a,0x68,0x6c,0x00,0xe2,0xaa,0x0a,0xa9,0x2a,0x49,0x7b,0xb3,0x6b,0xb5,0x18,0xfb,
 0x14,0x58,0x69,0x13,0x19,0xa5,0x88,0x00,0xe2,0xaa,0x1a,0xa9,0x2a,0x49,0x7b,0xb0,
 0x6b,0xb5,0x38,0xfb,0x0c,0xdc,0xf0,0x41,0x65,0x04,0x91,0x01,0xcb,0xaa,0x4a,0xa9,
 0x3a,0x19,0x7b,0xb2,0x6b,0xb0,0x58,0xfb,0xae,0x78,0xb0,0x0f,0x0f,0x09,0x90,0x01,
 0xc3,0xaa,0x2a,0xa9,0x3a,0x09,0x7b,0xb4,0x6b,0xb1,0x58,0xfb,0x14,0x90,0x71,0x40,
 0x11,0x72,0x00,0x06,0xe5,0xaa,0x3a,0xa9,0x5a,0x49,0x7b,0xb2,0x6b,0xb0,0x18,0xfb,
 0x13,0x00,0x85,0x04,0x19,0x1d,0xe8,0x06,0xd1,0xaa,0x5a,0xa9,0x1a,0x29,0x7b,0xb4,
 0x6b,0xb0,0x38,0xfb,0x18,0x88,0x9e,0xb5,0x22,0x2c,0x90,0x01,0xd9,0xaa,0x2a,0xa9,
 0x1a,0x39,0x7b,0xb4,0x6b,0xb0,0x58,0xfb,0xc1,0xde,0x40,0x06,0x3d,0x0c,0x8c,0x00,
 0xc8,0xaa,0x3a,0xa9,0x0a,0x19,0x7b,0xb5,0x6b,0xb4,0x28,0xfb,0x1e,0xa4,0x51,0x05,
 0x19,0x12,0xa4,0x07,0xd1,0xaa,0x5a,0xa9,0x1a,0x29,0x7b,0xb0,0x6b,0xb4,0x38,0xfb,
 0x13,0xf8,0x9d,0x01,0x19,0x2d,0xb1,0x01,0xe9,0xaa,0x4a,0xa9,0x1a,0x59,0x7b,0xb2,
 0x6b,0xb0,0x38,0xfb,0x64,0xbc,0xc7,0x80,0x20,0xd5,0x6c,0x00,0xd9,0xaa,0x4a,0xa9,
 0x1a,0x39,0x7b,0xb2,0x6b,0xb5,0x08,0xfb,0x24,0x90,0x61,0x71,0x05,0x41,0xbe,0x02,
 0xea,0xaa,0x4a,0xa9,0x2a,0x59,0x7b,0xb3,0x6b,0xb0,0x18,0xfb,0xb1,0xbb,0x10,0x01,
 0x14,0x64,0x8c,0x08,0xd8,0xaa,0x5a,0xa9,0x0a,0x39,0x7b,0xb1,0x6b,0xb2,0x48,0xfb,
 0x0c,0x64,0x22,0x84,0x04,0x0e,0x91,0x01,0xd4,0xaa,0xaa,0x5a,0x16,0x9b,0xb2,0x37,
 0x8b,0xb0,0x46,0xfb,0x11,0x90,0x00,0x06,0x19,0x0a,0x12,0x05,0xd5,0xaa,0x4a,0xa9,
 0x5a,0x29,0x7b,0xb1,0x6b,0xb0,0x38,0xfb,0x1c,0xc4,0x2c,0x0a,0x19,0xbc,0x85,0x00,
 0xd4,0xaa,0x1a,0xa9,0x4a,0x29,0x7b,0xb5,0x6b,0xb0,0x38,0xfb,0x17,0x40,0x0f,0x89,
 0x0b,0x58,0x90,0x01,0xe2,0xaa,0x1a,0xa9,0x2a,0x49,0x7b,0xb3,0x6b,0xb0,0x58,0xfb,
 0x34,0x80,0x45,0x46,0x03,0xa2,0x6c,0x00,0xc1,0xaa,0x4a,0xa9,0x1a,0x09,0x7b,0xb3,
 0x6b,0xb5,0x28,0xfb,0x64,0x54,0x51,0x82,0x04,0x0b,0x4a,0x08,0xcd,0xaa,0x4a,0xa9,
 0x5a,0x19,0x7b,0xb2,0x6b,0xb3,0x08,0xfb,0x64,0x04,0x46,0x85,0x05,0x1d,0x00,0x0e,
 0xd5,0xaa,0x1a,0xa9,0x5a,0x29,0x7b,0xb4,0x6b,0xb3,0x08,0xfb,0x57,0x78,0xd0,0x42,
 0xf8,0x64,0x38,0x0f,0xc3,0xaa,0x5a,0xa9,0x3a,0x09,0x7b,0xb2,0x6b,0xb1,0x48,0xfb,
 0xa2,0x70,0x60,0xea,0x6a,0x64,0x50,0x00,0xc2,0xaa,0x3a,0xa9,0x2a,0x09,0x7b,0xb5,
 0x6b,0xb1,0x48,0xfb,0x50,0x38,0x9a,0x02,0xa6,0x64,0x54,0x00,0xc3,0xaa,0x1a,0xa9,
 0x3a,0x09,0x7b,0xb2,0x6b,0xb5,0x48,0xfb,0x1f,0x14,0x4d,0x46,0x29,0x96,0x74,0x00,
 0xe3,0xaa,0x1a,0xa9,0x3a,0x49,0x7b,0xb5,0x6b,0xb0,0x28,0xfb,0x64,0x84,0xa0,0xc5,
 0x73,0x10,0x00,0x03,0xd5,0xaa,0x3a,0xa9,0x5a,0x29,0x7b,0xb1,0x6b,0xb4,0x08,0xfb,
 0x91,0x4c,0xd0,0x1d,0x0c,0x11,0x90,0x01,0xda,0xaa,0x0a,0xa9,0x2a,0x39,0x7b,0xb1,
 0x6b,0xb4,0x58,0xfb,0x3c,0x70,0x30,0x16,0x19,0x1f,0x28,0x0f,0xc5,0xaa,0xaa,0x63,
 0xb5,0xa9,0x74,0xb1,0x7b,0xb2,0x08,0xfb,0x21,0xc8,0x11,0x17,0x19,0x25,0x30,0x00,
 0xc1,0xaa,0x2a,0xa9,0x1a,0x09,0x7b,0xb4,0x6b,0xb5,0x38,0xfb,0x6f,0x80,0x60,0x41,
 0x02,0x04,0x91,0x01,0xcc,0xaa,0x0a,0xa9,0x4a,0x19,0x7b,0xb2,0x6b,0xb3,0x58,0xfb,
 0x19,0x70,0x10,0x05,0x19,0x2d,0x53,0x06,0xd4,0xaa,0x5a,0xa9,0x4a,0x29,0x7b,0xb0,
 0x6b,0xb1,0x38,0xfb,0x64,0x34,0xa0,0xd7,0x15,0x18,0x5c,0x00,0xe2,0xaa,0x3a,0xa9,
 0x2a,0x49,0x7b,0xb5,0x6b,0xb1,0x08,0xfb,0x0d,0x60,0xa0,0x82,0xb5,0x8d,0x90,0x01,
 0xcb,0xaa,0x4a,0xa9,0x3a,0x19,0x7b,0xb2,0x6b,0xb0,0x58,0xfb,0xd2,0x33,0x5f,0x02,
 0x21,0x22,0x90,0x01,0xd9,0xaa,0x0a,0xa9,0x1a,0x39,0x7b,0xb2,0x6b,0xb4,0x58,0xfb,
 0x1b,0x33,0x47,0x06,0x23,0x24,0x68,0x00,0xd9,0xaa,0x0a,0xa9,0x1a,0x39,0x7b,0xb5,
 0x6b,0xb4,0x28,0xfb,0xaa,0xc0,0x3e,0x02,0x0a,0x1c,0x90,0x01,0xc3,0xaa,0x1a,0xa9,
 0x3a,0x09,0x7b,0xb4,0x6b,0xb2,0x58,0xfb,0x12,0xa8,0x49,0x86,0x19,0xa6,0xae,0x00,
 0xdc,0xaa,0x1a,0xa9,0x4a,0x39,0x7b,0xb5,0x6b,0xb0,0x28,0xfb,0x0e,0xa0,0x43,0x06,
 0xb8,0x20,0xd0,0x00,0xeb,0xaa,0x1a,0xa9,0x3a,0x59,0x7b,0xb4,0x6b,0xb0,0x28,0xfb,
 0x42,0x88,0xd0,0x09,0x67,0x0b,0x90,0x01,0xc3,0xaa,0x2a,0xa9,0x3a,0x09,0x7b,0xb4,
 0x6b,0xb1,0x58,0xfb,0x1e,0x88,0xc2,0x41,0xc4,0x64,0xb8,0x02,0xe9,0xaa,0x3a,0xa9,
 0x1a,0x59,0x7b,0xb2,0x6b,0xb0,0x48,0xfb,0xba,0xb0,0x31,0x41,0xa3,0x64,0x98,0x00,
 0xc8,0xaa,0x3a,0xa9,0x0a,0x19,0x7b,0xb5,0x6b,0xb2,0x48,0xfb,0x64,0x5c,0xb0,0xbb,
 0x6b,0x1c,0x1c,0x02,0xea,0xaa,0x3a,0xa9,0x2a,0x59,0x7b,0xb1,0x6b,0xb4,0x08,0xfb,
 0x64,0x40,0x52,0x01,0x6f,0x19,0xa0,0x05,0xcd,0xaa,0x3a,0xa9,0x5a,0x19,0x7b,0xb2,
 0x6b,0xb4,0x08,0xfb,0x96,0x9c,0x40,0xfd,0x07,0xb6,0x93,0x01,0xc4,0xaa,0x2a,0xa9,
 0x4a,0x09,0x7b,0xb1,0x6b,0xb3,0x58,0xfb,0x64,0x14,0xd5,0x42,0x05,0x43,0x93,0x01,
 0xc1,0xaa,0x4a,0xa9,0x1a,0x09,0x7b,0xb2,0x6b,0xb3,0x58,0xfb,0x30,0x30,0xdc,0x00,
 0x19,0x22,0x54,0x03,0xc1,0xaa,0x5a,0xa9,0x1a,0x09,0x7b,0xb4,0x6b,0xb2,0x38,0xfb,
 0xd9,0x92,0xe1,0x40,0x17,0x19,0x20,0x01,0xe8,0xaa,0x0a,0xa9,0x71,0xb3,0x7b,0x4a,
 0x56,0xbb,0x28,0xfb,0x08,0x78,0x40,0x1c,0x1d,0x77,0x90,0x01,0xda,0xaa,0x4a,0xa9,
 0x2a,0x39,0x7b,0xb0,0x6b,0xb1,0x58,0xfb,0x1c,0x90,0xf1,0xf2,0x21,0xe6,0xaf,0x00,
 0xda,0xaa,0x4a,0xa9,0x2a,0x39,0x7b,0xb5,0x6b,0xb0,0x18,0xfb,0xd8,0x48,0x50,0xc2,
 0x8f,0x64,0xd8,0x06,0xc5,0xaa,0x3a,0xa9,0x5a,0x09,0x7b,0xb1,0x6b,0xb2,0x48,0xfb,
 0x64,0xb4,0x60,0xa2,0x0b,0x18,0x28,0x0f,0xdd,0xaa,0xaa,0x3a,0x57,0x9b,0xb4,0x16,
 0x8b,0xb0,0x27,0xfb,0x1d,0xcc,0xea,0x01,0xe1,0x64,0xb8,0x02,0xeb,0xaa,0x72,0xaa,
 0x91,0xb0,0xa6,0x93,0xb5,0xbb,0x48,0xfb,0x40,0xfc,0xf4,0x01,0x19,0x11,0x10,0x0b,
 0xc5,0xaa,0x1a,0xa9,0x5a,0x09,0x7b,0xb2,0x6b,0xb4,0x38,0xfb,0x1d,0x58,0x4b,0x38,
 0x19,0x38,0xa8,0x00,0xe2,0xaa,0x1a,0xa9,0x2a,0x49,0x7b,0xb5,0x6b,0xb0,0x38,0xfb,
 0x44,0xb0,0xd2,0x16,0x06,0x64,0x48,0x00,0xc1,0xaa,0x2a,0xa9,0x1a,0x09,0x7b,0xb3,
 0x6b,0xb5,0x48,0xfb,0x64,0x88,0x40,0x35,0xeb,0x25,0xb0,0x01,0xea,0xaa,0x3a,0xa9,
 0x2a,0x59,0x7b,0xb1,0x6b,0xb4,0x08,0xfb,0x3c,0x90,0xd1,0x00,0x06,0xee,0xe8,0x03,
 0xc5,0xaa,0xaa,0x2a,0x46,0x8b,0xb3,0x09,0x7b,0xb1,0x58,0xfb,0x48,0x2c,0x50,0x82,
 0x12,0x84,0x92,0x01,0xc4,0xaa,0x3a,0xa9,0x4a,0x09,0x7b,0xb1,0x6b,0xb2,0x58,0xfb,
 0x11,0x40,0x51,0xfc,0x2f,0x64,0x60,0x00,0xca,0xaa,0x3a,0xa9,0x2a,0x19,0x7b,0xb5,
 0x6b,0xb0,0x48,0xfb,0x7b,0xf1,0xc7,0x05,0x19,0x18,0x58,0x00,0xd1,0xaa,0x0a,0xa9,
 0x1a,0x29,0x7b,0xb5,0x6b,0xb4,0x38,0xfb,0x64,0x64,0x10,0x02,0xc5,0x60,0x4c,0x09,
 0xe3,0xaa,0x5a,0xa9,0x3a,0x49,0x7b,0xb2,0x6b,0xb1,0x08,0xfb,0x64,0x94,0x40,0x4b,
 0x04,0x57,0x06,0x01,0xd5,0xaa,0x4a,0xa9,0x5a,0x29,0x7b,0xb3,0x6b,0xb1,0x08,0xfb,
 0x80,0x4a,0x40,0x06,0x06,0x1e,0xcd,0x01,0xe8,0xaa,0x4a,0xa9,0x0a,0x59,0x7b,0xb1,
 0x6b,0xb3,0x28,0xfb,0x48,0x34,0x40,0x06,0x04,0x79,0xa8,0x06,0xc5,0xaa,0x4a,0xa9,
 0x5a,0x09,0x7b,0xb3,0x6b,0xb1,0x28,0xfb,0x64,0x1c,0x4a,0x81,0x31,0x22,0x38,0x01,
 0xdd,0xaa,0x1a,0xa9,0x5a,0x39,0x7b,0xb2,0x6b,0xb4,0x08,0xfb,0xed,0x19,0x57,0x02,
 0x05,0x48,0x90,0x01,0xe1,0xaa,0xaa,0x62,0xb0,0x59,0x6b,0x1a,0x39,0xbb,0x46,0xfb,
 0xfe,0x5e,0x40,0x08,0x19,0x9c,0x90,0x00,0xd4,0xaa,0x0a,0xa9,0x4a,0x29,0x7b,0xb5,
 0x6b,0xb1,0x38,0xfb,0x22,0x08,0x6d,0x4c,0x07,0x64,0x88,0x0b,0xd5,0xaa,0x1a,0xa9,
 0x5a,0x29,0x7b,0xb3,0x6b,0xb0,0x48,0xfb,0x40,0x5c,0x46,0x46,0x05,0x12,0x86,0x00,
 0xc4,0xaa,0x1a,0xa9,0x4a,0x09,0x7b,0xb3,0x6b,0xb5,0x28,0xfb,0x64,0xac,0xf5,0x46,
 0x07,0x09,0x60,0x00,0xe9,0xaa,0x2a,0xa9,0x1a,0x59,0x7b,0xb3,0x6b,0xb4,0x08,0xfb,
 0x29,0x77,0x40,0x08,0x94,0x22,0x90,0x01,0xd3,0xaa,0x0a,0xa9,0x3a,0x29,0x7b,0xb1,
 0x6b,0xb4,0x58,0xfb,0x25,0x90,0x41,0x03,0x43,0x1b,0xf0,0x0c,0xd3,0xaa,0x5a,0xa9,
 0x3a,0x29,0x7b,0xb0,0x6b,0xb4,0x18,0xfb,0x5a,0x38,0xf0,0x01,0x19,0xdc,0xc2,0x02,
 0xc4,0xaa,0x5a,0xa9,0x4a,0x09,0x7b,0xb1,0x6b,0xb2,0x38,0xfb,0xe4,0x1e,0x06,0x41,
 0x09,0x64,0x40,0x02,0xe8,0xaa,0x1a,0xa9,0x0a,0x59,0x7b,0xb2,0x6b,0xb3,0x48,0xfb,
 0xba,0xf3,0xb0,0x40,0x08,0xab,0x90,0x01,0xc8,0xaa,0x4a,0xa9,0x0a,0x19,0x7b,0xb3,
 0x6b,0xb2,0x58,0xfb,0x51,0x90,0xe1,0x80,0x13,0xe4,0x4f,0x00,0xdc,0xaa,0x0a,0xa9,
 0x4a,0x39,0x7b,0xb5,0x6b,0xb2,0x18,0xfb,0x64,0xf0,0x36,0x82,0x97,0x66,0x4c,0x00,
 0xe3,0xaa,0x1a,0xa9,0x3a,0x49,0x7b,0xb5,0x6b,0xb2,0x08,0xfb,0x12,0x4d,0x70,0x01,
 0x12,0x30,0x92,0x01,0xdc,0xaa,0x0a,0xa9,0x4a,0x39,0x7b,0xb2,0x6b,0xb1,0x58,0xfb,
 0xa5,0x90,0x31,0xc7,0x08,0x18,0x10,0x0c,0xd0,0xaa,0x5a,0xa9,0x0a,0x29,0x7b,0xb3,
 0x6b,0xb4,0x18,0xfb,0x33,0xba,0xb1,0x04,0x04,0x27,0x90,0x01,0xd1,0xaa,0x0a,0xa9,
 0x1a,0x29,0x7b,0xb4,0x6b,0xb3,0x58,0xfb,0x11,0xe3,0xb1,0xf0,0x09,0x19,0x90,0x01,
 0xc8,0xaa,0x2a,0xa9,0x0a,0x19,0x7b,0xb3,0x6b,0xb4,0x58,0xfb,0x64,0x54,0xc0,0x13,
 0xb6,0x28,0x88,0x00,0xe3,0xaa,0x2a,0xa9,0x3a,0x49,0x7b,0xb5,0x6b,0xb1,0x08,0xfb,
 0x39,0x90,0xd1,0x62,0x98,0x28,0x50,0x00,0xc3,0xaa,0x2a,0xa9,0x3a,0x09,0x7b,0xb4,
 0x6b,0xb5,0x18,0xfb,0xe0,0xd2,0x20,0xc2,0x06,0x04,0x92,0x01,0xc8,0xaa,0x4a,0xa9,
 0x0a,0x19,0x7b,0xb2,0x6b,0xb3,0x58,0xfb,0x38,0x91,0xe1,0x90,0x22,0x18,0x38,0x00,
 0xd8,0xaa,0x2a,0xa9,0x0a,0x39,0x7b,0xb5,0x6b,0xb4,0x18,0xfb,0xce,0x15,0x41,0x06,
 0x58,0x18,0x58,0x00,0xc8,0xaa,0x3a,0xa9,0x0a,0x19,0x7b,0xb5,0x6b,0xb4,0x28,0xfb,
 0xd6,0x64,0x00,0x43,0x39,0x0e,0x90,0x01,0xd0,0xaa,0x3a,0xa9,0x0a,0x29,0x7b,0xb4,
 0x6b,0xb1,0x58,0xfb,0x1c,0x90,0xe1,0x35,0x12,0x25,0x90,0x04,0xdd,0xaa,0x2a,0xa9,
 0x5a,0x39,0x7b,0xb0,0x6b,0xb4,0x18,0xfb,0x11,0xe0,0xd0,0xc1,0x07,0x64,0xe8,0x0d,
 0xcd,0xaa,0x3a,0xa9,0x5a,0x19,0x7b,0xb0,0x6b,0xb2,0x48,0xfb,0x97,0x1c,0x80,0xc4,
 0x20,0x0d,0xf8,0x00,0xcd,0xaa,0x90,0xaa,0x1a,0x28,0x9b,0xb5,0x47,0xbb,0x36,0xfb,
 0x7c,0x18,0xc0,0x41,0x06,0x30,0x54,0x09,0xdc,0xaa,0x4a,0x18,0x6b,0xb0,0xa9,0x72,
 0x5a,0x39,0xbb,0xfb,0x64,0x50,0x51,0x81,0x36,0x16,0xf0,0x0d,0xcd,0xaa,0x74,0xaa,
 0x93,0xb2,0xa6,0x95,0xb1,0xbb,0x08,0xfb,0xb9,0xa2,0x30,0xc1,0x01,0x8c,0x24,0x00,
 0xd9,0xaa,0x84,0xb2,0xa9,0xaa,0x60,0xb3,0x19,0x6b,0xb5,0xfb,0x05,0x90,0x40,0x48,
 0xdb,0x37,0x80,0x00,0xc5,0xaa,0x0a,0x48,0x9b,0xaa,0x93,0xb5,0x17,0xbb,0x26,0xfb,
 0xee,0xc8,0x70,0x81,0x0d,0x0f,0x84,0x00,0xe2,0xaa,0x93,0xaa,0x4a,0x18,0x9b,0xb2,
 0x57,0xbb,0x06,0xfb,0x31,0xd0,0x11,0x42,0x0a,0x3c,0xa0,0x04,0xd0,0xaa,0x91,0xaa,
 0x2a,0x48,0x9b,0xb0,0x37,0xbb,0x56,0xfb,0x41,0x10,0x70,0x84,0x01,0x3e,0x1f,0x07,
 0xca,0xaa,0x94,0xaa,0x1a,0x08,0x9b,0xb2,0x37,0xbb,0x56,0xfb,0x03,0x78,0x80,0x69,
 0x06,0x80,0x18,0x01,0xc5,0xaa,0xaa,0x95,0x4a,0x07,0xbb,0x16,0x8b,0xb3,0x27,0xfb,
 0x3a,0xda,0x00,0x82,0x06,0xb5,0x80,0x00,0xd1,0xaa,0x90,0xaa,0x2a,0x58,0x9b,0xb1,
 0x37,0xbb,0x46,0xfb,0xd8,0x4e,0xf0,0xca,0x12,0x29,0x44,0x00,0xeb,0xaa,0x5a,0x48,
 0x9b,0xaa,0x90,0xb3,0x17,0xbb,0x26,0xfb,0x7e,0x1d,0xdb,0x81,0x17,0x15,0x24,0x00,
 0xe3,0xaa,0xaa,0x71,0xb0,0x39,0x6b,0xb5,0xa8,0x72,0xb4,0xfb,0x64,0xf4,0x21,0x01,
 0x0b,0x0f,0x76,0x00,0xd0,0xaa,0x82,0xb3,0xa9,0x4a,0xa9,0x70,0xb1,0x6b,0xb5,0xfb,
 0x80,0x30,0xc4,0x82,0x11,0x0f,0x4c,0x00,0xe3,0xaa,0x91,0xaa,0x4a,0x28,0x9b,0xb3,
 0x57,0xbb,0x06,0xfb,0x1c,0x08,0x55,0x47,0x04,0x4d,0x08,0x00,0xeb,0xa7,0xaa,0x3a,
 0x27,0x6b,0x1a,0x09,0xbb,0x58,0x6b,0xb4,0x32,0x67,0x50,0x85,0x05,0x4e,0x38,0x04,
 0xda,0xaa,0x90,0xaa,0x3a,0x48,0x9b,0xb2,0x17,0xbb,0x56,0xfb,0x4a,0xd4,0xe0,0xcc,
 0x05,0x0c,0x58,0x0a,0xe1,0xaa,0x95,0xaa,0x4a,0x08,0x9b,0xb1,0x37,0xbb,0x26,0xfb,
 0x22,0x78,0x4d,0x07,0x21,0x1b,0x90,0x01,0xda,0xaa,0x4a,0x07,0x6b,0x1a,0x29,0xbb,
 0xa8,0x65,0xb3,0xfb,0x9d,0x7c,0x95,0x80,0x04,0x0c,0x30,0x01,0xe5,0xaa,0x91,0xaa,
 0x4a,0x38,0x9b,0xb5,0x27,0xbb,0x06,0xfb,0x1f,0x40,0xf0,0x40,0x77,0x94,0x9c,0x00,
 0xc1,0xaa,0x4a,0x16,0x7b,0xb5,0xa8,0x3a,0x29,0x7b,0xb0,0xfb,0x35,0x64,0x00,0x1e,
 0x05,0x03,0x91,0x00,0xc8,0xaa,0x92,0xaa,0x1a,0x58,0x9b,0xb0,0x37,0xbb,0x46,0xfb,
 0x06,0xcc,0x50,0x05,0xac,0x78,0x98,0x00,0xc2,0xaa,0xaa,0x95,0xb1,0x06,0x8b,0x4a,
 0x28,0xbb,0x39,0xfb,0x42,0xd0,0x8e,0x02,0x06,0x1f,0x14,0x02,0xd8,0xaa,0x91,0xaa,
 0x3a,0x48,0x9b,0xb0,0x27,0xbb,0x56,0xfb,0x1e,0x38,0xa0,0x03,0x1c,0x1a,0xbc,0x04,
 0xc2,0xaa,0x93,0xaa,0x4a,0x08,0x9b,0xb2,0x17,0xbb,0x56,0xfb,0x8e,0x8c,0xa1,0x40,
 0x0d,0x10,0x1c,0x03,0xe1,0xaa,0x4a,0x38,0x9b,0xaa,0x90,0xb1,0x27,0xbb,0x56,0xfb,
 0x4d,0x9c,0xa0,0x5c,0x07,0xa9,0x14,0x01,0xdd,0xaa,0x3a,0x08,0x9b,0xaa,0x92,0xb5,
 0x17,0xbb,0x46,0xfb,0x2a,0x94,0x22,0x70,0x04,0x4e,0x54,0x00,0xdc,0xaa,0xaa,0x5a,
 0x27,0x9b,0xb0,0x36,0x8b,0xb4,0x16,0xfb,0x48,0xec,0x40,0xa2,0x07,0x24,0x50,0x02,
 0xd8,0xaa,0x92,0xaa,0x3a,0x18,0x9b,0xb0,0x47,0xbb,0x56,0xfb,0x44,0xac,0xd8,0x01,
 0x16,0xd2,0x7c,0x00,0xeb,0xaa,0x91,0xaa,0x5a,0x08,0x9b,0xb3,0x27,0xbb,0x46,0xfb,
 0x10,0x40,0x2e,0x04,0x08,0x85,0x48,0x00,0xea,0xaa,0x91,0xaa,0x0a,0x58,0x9b,0xb2,
 0x37,0xbb,0x46,0xfb,0x24,0x5e,0x00,0x95,0x07,0x3b,0x1c,0x01,0xcc,0xaa,0x90,0xaa,
 0x1a,0x58,0x9b,0xb4,0x37,0xbb,0x26,0xfb,0x10,0x18,0x40,0xfd,0x36,0x11,0x58,0x00,
 0xcc,0xaa,0xaa,0x3a,0x26,0x9b,0xb5,0x47,0x8b,0xb0,0x19,0xfb,0x89,0xe4,0xd6,0x02,
 0x12,0x11,0x94,0x00,0xe5,0xaa,0x4a,0x38,0x9b,0xaa,0x91,0xb5,0x27,0xbb,0x06,0xfb,
 0x64,0xf0,0x40,0xd3,0x55,0x1c,0x40,0x00,0xca,0xaa,0x73,0xb2,0xa8,0x71,0xaa,0x80,
 0xb5,0x49,0xbb,0xfb,0x22,0xec,0xe3,0x81,0x0a,0x6c,0x80,0x01,0xc5,0xaa,0x71,0xaa,
 0x4a,0x58,0x6b,0xb0,0x39,0xbb,0x28,0xfb,0x45,0xdc,0x60,0x81,0x0a,0x20,0xe1,0x01,
 0xd1,0xaa,0x94,0xaa,0x2a,0x08,0x9b,0xb1,0x37,0xbb,0x56,0xfb,0x0f,0xb6,0xd0,0x00,
 0x04,0xff,0xf5,0x00,0xdd,0xaa,0x1a,0xa7,0x94,0xb3,0x8b,0x5a,0x27,0xbb,0x07,0xfb,
 0x21,0xd4,0x44,0x81,0x1d,0x18,0x4c,0x00,0xd4,0xaa,0x91,0xaa,0x5a,0x28,0x9b,0xb4,
 0x07,0xbb,0x36,0xfb,0x23,0x80,0x60,0x11,0xf1,0x59,0x48,0x00,0xc4,0xaa,0x93,0xaa,
 0x1a,0x08,0x9b,0xb4,0x57,0xbb,0x26,0xfb,0xa4,0x1e,0x30,0x01,0x38,0x1f,0xf0,0x00,
 0xcc,0xaa,0x90,0xaa,0x5a,0x18,0x9b,0xb4,0x27,0xbb,0x36,0xfb,0x0c,0x34,0x30,0x88,
 0xdb,0x5d,0x78,0x00,0xc4,0xaa,0x93,0xaa,0x0a,0x18,0x9b,0xb4,0x57,0xbb,0x26,0xfb,
 0xc0,0x48,0x01,0x81,0x12,0xdf,0x40,0x00,0xd1,0xaa,0x90,0xaa,0x2a,0x38,0x9b,0xb1,
 0x57,0xbb,0x46,0xfb,0x48,0xf8,0x43,0xc9,0x08,0x39,0x84,0x00,0xd8,0xaa,0x91,0xaa,
 0x3a,0x48,0x9b,0xb0,0x57,0xbb,0x26,0xfb,0xc8,0xa8,0x79,0x01,0x12,0x07,0x96,0x00,
 0xd9,0xaa,0x4a,0xa9,0x1a,0x39,0x7b,0xb2,0x6b,0xb5,0x08,0xfb,0x2b,0x6e,0x02,0x82,
 0xd4,0xc8,0x7c,0x00,0xc8,0xaa,0x72,0xaa,0x90,0xb1,0xa6,0x93,0xb5,0xbb,0x48,0xfb,
 0x29,0xe8,0xab,0x02,0x06,0x08,0x20,0x03,0xd1,0xaa,0x0a,0xa9,0x1a,0x29,0x7b,0xb3,
 0x6b,0xb4,0x58,0xfb,0x57,0x09,0x85,0x0c,0x09,0x13,0x70,0x00,0xd9,0xaa,0x0a,0xa9,
 0x1a,0x39,0x7b,0xb5,0x6b,0xb4,0x28,0xfb,0xe2,0xdc,0x8e,0x4c,0x07,0x38,0x98,0x00,
 0xe0,0xaa,0x1a,0xa9,0x0a,0x49,0x7b,0xb5,0x6b,0xb3,0x28,0xfb,0x57,0x50,0xe6,0x41,
 0x04,0x0b,0x21,0x03,0xc4,0xaa,0x1a,0xa9,0x4a,0x09,0x7b,0xb3,0x6b,0xb2,0x58,0xfb,
 0x11,0x60,0x00,0x02,0x4f,0xe2,0x20,0x03,0xd3,0xaa,0x4a,0xa9,0x3a,0x29,0x7b,0xb1,
 0x6b,0xb0,0x58,0xfb,0x0f,0x18,0x4c,0x04,0x32,0x7b,0x8c,0x00,0xd1,0xaa,0x4a,0xa9,
 0x1a,0x29,0x7b,0xb0,0x6b,0xb5,0x38,0xfb,0x04,0x25,0x90,0x02,0x04,0xc6,0x20,0x03,
 0xd8,0xaa,0x4a,0xa9,0x0a,0x39,0x7b,0xb2,0x6b,0xb1,0x58,0xfb,0x0e,0xf0,0xf0,0x02,
 0x04,0xc8,0x30,0x0a,0xcd,0xaa,0x2a,0xa9,0x5a,0x19,0x7b,0xb0,0x6b,0xb3,0x48,0xfb,
 0xd4,0xa8,0x80,0x8c,0x06,0x64,0x94,0x0f,0xe0,0xaa,0x5a,0xa9,0x0a,0x49,0x7b,0xb1,
 0x6b,0xb3,0x28,0xfb,0x2a,0xb8,0x00,0x10,0x32,0x18,0x18,0x0d,0xca,0xaa,0x5a,0xa9,
 0x2a,0x19,0x7b,0xb0,0x6b,0xb4,0x38,0xfb,0x63,0x21,0xd3,0x41,0x1a,0x1a,0x5a,0x00,
 0xd8,0xaa,0x4a,0xa9,0x0a,0x39,0x7b,0xb2,0x6b,0xb5,0x18,0xfb,0x20,0x80,0xce,0x87,
 0x07,0xc8,0x20,0x00,0xd5,0xaa,0x1a,0xa9,0x5a,0x29,0x7b,0xb3,0x6b,0xb0,0x48,0xfb,
 0x3d,0x5f,0x70,0x82,0x10,0xc8,0x5c,0x01,0xdd,0xaa,0x0a,0xa9,0x5a,0x39,0x7b,0xb2,
 0x6b,0xb1,0x48,0xfb,0xc8,0x38,0xb1,0x0b,0xa8,0x17,0x38,0x00,0xcb,0xaa,0x2a,0xa9,
 0x3a,0x19,0x7b,0xb4,0x6b,0xb5,0x08,0xfb,0xa2,0xaa,0x82,0x0c,0x05,0x23,0x78,0x00,
 0xcd,0xaa,0x0a,0xa9,0x5a,0x19,0x7b,0xb3,0x6b,0xb4,0x28,0xfb,0xdc,0x32,0xaf,0x83,
 0x0a,0x1e,0x20,0x03,0xd1,0xaa,0x0a,0xa9,0x1a,0x29,0x7b,0xb3,0x6b,0xb4,0x58,0xfb,
 0xc8,0x90,0xd0,0x1e,0x53,0x11,0x00,0x01,0xeb,0xaa,0x2a,0xa9,0x3a,0x59,0x7b,0xb1,
 0x6b,0xb4,0x08,0xfb,0xc7,0x2c,0x80,0x8c,0xe5,0xc0,0x84,0x00,0xe3,0xaa,0x0a,0xa9,
 0x3a,0x49,0x7b,0xb1,0x6b,0xb5,0x28,0xfb,0x12,0x50,0x61,0x33,0x32,0x0f,0xcc,0x01,
 0xca,0xaa,0x5a,0xa9,0x2a,0x19,0x7b,0xb0,0x6b,0xb4,0x38,0xfb,0xc8,0x38,0x95,0x06,
 0x09,0xa6,0x42,0x00,0xd4,0xaa,0x1a,0xa9,0x4a,0x29,0x7b,0xb5,0x6b,0xb3,0x08,0xfb,
 0x6d,0x8c,0xf0,0x80,0xc8,0x44,0x20,0x03,0xe3,0xaa,0x0a,0xa9,0x3a,0x49,0x7b,0xb2,
 0x6b,0xb1,0x58,0xfb,0x0a,0x83,0x81,0x8c,0x0d,0x13,0xb4,0x00,0xd9,0xaa,0x0a,0xa9,
 0x1a,0x39,0x7b,0xb5,0x6b,0xb4,0x28,0xfb,0x0e,0xac,0x80,0xcf,0x09,0xa5,0x23,0x03,
 0xdc,0xaa,0x2a,0xa9,0x4a,0x39,0x7b,0xb1,0x6b,0xb0,0x58,0xfb,0xc8,0x49,0x43,0x02,
 0x32,0x93,0x56,0x00,0xc8,0xaa,0x4a,0xa9,0x0a,0x19,0x7b,0xb5,0x6b,0xb2,0x38,0xfb,
 0x74,0xa3,0xd6,0x02,0x32,0x58,0x5c,0x00,0xe1,0xaa,0x0a,0xa9,0x1a,0x49,0x7b,0xb2,
 0x6b,0xb5,0x38,0xfb,0xdd,0x23,0x93,0x82,0xf3,0x48,0x94,0x00,0xe3,0xaa,0x0a,0xa9,
 0x3a,0x49,0x7b,0xb2,0x6b,0xb5,0x18,0xfb,0x23,0x80,0x80,0xcc,0xc3,0x38,0x77,0x01,
 0xeb,0xaa,0x4a,0xa9,0x3a,0x59,0x7b,0xb0,0x6b,0xb1,0x28,0xfb,0x22,0x1c,0x88,0xcc,
 0x05,0xaf,0x0a,0x01,0xec,0xaa,0x1a,0xa9,0x4a,0x59,0x7b,0xb0,0x6b,0xb3,0x28,0xfb,
 0x00,0x4b,0xdc,0x01,0x08,0xc8,0xe8,0x02,0xe9,0xaa,0x0a,0xa9,0x1a,0x59,0x7b,0xb2,
 0x6b,0xb3,0x48,0xfb,0x8c,0x3c,0x40,0x42,0x70,0x30,0x21,0x03,0xc4,0xaa,0x3a,0xa9,
 0x4a,0x09,0x7b,0xb1,0x6b,0xb2,0x58,0xfb,0x40,0x20,0xb3,0x41,0x08,0x5e,0x12,0x08,
 0xc5,0xaa,0x4a,0xa9,0x5a,0x09,0x7b,0xb2,0x6b,0xb3,0x18,0xfb,0x16,0x90,0x40,0x0b,
 0x32,0xd6,0xfa,0x01,0xea,0xaa,0x4a,0xa9,0x2a,0x59,0x7b,0xb1,0x6b,0xb0,0x38,0xfb,
 0x96,0x3c,0x80,0x3c,0x32,0x1c,0xe0,0x00,0xea,0xaa,0x0a,0xa9,0x2a,0x59,0x7b,0xb4,
 0x6b,0xb1,0x38,0xfb,0xe4,0x85,0x00,0x41,0x3f,0x1e,0x20,0x03,0xe0,0xaa,0x4a,0x17,
 0x6b,0x0a,0x39,0xbb,0xa8,0x72,0xb5,0xfb,0x1c,0x20,0x43,0x88,0xd9,0xd7,0x5d,0x00,
 0xd3,0xaa,0x4a,0xa9,0x3a,0x29,0x7b,0xb0,0x6b,0xb5,0x18,0xfb,0x12,0x50,0x80,0x4c,
 0xec,0x55,0x5c,0x02,0xe3,0xaa,0x5a,0xa9,0x3a,0x49,0x7b,0xb1,0x6b,0xb0,0x28,0xfb,
 0x2a,0xe4,0x80,0x0c,0x02,0x19,0x10,0x0b,0xc5,0xaa,0x1a,0xa9,0x5a,0x09,0x7b,0xb4,
 0x6b,0xb3,0x28,0xfb,0x1d,0x20,0x33,0x01,0x0e,0x9b,0xc8,0x0b,0xdd,0xaa,0x4a,0xa9,
 0x5a,0x39,0x7b,0xb2,0x6b,0xb0,0x18,0xfb,0x1d,0x8d,0x5d,0x0a,0x07,0xc8,0x88,0x00,
 0xd0,0xaa,0x2a,0x46,0x7b,0xb0,0xa8,0x73,0x1a,0x59,0xbb,0xfb,0xc8,0x18,0x71,0x02,
 0xf8,0x24,0xa8,0x0b,0xcd,0xaa,0x3a,0xa9,0x5a,0x19,0x7b,0xb2,0x6b,0xb4,0x08,0xfb,
 0xc8,0x0c,0x18,0x2b,0x0b,0x5a,0x4c,0x00,0xe1,0xaa,0x2a,0xa9,0x1a,0x49,0x7b,0xb3,
 0x6b,0xb5,0x08,0xfb,0x1c,0x3c,0x80,0x33,0x32,0x6c,0x1c,0x03,0xe2,0xaa,0x5a,0xa9,
 0x2a,0x49,0x7b,0xb1,0x6b,0xb0,0x38,0xfb,0x67,0x5d,0x60,0x01,0xba,0x7e,0x20,0x03,
 0xe3,0xaa,0x0a,0xa9,0x3a,0x49,0x7b,0xb1,0x6b,0xb2,0x58,0xfb,0x13,0xfc,0xad,0x05,
 0x32,0x2f,0xa6,0x00,0xd1,0xaa,0x4a,0xa9,0x1a,0x29,0x7b,0xb5,0x6b,0xb0,0x38,0xfb,
 0xc8,0xa0,0x52,0x02,0xf0,0x1d,0x20,0x01,0xe9,0xaa,0x3a,0xa9,0x1a,0x59,0x7b,0xb4,
 0x6b,0xb2,0x08,0xfb,0xc6,0xb8,0x27,0x02,0x32,0x1e,0x4f,0x00,0xc4,0xaa,0x1a,0xa9,
 0x4a,0x09,0x7b,0xb5,0x6b,0xb2,0x38,0xfb,0xc8,0x78,0x0f,0xb9,0x25,0x25,0x7c,0x00,
 0xd9,0xaa,0x2a,0xa9,0x1a,0x39,0x7b,0xb4,0x6b,0xb5,0x08,0xfb,0xc8,0xb8,0x80,0x81,
 0xb3,0x38,0x99,0x00,0xcc,0xaa,0x3a,0xa9,0x4a,0x19,0x7b,0xb5,0x6b,0xb2,0x08,0xfb,
 0x13,0x28,0x80,0x0c,0x09,0x10,0xb0,0x09,0xdd,0xaa,0x4a,0xa9,0x5a,0x39,0x7b,0xb0,
 0x6b,0xb1,0x28,0xfb,0x2e,0x20,0xb3,0x09,0x08,0x09,0x50,0x0d,0xdd,0xaa,0x2a,0xa9,
 0x5a,0x39,0x7b,0xb0,0x6b,0xb4,0x18,0xfb,0x58,0x34,0x83,0x4c,0x04,0xa4,0x5e,0x00,
 0xc4,0xaa,0x1a,0xa9,0x4a,0x09,0x7b,0xb3,0x6b,0xb5,0x28,0xfb,0xa2,0x20,0x93,0x00,
 0x32,0x02,0x71,0x00,0xc4,0xaa,0x1a,0xa9,0x4a,0x09,0x7b,0xb2,0x6b,0xb5,0x38,0xfb,
 0xc8,0xcc,0x2d,0x0a,0x5d,0x23,0x70,0x00,0xd3,0xaa,0x1a,0xa9,0x3a,0x29,0x7b,0xb4,
 0x6b,0xb5,0x08,0xfb,0xc8,0x84,0xb0,0x98,0x04,0x89,0x83,0x02,0xec,0xaa,0x2a,0xa9,
 0x4a,0x59,0x7b,0xb3,0x6b,0xb1,0x08,0xfb,0x11,0x20,0x03,0x10,0x65,0x16,0x50,0x01,
 0xeb,0xaa,0x2a,0xa9,0x3a,0x59,0x7b,0xb0,0x6b,0xb4,0x18,0xfb,0x5e,0x66,0x00,0x86,
 0x06,0x48,0x20,0x03,0xd4,0xaa,0x0a,0xa9,0x4a,0x29,0x7b,0xb3,0x6b,0xb1,0x58,0xfb,
 0x5a,0x45,0x80,0x81,0x2f,0x50,0x20,0x03,0xe3,0xaa,0xaa,0x2a,0x49,0x6b,0xb1,0x58,
 0x9b,0xb0,0x36,0xfb,0xc8,0x88,0x62,0x89,0x3a,0x07,0x70,0x00,0xcb,0xaa,0xaa,0x72,
 0xb1,0xa6,0x90,0xb5,0x8b,0xb4,0x36,0xfb,0xb4,0x94,0x80,0x4c,0x4c,0xbf,0x1c,0x00,
 0xc3,0xaa,0x4a,0xa9,0x3a,0x09,0x7b,0xb5,0x6b,0xb1,0x28,0xfb,0x09,0x54,0x20,0x07,
 0x04,0xc8,0xb0,0x01,0xdd,0xaa,0x2a,0xa9,0x5a,0x39,0x7b,0xb1,0x6b,0xb0,0x48,0xfb,
 0x36,0x90,0x80,0x4c,0xb0,0x9d,0x4d,0x00,0xc3,0xaa,0x4a,0xa9,0x3a,0x09,0x7b,0xb1,
 0x6b,0xb5,0x28,0xfb,0xc8,0xd4,0xa3,0x40,0x0b,0x17,0x20,0x00,0xd9,0xaa,0x4a,0xa9,
 0x1a,0x39,0x7b,0xb5,0x6b,0xb2,0x08,0xfb,0xc8,0x40,0xe2,0x40,0x06,0xe4,0xa8,0x04,
 0xcc,0xaa,0x5a,0xa9,0x4a,0x19,0x7b,0xb2,0x6b,0xb3,0x08,0xfb,0x0e,0x68,0xa0,0x82,
 0x0b,0x0b,0x22,0x03,0xcb,0xaa,0x4a,0xa9,0x3a,0x19,0x7b,0xb2,0x6b,0xb0,0x58,0xfb,
 0x5e,0x3e,0xe0,0x02,0x0e,0xc8,0x60,0x02,0xdd,0xaa,0x0a,0xa9,0x5a,0x39,0x7b,0xb2,
 0x6b,0xb1,0x48,0xfb,0x0d,0x70,0x53,0x09,0x32,0x11,0xc0,0x00,0xe9,0xaa,0x2a,0xa9,
 0x1a,0x59,0x7b,0xb4,0x6b,0xb0,0x38,0xfb,0xc8,0x60,0x9f,0x81,0x08,0x4d,0x09,0x01,
 0xe9,0xaa,0x4a,0xa9,0x1a,0x59,0x7b,0xb2,0x6b,0xb3,0x08,0xfb,0xbc,0x22,0xd3,0x41,
 0x17,0x20,0x54,0x09,0xdd,0xaa,0x0a,0xa9,0x5a,0x39,0x7b,0xb2,0x6b,0xb4,0x18,0xfb,
 0xef,0x44,0x90,0x01,0x14,0x25,0x23,0x03,0xdc,0x0a,0xa7,0xaa,0x81,0xb3,0x59,0x6b,
 0x4a,0x29,0xbb,0xfb,0x96,0x68,0x80,0x4c,0x0b,0xc2,0x4b,0x0f,0xc5,0xaa,0x4a,0xa9,
 0x5a,0x09,0x7b,0xb3,0x6b,0xb1,0x28,0xfb,0x32,0x7a,0xf1,0x80,0x06,0xc8,0xc8,0x00,
 0xe8,0xaa,0x1a,0xa9,0x0a,0x59,0x7b,0xb2,0x6b,0xb3,0x48,0xfb,0xcf,0xad,0x8d,0xcc,
 0x05,0x1d,0xb8,0x01,0xe9,0xaa,0x0a,0xa9,0x1a,0x59,0x7b,0xb4,0x6b,0xb3,0x28,0xfb,
 0xc8,0xf0,0xd3,0xc1,0xaa,0x96,0x68,0x00,0xe1,0xaa,0x3a,0xa9,0x1a,0x49,0x7b,0xb2,
 0x6b,0xb5,0x08,0xfb,0xfb,0xe6,0x87,0xcc,0x21,0x20,0x70,0x00,0xd9,0xaa,0x0a,0xa9,
 0x1a,0x39,0x7b,0xb4,0x6b,0xb5,0x28,0xfb,0x13,0x88,0x80,0x4c,0x29,0x04,0xfd,0x08,
 0xdc,0xaa,0x5a,0xa9,0x4a,0x39,0x7b,0xb0,0x6b,0xb1,0x28,0xfb,0x49,0x22,0x43,0xcb,
 0xba,0x25,0x60,0x00,0xd0,0xaa,0x3a,0xa9,0x0a,0x29,0x7b,0xb5,0x6b,0xb4,0x18,0xfb,
 0xb4,0x7c,0x30,0x2e,0x32,0x1b,0xa8,0x06,0xc5,0xaa,0x2a,0xa9,0x5a,0x09,0x7b,0xb4,
 0x6b,0xb1,0x38,0xfb,0x4c,0xa2,0x39,0x02,0x32,0x15,0x30,0x03,0xe8,0xaa,0x1a,0xa9,
 0x0a,0x59,0x7b,0xb4,0x6b,0xb2,0x38,0xfb,0x15,0xf8,0x00,0x42,0x97,0x5c,0x20,0x03,
 0xcc,0xaa,0x3a,0x09,0x6b,0x1a,0x47,0xbb,0xa8,0x72,0xb5,0xfb,0x9c,0xe8,0x86,0x0c,
 0x12,0x0d,0x9c,0x00,0xd8,0xaa,0x1a,0xa9,0x0a,0x39,0x7b,0xb5,0x6b,0xb4,0x28,0xfb,
 0xac,0x4d,0xc9,0x06,0x32,0x1c,0x68,0x00,0xd0,0xaa,0x1a,0xa9,0x0a,0x29,0x7b,0xb5,
 0x6b,0xb4,0x38,0xfb,0x10,0x20,0xe3,0x9e,0x36,0x1f,0x78,0x00,0xea,0xaa,0x3a,0xa9,
 0x2a,0x59,0x7b,0xb4,0x6b,0xb0,0x18,0xfb,0xc8,0x54,0x36,0x46,0x03,0x13,0xd8,0x00,
 0xe9,0xaa,0x2a,0xa9,0x1a,0x59,0x7b,0xb3,0x6b,0xb4,0x08,0xfb,0x1e,0x23,0xf3,0x81,
 0x3a,0xa2,0x70,0x00,0xe3,0xaa,0x0a,0xa9,0x3a,0x49,0x7b,0xb2,0x6b,0xb5,0x18,0xfb,
 0xcd,0x55,0x80,0x47,0x06,0xc8,0x5c,0x03,0xd5,0xaa,0x0a,0xa9,0x5a,0x29,0x7b,0xb1,
 0x6b,0xb3,0x48,0xfb,0xc8,0x4c,0x40,0x1b,0x12,0x22,0xdc,0x07,0xda,0xaa,0x5a,0xa9,
 0x2a,0x39,0x7b,0xb4,0x6b,0xb1,0x08,0xfb,0x17,0x54,0x82,0x4c,0x06,0x07,0xb8,0x01,
 0xeb,0xaa,0x1a,0xa9,0x3a,0x59,0x7b,0xb4,0x6b,0xb0,0x28,0xfb,0x70,0x23,0x03,0x02,
 0x15,0xc4,0x59,0x00,0xd8,0xaa,0x4a,0xa9,0x0a,0x39,0x7b,0xb2,0x6b,0xb5,0x18,0xfb,
 0xc8,0x7c,0xf2,0x00,0x09,0xd8,0xa5,0x01,0xe9,0xaa,0x4a,0xa9,0x1a,0x59,0x7b,0xb2,
 0x6b,0xb3,0x08,0xfb,0xc8,0x84,0xd0,0x41,0xde,0xa8,0x48,0x03,0xe5,0xaa,0x3a,0xa9,
 0x5a,0x49,0x7b,0xb1,0x6b,0xb2,0x08,0xfb,0x0b,0x34,0x82,0x8c,0x55,0x13,0xb0,0x01,
 0xeb,0xaa,0x1a,0xa9,0x3a,0x59,0x7b,0xb0,0x6b,0xb4,0x28,0xfb,0x23,0xd8,0x30,0x0d,
 0x32,0x70,0x2a,0x00,0xcc,0xaa,0x2a,0xa9,0x4a,0x19,0x7b,0xb0,0x6b,0xb5,0x38,0xfb,
 0x3e,0x66,0xc0,0x41,0x7e,0x87,0x20,0x03,0xe3,0xaa,0x0a,0xa9,0x3a,0x49,0x7b,0xb1,
 0x6b,0xb2,0x58,0xfb,0x11,0x20,0xb3,0x9a,0xe2,0x23,0x30,0x03,0xeb,0xaa,0x2a,0xa9,
 0x3a,0x59,0x7b,0xb0,0x6b,0xb4,0x18,0xfb,0xc8,0x50,0xc0,0x77,0x4f,0x1c,0xb0,0x01,
 0xea,0xaa,0x3a,0xa9,0x2a,0x59,0x7b,0xb1,0x6b,0xb4,0x08,0xfb,0x41,0x9c,0x60,0x1a,
 0x32,0x0e,0xa4,0x06,0xc5,0xaa,0x2a,0xa9,0x5a,0x09,0x7b,0xb1,0x6b,0xb4,0x38,0xfb,
 0x15,0x48,0x58,0x82,0x9e,0x64,0x20,0x03,0xe1,0xaa,0x3a,0xa9,0x1a,0x49,0x7b,0xb2,
 0x6b,0xb0,0x58,0xfb,0xf0,0x2d,0x91,0xa1,0x06,0xc8,0x6c,0x00,0xca,0xaa,0x0a,0xa9,
 0x2a,0x19,0x7b,0xb5,0x6b,0xb3,0x48,0xfb,0x17,0xb4,0x80,0xcc,0x3c,0x08,0x41,0x00,
 0xcb,0xaa,0x4a,0xa9,0x3a,0x19,0x7b,0xb0,0x6b,0xb5,0x28,0xfb,0x11,0x84,0xc0,0x03,
 0x32,0x06,0x82,0x01,0xea,0xaa,0x4a,0xa9,0x2a,0x59,0x7b,0xb1,0x6b,0xb0,0x38,0xfb,
 0x1c,0x74,0xb8,0x01,0xeb,0xc8,0x1c,0x02,0xeb,0xaa,0x70,0xaa,0x91,0xb2,0xa6,0x93,
 0xb5,0xbb,0x48,0xfb,0x67,0x6b,0x45,0x02,0x32,0x1e,0xe8,0x00,0xe9,0xaa,0x0a,0xa9,
 0x1a,0x59,0x7b,0xb2,0x6b,0xb4,0x38,0xfb,0xc8,0x88,0x69,0x02,0xeb,0x16,0xa4,0x01,
 0xeb,0xaa,0x1a,0xa9,0x3a,0x59,0x7b,0xb2,0x6b,0xb4,0x08,0xfb,0xb9,0x21,0x43,0x2f,
 0x1e,0x15,0x7c,0x00,0xda,0xaa,0x0a,0xa9,0x2a,0x39,0x7b,0xb4,0x6b,0xb5,0x18,0xfb,
 0x04,0x62,0xa3,0x81,0xd4,0xc8,0x94,0x00,0xc8,0xaa,0x3a,0xa9,0x0a,0x19,0x7b,0xb2,
 0x6b,0xb5,0x48,0xfb,0x1f,0x70,0x80,0x8c,0x16,0x32,0x89,0x0b,0xdc,0xaa,0x5a,0xa9,
 0x4a,0x39,0x7b,0xb1,0x6b,0xb0,0x28,0xfb,0x18,0x2a,0xd0,0x02,0x32,0x0f,0x91,0x00,
 0xe8,0xaa,0x4a,0xa9,0x0a,0x59,0x7b,0xb2,0x6b,0xb1,0x38,0xfb,0x23,0x30,0x10,0x42,
 0xe3,0x52,0x20,0x03,0xd3,0xaa,0x4a,0xa9,0x3a,0x29,0x7b,0xb0,0x6b,0xb1,0x58,0xfb,
 0xc8,0x78,0xe0,0x40,0x29,0x3a,0x88,0x07,0xe5,0xaa,0x3a,0xa9,0x5a,0x49,0x7b,0xb2,
 0x6b,0xb1,0x08,0xfb,0x28,0x8c,0x82,0x0c,0xd9,0x26,0x2c,0x00,0xc3,0xaa,0x1a,0xa9,
 0x3a,0x09,0x7b,0xb4,0x6b,0xb5,0x28,0xfb,0x8a,0xd0,0x55,0x41,0x69,0x18,0x20,0x03,
 0xc1,0xaa,0x3a,0xa9,0x1a,0x09,0x7b,0xb2,0x6b,0xb4,0x58,0xfb,0x34,0x80,0xef,0xd9,
 0x08,0xc8,0x6c,0x00,0xc1,0xaa,0x2a,0xa9,0x1a,0x09,0x7b,0xb3,0x6b,0xb5,0x48,0xfb,
 0x1a,0x84,0xef,0x3a,0x32,0x96,0xb8,0x00,0xe2,0xaa,0x1a,0xa9,0x2a,0x49,0x7b,0xb5,
 0x6b,0xb0,0x38,0xfb,0xa7,0x03,0x83,0x4c,0x08,0x20,0x58,0x08,0xcd,0xaa,0x73,0xaa,
 0x95,0xb1,0xa6,0x90,0xb4,0xbb,0x28,0xfb,0x1e,0x48,0xe0,0x8a,0xee,0xc8,0x84,0x00,
 0xd1,0xaa,0x3a,0xa9,0x1a,0x29,0x7b,0xb5,0x6b,0xb0,0x48,0xfb,0x0d,0xb1,0x61,0x81,
 0xbe,0x13,0x20,0x03,0xcb,0xaa,0x0a,0xa9,0x3a,0x19,0x7b,0xb2,0x6b,0xb4,0x58,0xfb,
 0x8c,0x29,0x8f,0x0c,0x2a,0x25,0x74,0x00,0xd8,0xaa,0x1a,0xa9,0x0a,0x39,0x7b,0xb4,
 0x6b,0xb5,0x28,0xfb,0x4d,0x17,0x81,0x8c,0x04,0x55,0x38,0x00,0xe0,0xaa,0x1a,0xa9,
 0x0a,0x49,0x7b,0xb5,0x6b,0xb3,0x28,0xfb,0x8c,0x58,0xd4,0x01,0x32,0x0e,0xe8,0x08,
 0xc5,0xaa,0x1a,0xa9,0x5a,0x09,0x7b,0xb4,0x6b,0xb2,0x38,0xfb,0x27,0xb4,0xe0,0x80,
 0x51,0x09,0x23,0x03,0xc4,0xaa,0x3a,0xa9,0x4a,0x09,0x7b,0xb1,0x6b,0xb2,0x58,0xfb,
 0x9d,0x20,0x73,0x02,0xe9,0x0b,0xa0,0x00,0xeb,0xaa,0x0a,0xa9,0x3a,0x59,0x7b,0xb2,
 0x6b,0xb4,0x18,0xfb,0x17,0xbc,0x83,0x8c,0x19,0x90,0x4b,0x00,0xdc,0xaa,0x1a,0xa9,
 0x4a,0x39,0x7b,0xb0,0x6b,0xb5,0x28,0xfb,0x50,0xc0,0x4e,0x42,0x05,0xe4,0x21,0x03,
 0xc1,0xaa,0x4a,0xa9,0x1a,0x09,0x7b,0xb2,0x6b,0xb3,0x58,0xfb,0x2a,0xab,0x2a,0xc7,
 0x0a,0x14,0x20,0x03,0xd0,0xaa,0x1a,0xa9,0x0a,0x29,0x7b,0xb3,0x6b,0xb4,0x58,0xfb,
 0x34,0x9b,0x88,0x4c,0x15,0x12,0xa8,0x00,0xd8,0xaa,0x1a,0xa9,0x0a,0x39,0x7b,0xb5,
 0x6b,0xb4,0x28,0xfb,0x20,0x20,0xb3,0xdb,0x03,0x84,0xe8,0x02,0xec,0xaa,0x2a,0xa9,
 0x4a,0x59,0x7b,0xb3,0x6b,0xb0,0x18,0xfb,0x11,0x80,0x40,0x0a,0x1f,0xe6,0x21,0x03,
 0xda,0xaa,0x4a,0xa9,0x2a,0x39,0x7b,0xb0,0x6b,0xb1,0x58,0xfb,0x23,0x20,0x83,0x48,
 0x07,0x4c,0x1d,0x0e,0xd4,0xaa,0x5a,0xa9,0x4a,0x29,0x7b,0xb3,0x6b,0xb0,0x18,0xfb,
 0x63,0x20,0x23,0x02,0xf9,0x71,0x76,0x00,0xc3,0xaa,0x4a,0xa9,0x3a,0x09,0x7b,0xb5,
 0x6b,0xb2,0x18,0xfb,0xc8,0x58,0x28,0xc7,0xa7,0x28,0x50,0x00,0xd1,0xaa,0x3a,0xa9,
 0x1a,0x29,0x7b,0xb4,0x6b,0xb5,0x08,0xfb,0xd9,0x87,0x4f,0x82,0x08,0xc8,0xbc,0x02,
 0xe8,0xaa,0x1a,0xa9,0x0a,0x59,0x7b,0xb3,0x6b,0xb2,0x48,0xfb,0x24,0xf0,0x4c,0x85,
 0x07,0x1d,0x20,0x03,0xd0,0xaa,0x1a,0xa9,0x0a,0x29,0x7b,0xb3,0x6b,0xb4,0x58,0xfb,
 0xcd,0x4a,0x10,0x41,0x0b,0x60,0x20,0x03,0xe1,0xaa,0x0a,0xa9,0x1a,0x49,0x7b,0xb3,
 0x6b,0xb2,0x58,0xfb,0x7e,0x20,0x03,0x36,0x09,0x16,0x90,0x09,0xc2,0xaa,0x5a,0xa9,
 0x2a,0x09,0x7b,0xb3,0x6b,0xb4,0x18,0xfb,0x20,0xf9,0x8d,0x01,0x32,0x13,0x28,0x02,
 0xe9,0xaa,0x0a,0xa9,0x1a,0x59,0x7b,0xb4,0x6b,0xb2,0x38,0xfb,0x1d,0x20,0x43,0x84,
 0xc9,0x23,0x1c,0x09,0xd3,0xaa,0x5a,0xa9,0x3a,0x29,0x7b,0xb0,0x6b,0xb4,0x18,0xfb,
 0x60,0xa3,0x82,0xb9,0x09,0x1d,0x20,0x03,0xc8,0xaa,0x2a,0xa9,0x0a,0x19,0x7b,0xb3,
 0x6b,0xb4,0x58,0xfb,0x82,0x62,0xe0,0x1f,0x08,0xc8,0x6c,0x02,0xea,0xaa,0x0a,0xa9,
 0x2a,0x59,0x7b,0xb1,0x6b,0xb3,0x48,0xfb,0xde,0x6f,0x62,0x39,0x08,0x24,0x20,0x03,
 0xc8,0xaa,0x2a,0xa9,0x0a,0x19,0x7b,0xb4,0x6b,0xb3,0x58,0xfb,0xa8,0x95,0x00,0x1d,
 0x32,0x90,0x3c,0x00,0xe2,0xaa,0x0a,0xa9,0x2a,0x49,0x7b,0xb5,0x6b,0xb1,0x38,0xfb,
 0x4c,0x68,0x10,0x29,0x1a,0x1b,0x20,0x03,0xd8,0xaa,0x74,0xaa,0x92,0xb1,0xa6,0x90,
 0xb3,0xbb,0x58,0xfb,0xc8,0x58,0x50,0x81,0x31,0xcc,0x53,0x01,0xec,0xaa,0x71,0xaa,
 0x93,0xb2,0xa6,0x94,0xb5,0xbb,0x08,0xfb,0xb3,0xdd,0xac,0xc1,0x2b,0xc8,0x90,0x00,
 0xd8,0xaa,0x1a,0xa9,0x0a,0x39,0x7b,0xb2,0x6b,0xb5,0x48,0xfb,0x85,0x36,0x80,0xcc,
 0x07,0xf3,0xf0,0x00,0xe8,0xaa,0x4a,0xa9,0x0a,0x59,0x7b,0xb3,0x6b,0xb1,0x28,0xfb,
 0xc8,0x68,0x4f,0xc2,0x07,0x96,0x58,0x07,0xe5,0xaa,0x1a,0xa9,0x5a,0x49,0x7b,0xb2,
 0x6b,0xb3,0x08,0xfb,0x1a,0x8c,0xd0,0x07,0x32,0x16,0x37,0x0b,0xd4,0xaa,0x5a,0xa9,
 0x4a,0x29,0x7b,0xb1,0x6b,0xb0,0x38,0xfb,0x11,0x30,0x8f,0x8c,0x09,0x30,0x70,0x04,
 0xe1,0xaa,0x5a,0xa9,0x1a,0x49,0x7b,0xb3,0x6b,0xb0,0x28,0xfb,0x0e,0x20,0x53,0x02,
 0x2d,0x95,0x9d,0x06,0xdc,0xaa,0x5a,0xa9,0x4a,0x39,0x7b,0xb0,0x6b,0xb2,0x18,0xfb,
 0x45,0xdd,0x80,0x0c,0x14,0x1f,0x30,0x00,0xcb,0xaa,0x0a,0xa9,0x3a,0x19,0x7b,0xb4,
 0x6b,0xb5,0x28,0xfb,0x8c,0x48,0x80,0x4c,0x07,0x70,0xa1,0x0a,0xc5,0xaa,0x4a,0xa9,
 0x5a,0x09,0x7b,0xb1,0x6b,0xb3,0x28,0xfb,0x1c,0x44,0x65,0xc1,0x0f,0xf1,0x22,0x03,
 0xdc,0xaa,0x1a,0xa9,0x4a,0x39,0x7b,0xb0,0x6b,0xb2,0x58,0xfb,0x12,0xf8,0x71,0xc1,
 0x5d,0x84,0x20,0x03,0xe1,0xaa,0x3a,0xa9,0x1a,0x49,0x7b,0xb0,0x6b,0xb2,0x58,0xfb,
 0x21,0x18,0x0d,0x02,0xb9,0x7c,0x20,0x03,0xe3,0xaa,0x1a,0xa9,0x3a,0x49,0x7b,0xb0,
 0x6b,0xb2,0x58,0xfb,0xde,0xbb,0xce,0x81,0x28,0x29,0x20,0x03,0xd8,0xaa,0x1a,0xa9,
 0x0a,0x39,0x7b,0xb4,0x6b,0xb2,0x58,0xfb,0xdb,0x8f,0x80,0x08,0x32,0x22,0x90,0x0a,
 0xd5,0xaa,0x71,0xaa,0x95,0xb2,0xa6,0x90,0xb4,0xbb,0x38,0xfb,0x84,0x60,0x20,0x42,
 0x8a,0xbc,0x23,0x03,0xc4,0xaa,0x3a,0xa9,0x4a,0x09,0x7b,0xb1,0x6b,0xb2,0x58,0xfb,
 0x5a,0x23,0xa3,0x08,0x06,0xde,0x6d,0x00,0xd0,0xaa,0x4a,0xa9,0x0a,0x29,0x7b,0xb5,
 0x6b,0xb3,0x18,0xfb,0x16,0x5c,0x47,0xc1,0x01,0xe6,0x48,0x00,0xea,0xaa,0x4a,0xa9,
 0x73,0x1a,0x59,0xbb,0x6b,0xb0,0x28,0xfb,0x2a,0x8c,0x50,0x02,0x57,0x50,0xa9,0x00,
 0xca,0xaa,0x94,0xaa,0x1a,0x08,0x9b,0xb2,0x57,0xbb,0x36,0xfb,0x17,0x20,0xb3,0xf9,
 0x0a,0x84,0x28,0x02,0xe5,0xaa,0x5a,0x49,0x7b,0x3a,0xa9,0x60,0xb2,0xbb,0x18,0xfb,
 0x2f,0x0c,0x0a,0x02,0x3e,0x30,0x4c,0x00,0xec,0xaa,0x5a,0x08,0x9b,0xaa,0x91,0xb4,
 0x27,0xbb,0x36,0xfb,0x88,0xd3,0x23,0x00,0x06,0x21,0xe4,0x00,0xd4,0xaa,0x90,0xaa,
 0x2a,0x58,0x9b,0xb4,0x37,0xbb,0x16,0xfb,0xa6,0x95,0x90,0x82,0xdf,0x12,0x30,0x01,
 0xe1,0xaa,0x93,0xaa,0x4a,0x58,0x9b,0xb1,0x27,0xbb,0x06,0xfb,0xe9,0xb0,0xf0,0x04,
 0x09,0x0c,0x74,0x07,0xe1,0xaa,0x95,0xaa,0x4a,0x28,0x9b,0xb1,0x37,0xbb,0x06,0xfb,
 0x04,0x68,0x23,0xc1,0x05,0x43,0x48,0x02,0xc2,0xaa,0x2a,0x38,0x7b,0xb5,0xa8,0x70,
 0x1a,0x49,0xbb,0xfb,0x83,0x68,0x20,0x82,0x14,0xf1,0xdc,0x00,0xd3,0xaa,0x90,0xaa,
 0x2a,0x58,0x9b,0xb3,0x17,0xbb,0x46,0xfb,0xe2,0x2c,0x90,0xfb,0x03,0x2b,0x68,0x00,
 0xcd,0xaa,0x1a,0x38,0x9b,0xaa,0x92,0xb5,0x47,0xbb,0x06,0xfb,0x10,0x26,0xd0,0x80,
 0x45,0x36,0x38,0x01,0xcd,0xaa,0x4a,0x18,0x9b,0xaa,0x90,0xb5,0x27,0xbb,0x36,0xfb,
 0xda,0x94,0xe0,0x9f,0x06,0x2a,0x38,0x00,0xdc,0xaa,0x92,0xaa,0x5a,0x38,0x9b,0xb4,
 0x17,0xbb,0x06,0xfb,0xd1,0x8c,0xf0,0xcd,0x18,0x17,0xb0,0x00,0xe3,0xaa,0x92,0xaa,
 0x4a,0x58,0x9b,0xb3,0x17,0xbb,0x06,0xfb,0x07,0x80,0x25,0xa3,0x01,0x4c,0x64,0x00,
 0xec,0xaa,0x92,0xaa,0x5a,0x08,0x9b,0xb4,0x37,0xbb,0x16,0xfb,0x4a,0xdc,0xe4,0x80,
 0x04,0x1b,0xe4,0x0c,0xe0,0xaa,0x95,0xaa,0x3a,0x48,0x9b,0xb0,0x27,0xbb,0x16,0xfb,
 0x13,0x8c,0x13,0x45,0x06,0x58,0xcc,0x00,0xda,0xaa,0x94,0xaa,0x3a,0x58,0x9b,0xb2,
 0x07,0xbb,0x16,0xfb,0x29,0x8c,0x10,0xc5,0x03,0xe3,0x90,0x0b,0xda,0xaa,0x95,0xaa,
 0x3a,0x08,0x9b,0xb2,0x17,0xbb,0x46,0xfb,0x20,0x4c,0x60,0x45,0x7d,0x2e,0xdc,0x08,
 0xc2,0xaa,0x95,0xaa,0x0a,0x48,0x9b,0xb2,0x17,0xbb,0x36,0xfb,0x3a,0x11,0xc0,0xf6,
 0x02,0x13,0x28,0x00,0xdc,0xaa,0x92,0xaa,0x3a,0x18,0x9b,0xb4,0x57,0xbb,0x06,0xfb,
 0x23,0x74,0xf0,0x15,0x11,0x2e,0x29,0x01,0xcb,0xaa,0x92,0xaa,0x1a,0x58,0x9b,0xb3,
 0x07,0xbb,0x46,0xfb,0x11,0x78,0x00,0x79,0x16,0xc0,0x18,0x00,0xc3,0xaa,0x94,0xaa,
 0x0a,0x18,0x9b,0xb3,0x57,0xbb,0x26,0xfb,0x2b,0x4c,0x40,0x60,0x08,0x48,0x3d,0x01,
 0xdd,0xaa,0x94,0xaa,0x3a,0x08,0x9b,0xb5,0x17,0xbb,0x26,0xfb,0x04,0xcc,0x70,0x83,
 0xae,0xfb,0x48,0x00,0xc1,0xaa,0x0a,0x28,0x9b,0xaa,0x93,0xb1,0x57,0xbb,0x46,0xfb,
 0x1c,0x9c,0x70,0x82,0x37,0x4d,0x88,0x08,0xc4,0xaa,0x95,0xaa,0x0a,0x18,0x9b,0xb4,
 0x27,0xbb,0x36,0xfb,0x22,0x5c,0x91,0x43,0x08,0xe5,0xdc,0x04,0xc1,0xaa,0x95,0xaa,
 0x0a,0x28,0x9b,0xb1,0x37,0xbb,0x46,0xfb,0x4a,0x48,0x20,0x83,0x6c,0x2c,0x84,0x03,
 0xca,0xaa,0x93,0xaa,0x1a,0x08,0x9b,0xb2,0x47,0xbb,0x56,0xfb,0x7b,0xb2,0x00,0xc2,
 0x3f,0x1e,0x78,0x00,0xe1,0xaa,0x90,0xaa,0x4a,0x58,0x9b,0xb1,0x27,0xbb,0x36,0xfb,
 0x16,0x98,0xc7,0xc4,0x01,0xe0,0x4c,0x00,0xda,0xaa,0x91,0xaa,0x5a,0x38,0x9b,0xb2,
 0x07,0xbb,0x46,0xfb,0xef,0x2c,0x4d,0x83,0x04,0x1e,0x80,0x00,0xda,0xaa,0xaa,0x2a,
 0x16,0x9b,0xb4,0x57,0x8b,0xb3,0x06,0xfb,0x27,0x70,0x00,0x86,0x67,0xf8,0x50,0x00,
 0xca,0xaa,0x93,0xaa,0x1a,0x08,0x9b,0xb2,0x57,0xbb,0x46,0xfb,0x07,0x3c,0xd4,0xc2,
 0x11,0xee,0x3e,0x00,0xc3,0xaa,0xaa,0x1a,0x36,0x7b,0xb5,0x29,0x7b,0xb0,0x48,0xfb,
 0x33,0xec,0x33,0x01,0x04,0xc9,0x81,0x00,0xd8,0xaa,0x3a,0x58,0x9b,0xaa,0x94,0xb0,
 0x27,0xbb,0x16,0xfb,0x06,0xdc,0x53,0xf0,0x0b,0x43,0x64,0x00,0xc3,0xaa,0x0a,0x48,
 0x9b,0xaa,0x92,0xb3,0x57,0xbb,0x16,0xfb,0x09,0x75,0x90,0x90,0x08,0x1a,0xa8,0x00,
 0xdc,0xaa,0x90,0xaa,0x1a,0x38,0x9b,0xb4,0x57,0xbb,0x26,0xfb,0x49,0x8c,0xa3,0xc2,
 0x52,0x21,0x44,0x01,0xe5,0xaa,0x93,0xaa,0x4a,0x08,0x9b,0xb5,0x27,0xbb,0x16,0xfb,
 0x54,0x23,0x71,0x02,0x0b,0xef,0x30,0x00,0xea,0xaa,0x5a,0x18,0x9b,0xaa,0x90,0xb2,
 0x37,0xbb,0x46,0xfb,0x1a,0xfc,0x37,0xd2,0x09,0x1f,0x70,0x00,0xe0,0xaa,0x91,0xaa,
 0x5a,0x48,0x9b,0xb0,0x37,0xbb,0x26,0xfb,0x3e,0x40,0xd4,0x08,0x18,0x0e,0x2c,0x00,
 0xe3,0xaa,0x92,0xaa,0x4a,0x08,0x9b,0xb3,0x57,0xbb,0x16,0xfb,0xf2,0x8c,0x7e,0x81,
 0x06,0x48,0x30,0x00,0xd4,0xaa,0x91,0xaa,0x5a,0x28,0x9b,0xb4,0x37,0xbb,0x06,0xfb,
 0x1e,0x4c,0xd0,0x4c,0x08,0x20,0x9c,0x00,0xd8,0xaa,0x91,0xaa,0x4a,0x38,0x9b,0xb0,
 0x57,0xbb,0x26,0xfb,0x1f,0x5c,0xa3,0x0a,0x0d,0x20,0x38,0x01,0xc5,0xaa,0x92,0xaa,
 0x0a,0x38,0x9b,0xb5,0x47,0xbb,0x16,0xfb,
};
#endif
