game_id,name,difficulty,mechanism,bank_size,board_size,generator_params,AI_policy,rating_metric,observed_distribution,overlap,meaningfully_distinct,finding,fix,metric,before,after,finding_id,decision
1,NUMBER BASEBALL,EASY,4 digits; repeats and leading zero allowed; 16 guesses,0,N/A; see generator_params,"{""code_domain"":10000,""digits"":4,""guess_limit"":16,""samples_with_repeated_digit"":148,""secret_space_per_attempt_exact"":""10000/16""}",N/A; no AI opponent,Structural metric; human rating NOT MEASURED,"{""after"":{""code_domain"":10000,""digits"":4,""guess_limit"":16,""samples_with_repeated_digit"":148,""secret_space_per_attempt_exact"":""10000/16""},""before"":{""code_domain"":10000,""digits"":4,""guess_limit"":16,""samples_with_repeated_digit"":148}}","{""counts"":{""HARD"":0,""MASTER"":0,""NORMAL"":0},""scope"":""bounded runtime sample only, not full generator domain""}",Objective structural grading verified;not a universal human ranking,GC-D04 ACCEPTED AS DESIGNED,Existing attempt allowances intentionally preserved,digits;repeated-digit secret domain;guess allowance,"{""code_domain"":10000,""digits"":4,""guess_limit"":16,""samples_with_repeated_digit"":148}","{""code_domain"":10000,""digits"":4,""guess_limit"":16,""samples_with_repeated_digit"":148,""secret_space_per_attempt_exact"":""10000/16""}",,UNCHANGED
1,NUMBER BASEBALL,NORMAL,5 digits; 12 guesses,0,N/A; see generator_params,"{""code_domain"":100000,""digits"":5,""guess_limit"":12,""samples_with_repeated_digit"":214,""secret_space_per_attempt_exact"":""100000/12""}",N/A; no AI opponent,Structural metric; human rating NOT MEASURED,"{""after"":{""code_domain"":100000,""digits"":5,""guess_limit"":12,""samples_with_repeated_digit"":214,""secret_space_per_attempt_exact"":""100000/12""},""before"":{""code_domain"":100000,""digits"":5,""guess_limit"":12,""samples_with_repeated_digit"":214}}","{""counts"":{""EASY"":0,""HARD"":0,""MASTER"":0},""scope"":""bounded runtime sample only, not full generator domain""}",Objective structural grading verified;not a universal human ranking,GC-D04 ACCEPTED AS DESIGNED,Existing attempt allowances intentionally preserved,digits;repeated-digit secret domain;guess allowance,"{""code_domain"":100000,""digits"":5,""guess_limit"":12,""samples_with_repeated_digit"":214}","{""code_domain"":100000,""digits"":5,""guess_limit"":12,""samples_with_repeated_digit"":214,""secret_space_per_attempt_exact"":""100000/12""}",,UNCHANGED
1,NUMBER BASEBALL,HARD,6 digits; 10 guesses,0,N/A; see generator_params,"{""code_domain"":1000000,""digits"":6,""guess_limit"":10,""samples_with_repeated_digit"":238,""secret_space_per_attempt_exact"":""1000000/10""}",N/A; no AI opponent,Structural metric; human rating NOT MEASURED,"{""after"":{""code_domain"":1000000,""digits"":6,""guess_limit"":10,""samples_with_repeated_digit"":238,""secret_space_per_attempt_exact"":""1000000/10""},""before"":{""code_domain"":1000000,""digits"":6,""guess_limit"":10,""samples_with_repeated_digit"":238}}","{""counts"":{""EASY"":0,""MASTER"":0,""NORMAL"":0},""scope"":""bounded runtime sample only, not full generator domain""}",Objective structural grading verified;not a universal human ranking,GC-D04 ACCEPTED AS DESIGNED,Existing attempt allowances intentionally preserved,digits;repeated-digit secret domain;guess allowance,"{""code_domain"":1000000,""digits"":6,""guess_limit"":10,""samples_with_repeated_digit"":238}","{""code_domain"":1000000,""digits"":6,""guess_limit"":10,""samples_with_repeated_digit"":238,""secret_space_per_attempt_exact"":""1000000/10""}",,UNCHANGED
1,NUMBER BASEBALL,MASTER,7 digits; 16 guesses,0,N/A; see generator_params,"{""code_domain"":10000000,""digits"":7,""guess_limit"":16,""samples_with_repeated_digit"":251,""secret_space_per_attempt_exact"":""10000000/16""}",N/A; no AI opponent,Structural metric; human rating NOT MEASURED,"{""after"":{""code_domain"":10000000,""digits"":7,""guess_limit"":16,""samples_with_repeated_digit"":251,""secret_space_per_attempt_exact"":""10000000/16""},""before"":{""code_domain"":10000000,""digits"":7,""guess_limit"":16,""samples_with_repeated_digit"":251}}","{""counts"":{""EASY"":0,""HARD"":0,""NORMAL"":0},""scope"":""bounded runtime sample only, not full generator domain""}",Objective structural grading verified;not a universal human ranking,GC-D04 ACCEPTED AS DESIGNED,Existing attempt allowances intentionally preserved,digits;repeated-digit secret domain;guess allowance,"{""code_domain"":10000000,""digits"":7,""guess_limit"":16,""samples_with_repeated_digit"":251}","{""code_domain"":10000000,""digits"":7,""guess_limit"":16,""samples_with_repeated_digit"":251,""secret_space_per_attempt_exact"":""10000000/16""}",GC-D04,ACCEPTED AS DESIGNED
2,EQUATION GUESS,EASY,one + or -; mode lengths 7/6/8; 12 guesses,90,N/A; see generator_params,"{""by_mode"":{""0"":{""count"":30,""division_puzzles"":0,""length"":{""max"":7,""median"":7.0,""min"":7},""multiplication_puzzles"":0,""operator_count"":{""max"":1,""median"":1.0,""min"":1}},""1"":{""count"":30,""division_puzzles"":0,""length"":{""max"":6,""median"":6.0,""min"":6},""multiplication_puzzles"":0,""operator_count"":{""max"":1,""median"":1.0,""min"":1}},""2"":{""count"":30,""division_puzzles"":0,""length"":{""max"":8,""median"":8.0,""min"":8},""multiplication_puzzles"":0,""operator_count"":{""max"":1,""median"":1.0,""min"":1}}},""guess_limit"":12,""hidden_bank_candidates_per_mode"":30}",N/A; no AI opponent,Structural metric; human rating NOT MEASURED,"{""after"":{""by_mode"":{""0"":{""count"":30,""division_puzzles"":0,""length"":{""max"":7,""median"":7.0,""min"":7},""multiplication_puzzles"":0,""operator_count"":{""max"":1,""median"":1.0,""min"":1}},""1"":{""count"":30,""division_puzzles"":0,""length"":{""max"":6,""median"":6.0,""min"":6},""multiplication_puzzles"":0,""operator_count"":{""max"":1,""median"":1.0,""min"":1}},""2"":{""count"":30,""division_puzzles"":0,""length"":{""max"":8,""median"":8.0,""min"":8},""multiplication_puzzles"":0,""operator_count"":{""max"":1,""median"":1.0,""min"":1}}},""guess_limit"":12,""hidden_bank_candidates_per_mode"":30},""before"":{""by_mode"":{""0"":{""count"":30,""division_puzzles"":0,""length"":{""max"":7,""median"":7.0,""min"":7},""multiplication_puzzles"":0,""operator_count"":{""max"":1,""median"":1.0,""min"":1}},""1"":{""count"":30,""division_puzzles"":0,""length"":{""max"":6,""median"":6.0,""min"":6},""multiplication_puzzles"":0,""operator_count"":{""max"":1,""median"":1.0,""min"":1}},""2"":{""count"":30,""division_puzzles"":0,""length"":{""max"":8,""median"":8.0,""min"":8},""multiplication_puzzles"":0,""operator_count"":{""max"":1,""median"":1.0,""min"":1}}},""guess_limit"":12}}","{""counts"":{""HARD"":0,""MASTER"":0,""NORMAL"":0},""scope"":""complete current bank""}",Objective structural grading verified;not a universal human ranking,GC-D04 ACCEPTED AS DESIGNED,Existing attempt allowances intentionally preserved,equation length;operator distribution;guess allowance,"{""by_mode"":{""0"":{""count"":30,""division_puzzles"":0,""length"":{""max"":7,""median"":7.0,""min"":7},""multiplication_puzzles"":0,""operator_count"":{""max"":1,""median"":1.0,""min"":1}},""1"":{""count"":30,""division_puzzles"":0,""length"":{""max"":6,""median"":6.0,""min"":6},""multiplication_puzzles"":0,""operator_count"":{""max"":1,""median"":1.0,""min"":1}},""2"":{""count"":30,""division_puzzles"":0,""length"":{""max"":8,""median"":8.0,""min"":8},""multiplication_puzzles"":0,""operator_count"":{""max"":1,""median"":1.0,""min"":1}}},""guess_limit"":12}","{""by_mode"":{""0"":{""count"":30,""division_puzzles"":0,""length"":{""max"":7,""median"":7.0,""min"":7},""multiplication_puzzles"":0,""operator_count"":{""max"":1,""median"":1.0,""min"":1}},""1"":{""count"":30,""division_puzzles"":0,""length"":{""max"":6,""median"":6.0,""min"":6},""multiplication_puzzles"":0,""operator_count"":{""max"":1,""median"":1.0,""min"":1}},""2"":{""count"":30,""division_puzzles"":0,""length"":{""max"":8,""median"":8.0,""min"":8},""multiplication_puzzles"":0,""operator_count"":{""max"":1,""median"":1.0,""min"":1}}},""guess_limit"":12,""hidden_bank_candidates_per_mode"":30}",,UNCHANGED
2,EQUATION GUESS,NORMAL,"one +, -, or *; mode lengths 7/6/8; 10 guesses",90,N/A; see generator_params,"{""by_mode"":{""0"":{""count"":30,""division_puzzles"":0,""length"":{""max"":7,""median"":7.0,""min"":7},""multiplication_puzzles"":5,""operator_count"":{""max"":1,""median"":1.0,""min"":1}},""1"":{""count"":30,""division_puzzles"":0,""length"":{""max"":6,""median"":6.0,""min"":6},""multiplication_puzzles"":16,""operator_count"":{""max"":1,""median"":1.0,""min"":1}},""2"":{""count"":30,""division_puzzles"":0,""length"":{""max"":8,""median"":8.0,""min"":8},""multiplication_puzzles"":3,""operator_count"":{""max"":1,""median"":1.0,""min"":1}}},""guess_limit"":10,""hidden_bank_candidates_per_mode"":30}",N/A; no AI opponent,Structural metric; human rating NOT MEASURED,"{""after"":{""by_mode"":{""0"":{""count"":30,""division_puzzles"":0,""length"":{""max"":7,""median"":7.0,""min"":7},""multiplication_puzzles"":5,""operator_count"":{""max"":1,""median"":1.0,""min"":1}},""1"":{""count"":30,""division_puzzles"":0,""length"":{""max"":6,""median"":6.0,""min"":6},""multiplication_puzzles"":16,""operator_count"":{""max"":1,""median"":1.0,""min"":1}},""2"":{""count"":30,""division_puzzles"":0,""length"":{""max"":8,""median"":8.0,""min"":8},""multiplication_puzzles"":3,""operator_count"":{""max"":1,""median"":1.0,""min"":1}}},""guess_limit"":10,""hidden_bank_candidates_per_mode"":30},""before"":{""by_mode"":{""0"":{""count"":30,""division_puzzles"":0,""length"":{""max"":7,""median"":7.0,""min"":7},""multiplication_puzzles"":5,""operator_count"":{""max"":1,""median"":1.0,""min"":1}},""1"":{""count"":30,""division_puzzles"":0,""length"":{""max"":6,""median"":6.0,""min"":6},""multiplication_puzzles"":16,""operator_count"":{""max"":1,""median"":1.0,""min"":1}},""2"":{""count"":30,""division_puzzles"":0,""length"":{""max"":8,""median"":8.0,""min"":8},""multiplication_puzzles"":3,""operator_count"":{""max"":1,""median"":1.0,""min"":1}}},""guess_limit"":10}}","{""counts"":{""EASY"":0,""HARD"":0,""MASTER"":0},""scope"":""complete current bank""}",Objective structural grading verified;not a universal human ranking,GC-D04 ACCEPTED AS DESIGNED,Existing attempt allowances intentionally preserved,equation length;operator distribution;guess allowance,"{""by_mode"":{""0"":{""count"":30,""division_puzzles"":0,""length"":{""max"":7,""median"":7.0,""min"":7},""multiplication_puzzles"":5,""operator_count"":{""max"":1,""median"":1.0,""min"":1}},""1"":{""count"":30,""division_puzzles"":0,""length"":{""max"":6,""median"":6.0,""min"":6},""multiplication_puzzles"":16,""operator_count"":{""max"":1,""median"":1.0,""min"":1}},""2"":{""count"":30,""division_puzzles"":0,""length"":{""max"":8,""median"":8.0,""min"":8},""multiplication_puzzles"":3,""operator_count"":{""max"":1,""median"":1.0,""min"":1}}},""guess_limit"":10}","{""by_mode"":{""0"":{""count"":30,""division_puzzles"":0,""length"":{""max"":7,""median"":7.0,""min"":7},""multiplication_puzzles"":5,""operator_count"":{""max"":1,""median"":1.0,""min"":1}},""1"":{""count"":30,""division_puzzles"":0,""length"":{""max"":6,""median"":6.0,""min"":6},""multiplication_puzzles"":16,""operator_count"":{""max"":1,""median"":1.0,""min"":1}},""2"":{""count"":30,""division_puzzles"":0,""length"":{""max"":8,""median"":8.0,""min"":8},""multiplication_puzzles"":3,""operator_count"":{""max"":1,""median"":1.0,""min"":1}}},""guess_limit"":10,""hidden_bank_candidates_per_mode"":30}",,UNCHANGED
2,EQUATION GUESS,HARD,"STANDARD/LONG two operators, SHORT one; + - * /; 8 guesses",90,N/A; see generator_params,"{""by_mode"":{""0"":{""count"":30,""division_puzzles"":8,""length"":{""max"":7,""median"":7.0,""min"":7},""multiplication_puzzles"":11,""operator_count"":{""max"":2,""median"":2.0,""min"":2}},""1"":{""count"":30,""division_puzzles"":6,""length"":{""max"":6,""median"":6.0,""min"":6},""multiplication_puzzles"":10,""operator_count"":{""max"":1,""median"":1.0,""min"":1}},""2"":{""count"":30,""division_puzzles"":5,""length"":{""max"":8,""median"":8.0,""min"":8},""multiplication_puzzles"":21,""operator_count"":{""max"":2,""median"":2.0,""min"":2}}},""guess_limit"":8,""hidden_bank_candidates_per_mode"":30}",N/A; no AI opponent,Structural metric; human rating NOT MEASURED,"{""after"":{""by_mode"":{""0"":{""count"":30,""division_puzzles"":8,""length"":{""max"":7,""median"":7.0,""min"":7},""multiplication_puzzles"":11,""operator_count"":{""max"":2,""median"":2.0,""min"":2}},""1"":{""count"":30,""division_puzzles"":6,""length"":{""max"":6,""median"":6.0,""min"":6},""multiplication_puzzles"":10,""operator_count"":{""max"":1,""median"":1.0,""min"":1}},""2"":{""count"":30,""division_puzzles"":5,""length"":{""max"":8,""median"":8.0,""min"":8},""multiplication_puzzles"":21,""operator_count"":{""max"":2,""median"":2.0,""min"":2}}},""guess_limit"":8,""hidden_bank_candidates_per_mode"":30},""before"":{""by_mode"":{""0"":{""count"":30,""division_puzzles"":8,""length"":{""max"":7,""median"":7.0,""min"":7},""multiplication_puzzles"":11,""operator_count"":{""max"":2,""median"":2.0,""min"":2}},""1"":{""count"":30,""division_puzzles"":6,""length"":{""max"":6,""median"":6.0,""min"":6},""multiplication_puzzles"":10,""operator_count"":{""max"":1,""median"":1.0,""min"":1}},""2"":{""count"":30,""division_puzzles"":5,""length"":{""max"":8,""median"":8.0,""min"":8},""multiplication_puzzles"":21,""operator_count"":{""max"":2,""median"":2.0,""min"":2}}},""guess_limit"":8}}","{""counts"":{""EASY"":0,""MASTER"":0,""NORMAL"":0},""scope"":""complete current bank""}",Objective structural grading verified;not a universal human ranking,GC-D04 ACCEPTED AS DESIGNED,Existing attempt allowances intentionally preserved,equation length;operator distribution;guess allowance,"{""by_mode"":{""0"":{""count"":30,""division_puzzles"":8,""length"":{""max"":7,""median"":7.0,""min"":7},""multiplication_puzzles"":11,""operator_count"":{""max"":2,""median"":2.0,""min"":2}},""1"":{""count"":30,""division_puzzles"":6,""length"":{""max"":6,""median"":6.0,""min"":6},""multiplication_puzzles"":10,""operator_count"":{""max"":1,""median"":1.0,""min"":1}},""2"":{""count"":30,""division_puzzles"":5,""length"":{""max"":8,""median"":8.0,""min"":8},""multiplication_puzzles"":21,""operator_count"":{""max"":2,""median"":2.0,""min"":2}}},""guess_limit"":8}","{""by_mode"":{""0"":{""count"":30,""division_puzzles"":8,""length"":{""max"":7,""median"":7.0,""min"":7},""multiplication_puzzles"":11,""operator_count"":{""max"":2,""median"":2.0,""min"":2}},""1"":{""count"":30,""division_puzzles"":6,""length"":{""max"":6,""median"":6.0,""min"":6},""multiplication_puzzles"":10,""operator_count"":{""max"":1,""median"":1.0,""min"":1}},""2"":{""count"":30,""division_puzzles"":5,""length"":{""max"":8,""median"":8.0,""min"":8},""multiplication_puzzles"":21,""operator_count"":{""max"":2,""median"":2.0,""min"":2}}},""guess_limit"":8,""hidden_bank_candidates_per_mode"":30}",,UNCHANGED
2,EQUATION GUESS,MASTER,3/2/3 operators; mode lengths 9/8/10; mixed precedence must affect value; 12 guesses,90,N/A; see generator_params,"{""by_mode"":{""0"":{""count"":30,""division_puzzles"":17,""length"":{""max"":9,""median"":9.0,""min"":9},""multiplication_puzzles"":16,""operator_count"":{""max"":3,""median"":3.0,""min"":3}},""1"":{""count"":30,""division_puzzles"":3,""length"":{""max"":8,""median"":8.0,""min"":8},""multiplication_puzzles"":27,""operator_count"":{""max"":2,""median"":2.0,""min"":2}},""2"":{""count"":30,""division_puzzles"":10,""length"":{""max"":10,""median"":10.0,""min"":10},""multiplication_puzzles"":23,""operator_count"":{""max"":3,""median"":3.0,""min"":3}}},""guess_limit"":12,""hidden_bank_candidates_per_mode"":30}",N/A; no AI opponent,Structural metric; human rating NOT MEASURED,"{""after"":{""by_mode"":{""0"":{""count"":30,""division_puzzles"":17,""length"":{""max"":9,""median"":9.0,""min"":9},""multiplication_puzzles"":16,""operator_count"":{""max"":3,""median"":3.0,""min"":3}},""1"":{""count"":30,""division_puzzles"":3,""length"":{""max"":8,""median"":8.0,""min"":8},""multiplication_puzzles"":27,""operator_count"":{""max"":2,""median"":2.0,""min"":2}},""2"":{""count"":30,""division_puzzles"":10,""length"":{""max"":10,""median"":10.0,""min"":10},""multiplication_puzzles"":23,""operator_count"":{""max"":3,""median"":3.0,""min"":3}}},""guess_limit"":12,""hidden_bank_candidates_per_mode"":30},""before"":{""by_mode"":{""0"":{""count"":30,""division_puzzles"":17,""length"":{""max"":9,""median"":9.0,""min"":9},""multiplication_puzzles"":16,""operator_count"":{""max"":3,""median"":3.0,""min"":3}},""1"":{""count"":30,""division_puzzles"":3,""length"":{""max"":8,""median"":8.0,""min"":8},""multiplication_puzzles"":27,""operator_count"":{""max"":2,""median"":2.0,""min"":2}},""2"":{""count"":30,""division_puzzles"":10,""length"":{""max"":10,""median"":10.0,""min"":10},""multiplication_puzzles"":23,""operator_count"":{""max"":3,""median"":3.0,""min"":3}}},""guess_limit"":12}}","{""counts"":{""EASY"":0,""HARD"":0,""NORMAL"":0},""scope"":""complete current bank""}",Objective structural grading verified;not a universal human ranking,GC-D04 ACCEPTED AS DESIGNED,Existing attempt allowances intentionally preserved,equation length;operator distribution;guess allowance,"{""by_mode"":{""0"":{""count"":30,""division_puzzles"":17,""length"":{""max"":9,""median"":9.0,""min"":9},""multiplication_puzzles"":16,""operator_count"":{""max"":3,""median"":3.0,""min"":3}},""1"":{""count"":30,""division_puzzles"":3,""length"":{""max"":8,""median"":8.0,""min"":8},""multiplication_puzzles"":27,""operator_count"":{""max"":2,""median"":2.0,""min"":2}},""2"":{""count"":30,""division_puzzles"":10,""length"":{""max"":10,""median"":10.0,""min"":10},""multiplication_puzzles"":23,""operator_count"":{""max"":3,""median"":3.0,""min"":3}}},""guess_limit"":12}","{""by_mode"":{""0"":{""count"":30,""division_puzzles"":17,""length"":{""max"":9,""median"":9.0,""min"":9},""multiplication_puzzles"":16,""operator_count"":{""max"":3,""median"":3.0,""min"":3}},""1"":{""count"":30,""division_puzzles"":3,""length"":{""max"":8,""median"":8.0,""min"":8},""multiplication_puzzles"":27,""operator_count"":{""max"":2,""median"":2.0,""min"":2}},""2"":{""count"":30,""division_puzzles"":10,""length"":{""max"":10,""median"":10.0,""min"":10},""multiplication_puzzles"":23,""operator_count"":{""max"":3,""median"":3.0,""min"":3}}},""guess_limit"":12,""hidden_bank_candidates_per_mode"":30}",GC-D04,ACCEPTED AS DESIGNED
3,NUMBER MIND,EASY,4 positions × 6 symbols,30,N/A; see generator_params,"{""clue_count"":{""max"":11,""median"":8.0,""min"":5},""domain"":1296,""zero_match_clues"":{""max"":7,""median"":4.0,""min"":1}}",N/A; no AI opponent,Structural metric; human rating NOT MEASURED,"{""after"":{""clue_count"":{""max"":11,""median"":8.0,""min"":5},""domain"":1296,""zero_match_clues"":{""max"":7,""median"":4.0,""min"":1}},""before"":{""clue_count"":{""max"":11,""median"":8.0,""min"":5},""domain"":1296,""zero_match_clues"":{""max"":7,""median"":4.0,""min"":1}}}","{""counts"":{""HARD"":0,""MASTER"":0,""NORMAL"":0},""scope"":""complete current bank""}",Objective structural grading verified;not a universal human ranking,Human difficulty uncalibrated; measured structural parameters only.,No demonstrated selector no-op; generation and legacy banks preserved,Structural metric; human rating NOT MEASURED,"{""bank_per_mode"":30,""metrics"":{""clue_count"":{""max"":11,""median"":8.0,""min"":5},""domain"":1296,""zero_match_clues"":{""max"":7,""median"":4.0,""min"":1}},""modes"":1,""unique"":30,""unique_bank"":30,""validated_initializations"":30}","{""after"":{""clue_count"":{""max"":11,""median"":8.0,""min"":5},""domain"":1296,""zero_match_clues"":{""max"":7,""median"":4.0,""min"":1}},""before"":{""clue_count"":{""max"":11,""median"":8.0,""min"":5},""domain"":1296,""zero_match_clues"":{""max"":7,""median"":4.0,""min"":1}}}",,UNCHANGED
3,NUMBER MIND,NORMAL,4 positions × 8 symbols,30,N/A; see generator_params,"{""clue_count"":{""max"":13,""median"":10.0,""min"":6},""domain"":4096,""zero_match_clues"":{""max"":9,""median"":5.0,""min"":2}}",N/A; no AI opponent,Structural metric; human rating NOT MEASURED,"{""after"":{""clue_count"":{""max"":13,""median"":10.0,""min"":6},""domain"":4096,""zero_match_clues"":{""max"":9,""median"":5.0,""min"":2}},""before"":{""clue_count"":{""max"":13,""median"":10.0,""min"":6},""domain"":4096,""zero_match_clues"":{""max"":9,""median"":5.0,""min"":2}}}","{""counts"":{""EASY"":0,""HARD"":0,""MASTER"":0},""scope"":""complete current bank""}",Objective structural grading verified;not a universal human ranking,Human difficulty uncalibrated; measured structural parameters only.,No demonstrated selector no-op; generation and legacy banks preserved,Structural metric; human rating NOT MEASURED,"{""bank_per_mode"":30,""metrics"":{""clue_count"":{""max"":13,""median"":10.0,""min"":6},""domain"":4096,""zero_match_clues"":{""max"":9,""median"":5.0,""min"":2}},""modes"":1,""unique"":30,""unique_bank"":30,""validated_initializations"":30}","{""after"":{""clue_count"":{""max"":13,""median"":10.0,""min"":6},""domain"":4096,""zero_match_clues"":{""max"":9,""median"":5.0,""min"":2}},""before"":{""clue_count"":{""max"":13,""median"":10.0,""min"":6},""domain"":4096,""zero_match_clues"":{""max"":9,""median"":5.0,""min"":2}}}",,UNCHANGED
3,NUMBER MIND,HARD,5 positions × 8 symbols,30,N/A; see generator_params,"{""clue_count"":{""max"":14,""median"":11.5,""min"":6},""domain"":32768,""zero_match_clues"":{""max"":10,""median"":5.0,""min"":1}}",N/A; no AI opponent,Structural metric; human rating NOT MEASURED,"{""after"":{""clue_count"":{""max"":14,""median"":11.5,""min"":6},""domain"":32768,""zero_match_clues"":{""max"":10,""median"":5.0,""min"":1}},""before"":{""clue_count"":{""max"":14,""median"":11.5,""min"":6},""domain"":32768,""zero_match_clues"":{""max"":10,""median"":5.0,""min"":1}}}","{""counts"":{""EASY"":0,""MASTER"":0,""NORMAL"":0},""scope"":""complete current bank""}",Objective structural grading verified;not a universal human ranking,Human difficulty uncalibrated; measured structural parameters only.,No demonstrated selector no-op; generation and legacy banks preserved,Structural metric; human rating NOT MEASURED,"{""bank_per_mode"":30,""metrics"":{""clue_count"":{""max"":14,""median"":11.5,""min"":6},""domain"":32768,""zero_match_clues"":{""max"":10,""median"":5.0,""min"":1}},""modes"":1,""unique"":30,""unique_bank"":30,""validated_initializations"":30}","{""after"":{""clue_count"":{""max"":14,""median"":11.5,""min"":6},""domain"":32768,""zero_match_clues"":{""max"":10,""median"":5.0,""min"":1}},""before"":{""clue_count"":{""max"":14,""median"":11.5,""min"":6},""domain"":32768,""zero_match_clues"":{""max"":10,""median"":5.0,""min"":1}}}",,UNCHANGED
3,NUMBER MIND,MASTER,6 positions × 8 symbols; up to 13 clues,30,N/A; see generator_params,"{""clue_count"":{""max"":13,""median"":12.0,""min"":8},""domain"":262144,""zero_match_clues"":{""max"":7,""median"":4.0,""min"":1}}",N/A; no AI opponent,Structural metric; human rating NOT MEASURED,"{""after"":{""clue_count"":{""max"":13,""median"":12.0,""min"":8},""domain"":262144,""zero_match_clues"":{""max"":7,""median"":4.0,""min"":1}},""before"":{""clue_count"":{""max"":13,""median"":12.0,""min"":8},""domain"":262144,""zero_match_clues"":{""max"":7,""median"":4.0,""min"":1}}}","{""counts"":{""EASY"":0,""HARD"":0,""NORMAL"":0},""scope"":""complete current bank""}",Objective structural grading verified;not a universal human ranking,Human difficulty uncalibrated; measured structural parameters only.,No demonstrated selector no-op; generation and legacy banks preserved,Structural metric; human rating NOT MEASURED,"{""bank_per_mode"":30,""metrics"":{""clue_count"":{""max"":13,""median"":12.0,""min"":8},""domain"":262144,""zero_match_clues"":{""max"":7,""median"":4.0,""min"":1}},""modes"":1,""unique"":30,""unique_bank"":30,""validated_initializations"":30}","{""after"":{""clue_count"":{""max"":13,""median"":12.0,""min"":8},""domain"":262144,""zero_match_clues"":{""max"":7,""median"":4.0,""min"":1}},""before"":{""clue_count"":{""max"":13,""median"":12.0,""min"":8},""domain"":262144,""zero_match_clues"":{""max"":7,""median"":4.0,""min"":1}}}",,UNCHANGED
4,CLUE LOCK,EASY,domain 0..99; range/parity/digit sum/two remainders/contains digit,30,N/A; see generator_params,"{""domain"":100,""modulus_values"":[3,4,5,7,9,11,13,17],""public_range_width"":{""max"":99,""median"":72.5,""min"":52}}",N/A; no AI opponent,Structural metric; human rating NOT MEASURED,"{""after"":{""domain"":100,""modulus_values"":[3,4,5,7,9,11,13,17],""public_range_width"":{""max"":99,""median"":72.5,""min"":52}},""before"":{""domain"":100,""modulus_values"":[3,4,5,7,9,11,13,17],""public_range_width"":{""max"":99,""median"":72.5,""min"":52}}}","{""counts"":{""HARD"":0,""MASTER"":0,""NORMAL"":0},""scope"":""complete current bank""}",Objective structural grading verified;not a universal human ranking,Human difficulty uncalibrated; measured structural parameters only.,No demonstrated selector no-op; generation and legacy banks preserved,Structural metric; human rating NOT MEASURED,"{""bank_per_mode"":30,""metrics"":{""domain"":100,""modulus_values"":[3,4,5,7,9,11,13,17],""public_range_width"":{""max"":99,""median"":72.5,""min"":52}},""modes"":1,""unique"":30,""unique_bank"":30,""validated_initializations"":30}","{""after"":{""domain"":100,""modulus_values"":[3,4,5,7,9,11,13,17],""public_range_width"":{""max"":99,""median"":72.5,""min"":52}},""before"":{""domain"":100,""modulus_values"":[3,4,5,7,9,11,13,17],""public_range_width"":{""max"":99,""median"":72.5,""min"":52}}}",,UNCHANGED
4,CLUE LOCK,NORMAL,domain 0..499; contains-digit clue removed,30,N/A; see generator_params,"{""domain"":500,""modulus_values"":[3,4,5,7,9,11,13,17],""public_range_width"":{""max"":471,""median"":377.0,""min"":242}}",N/A; no AI opponent,Structural metric; human rating NOT MEASURED,"{""after"":{""domain"":500,""modulus_values"":[3,4,5,7,9,11,13,17],""public_range_width"":{""max"":471,""median"":377.0,""min"":242}},""before"":{""domain"":500,""modulus_values"":[3,4,5,7,9,11,13,17],""public_range_width"":{""max"":471,""median"":377.0,""min"":242}}}","{""counts"":{""EASY"":0,""HARD"":0,""MASTER"":0},""scope"":""complete current bank""}",Objective structural grading verified;not a universal human ranking,Human difficulty uncalibrated; measured structural parameters only.,No demonstrated selector no-op; generation and legacy banks preserved,Structural metric; human rating NOT MEASURED,"{""bank_per_mode"":30,""metrics"":{""domain"":500,""modulus_values"":[3,4,5,7,9,11,13,17],""public_range_width"":{""max"":471,""median"":377.0,""min"":242}},""modes"":1,""unique"":30,""unique_bank"":30,""validated_initializations"":30}","{""after"":{""domain"":500,""modulus_values"":[3,4,5,7,9,11,13,17],""public_range_width"":{""max"":471,""median"":377.0,""min"":242}},""before"":{""domain"":500,""modulus_values"":[3,4,5,7,9,11,13,17],""public_range_width"":{""max"":471,""median"":377.0,""min"":242}}}",,UNCHANGED
4,CLUE LOCK,HARD,"domain 0..999; range and two distinct large moduli, no parity or digit sum",30,N/A; see generator_params,"{""domain"":1000,""modulus_values"":[17,19,23,29,31,37],""public_range_width"":{""max"":973,""median"":732.5,""min"":573}}",N/A; no AI opponent,Structural metric; human rating NOT MEASURED,"{""after"":{""domain"":1000,""modulus_values"":[17,19,23,29,31,37],""public_range_width"":{""max"":973,""median"":732.5,""min"":573}},""before"":{""domain"":1000,""modulus_values"":[17,19,23,29,31,37],""public_range_width"":{""max"":973,""median"":732.5,""min"":573}}}","{""counts"":{""EASY"":0,""MASTER"":0,""NORMAL"":0},""scope"":""complete current bank""}",Objective structural grading verified;not a universal human ranking,Human difficulty uncalibrated; measured structural parameters only.,No demonstrated selector no-op; generation and legacy banks preserved,Structural metric; human rating NOT MEASURED,"{""bank_per_mode"":30,""metrics"":{""domain"":1000,""modulus_values"":[17,19,23,29,31,37],""public_range_width"":{""max"":973,""median"":732.5,""min"":573}},""modes"":1,""unique"":30,""unique_bank"":30,""validated_initializations"":30}","{""after"":{""domain"":1000,""modulus_values"":[17,19,23,29,31,37],""public_range_width"":{""max"":973,""median"":732.5,""min"":573}},""before"":{""domain"":1000,""modulus_values"":[17,19,23,29,31,37],""public_range_width"":{""max"":973,""median"":732.5,""min"":573}}}",,UNCHANGED
4,CLUE LOCK,MASTER,domain 0..9999; three remainders plus digit sum; every clue essential,30,N/A; see generator_params,"{""domain"":10000,""modulus_values"":[7,11,13,17,19],""omit_one_clue_candidates"":{""max"":13,""median"":4.0,""min"":2},""public_range_width"":{""max"":10000,""median"":10000.0,""min"":10000}}",N/A; no AI opponent,Structural metric; human rating NOT MEASURED,"{""after"":{""domain"":10000,""modulus_values"":[7,11,13,17,19],""omit_one_clue_candidates"":{""max"":13,""median"":4.0,""min"":2},""public_range_width"":{""max"":10000,""median"":10000.0,""min"":10000}},""before"":{""domain"":10000,""modulus_values"":[7,11,13,17,19],""omit_one_clue_candidates"":{""max"":13,""median"":4.0,""min"":2},""public_range_width"":{""max"":10000,""median"":10000.0,""min"":10000}}}","{""counts"":{""EASY"":0,""HARD"":0,""NORMAL"":0},""scope"":""complete current bank""}",Objective structural grading verified;not a universal human ranking,Human difficulty uncalibrated; measured structural parameters only.,No demonstrated selector no-op; generation and legacy banks preserved,Structural metric; human rating NOT MEASURED,"{""bank_per_mode"":30,""metrics"":{""domain"":10000,""modulus_values"":[7,11,13,17,19],""omit_one_clue_candidates"":{""max"":13,""median"":4.0,""min"":2},""public_range_width"":{""max"":10000,""median"":10000.0,""min"":10000}},""modes"":1,""unique"":30,""unique_bank"":30,""validated_initializations"":30}","{""after"":{""domain"":10000,""modulus_values"":[7,11,13,17,19],""omit_one_clue_candidates"":{""max"":13,""median"":4.0,""min"":2},""public_range_width"":{""max"":10000,""median"":10000.0,""min"":10000}},""before"":{""domain"":10000,""modulus_values"":[7,11,13,17,19],""omit_one_clue_candidates"":{""max"":13,""median"":4.0,""min"":2},""public_range_width"":{""max"":10000,""median"":10000.0,""min"":10000}}}",,UNCHANGED
5,SEQUENCE DETECTIVE,EASY,AP12/GP9/shared-step9,30,N/A; see generator_params,"{""affine_E_N_overlap"":1,""affine_unique"":9,""ambiguity_rejects"":0,""exact_E_N_overlap"":0,""families"":{""0"":12,""1"":9,""4"":9},""max_absolute_term"":{""max"":3645,""median"":17.5,""min"":4},""percentages"":{""0"":40.0,""1"":30.0,""4"":30.0},""prefix_length"":6}",N/A; no AI opponent,Structural metric; human rating NOT MEASURED,"{""after"":{""affine_E_N_overlap"":1,""affine_unique"":9,""ambiguity_rejects"":0,""exact_E_N_overlap"":0,""families"":{""0"":12,""1"":9,""4"":9},""max_absolute_term"":{""max"":3645,""median"":17.5,""min"":4},""percentages"":{""0"":40.0,""1"":30.0,""4"":30.0},""prefix_length"":6},""before"":{""families"":{""0"":5,""4"":25},""max_absolute_term"":{""max"":39,""median"":11.0,""min"":3}}}","{""counts"":{""HARD"":0,""MASTER"":0,""NORMAL"":0},""scope"":""complete current bank""}",Objective structural grading verified;not a universal human ranking,GC-D02 RESOLVED / BANK REBALANCED,Fresh revision4 IDs120..179; old bank preserved,rule-family distribution;prefix magnitude;bounded-grammar ambiguity,"{""families"":{""0"":5,""4"":25},""max_absolute_term"":{""max"":39,""median"":11.0,""min"":3}}","{""affine_E_N_overlap"":1,""affine_unique"":9,""ambiguity_rejects"":0,""exact_E_N_overlap"":0,""families"":{""0"":12,""1"":9,""4"":9},""max_absolute_term"":{""max"":3645,""median"":17.5,""min"":4},""percentages"":{""0"":40.0,""1"":30.0,""4"":30.0},""prefix_length"":6}",GC-D02,RESOLVED / BANK REBALANCED
5,SEQUENCE DETECTIVE,NORMAL,quadratic9/Fibonacci9/unequal interleaved8/offset4,30,N/A; see generator_params,"{""affine_E_N_overlap"":1,""affine_unique"":27,""ambiguity_rejects"":0,""exact_E_N_overlap"":0,""families"":{""2"":9,""3"":9,""5"":4,""7"":8},""max_absolute_term"":{""max"":2550,""median"":49.0,""min"":3},""percentages"":{""2"":30.0,""3"":30.0,""5"":13.333333333333334,""7"":26.666666666666668},""prefix_length"":6}",N/A; no AI opponent,Structural metric; human rating NOT MEASURED,"{""after"":{""affine_E_N_overlap"":1,""affine_unique"":27,""ambiguity_rejects"":0,""exact_E_N_overlap"":0,""families"":{""2"":9,""3"":9,""5"":4,""7"":8},""max_absolute_term"":{""max"":2550,""median"":49.0,""min"":3},""percentages"":{""2"":30.0,""3"":30.0,""5"":13.333333333333334,""7"":26.666666666666668},""prefix_length"":6},""before"":{""families"":{""2"":2,""3"":3,""4"":25},""max_absolute_term"":{""max"":96,""median"":11.0,""min"":5}}}","{""counts"":{""EASY"":0,""HARD"":0,""MASTER"":0},""scope"":""complete current bank""}",Objective structural grading verified;not a universal human ranking,GC-D02 RESOLVED / BANK REBALANCED,Fresh revision4 IDs120..179; old bank preserved,rule-family distribution;prefix magnitude;bounded-grammar ambiguity,"{""families"":{""2"":2,""3"":3,""4"":25},""max_absolute_term"":{""max"":96,""median"":11.0,""min"":5}}","{""affine_E_N_overlap"":1,""affine_unique"":27,""ambiguity_rejects"":0,""exact_E_N_overlap"":0,""families"":{""2"":9,""3"":9,""5"":4,""7"":8},""max_absolute_term"":{""max"":2550,""median"":49.0,""min"":3},""percentages"":{""2"":30.0,""3"":30.0,""5"":13.333333333333334,""7"":26.666666666666668},""prefix_length"":6}",GC-D02,RESOLVED / BANK REBALANCED
5,SEQUENCE DETECTIVE,HARD,quadratic/Fibonacci/affine recurrence grammar,30,N/A; see generator_params,"{""families"":{""2"":14,""3"":4,""5"":12},""max_absolute_term"":{""max"":3644,""median"":82.5,""min"":2}}",N/A; no AI opponent,Structural metric; human rating NOT MEASURED,"{""after"":{""families"":{""2"":14,""3"":4,""5"":12},""max_absolute_term"":{""max"":3644,""median"":82.5,""min"":2}},""before"":{""families"":{""2"":14,""3"":4,""5"":12},""max_absolute_term"":{""max"":3644,""median"":82.5,""min"":2}}}","{""counts"":{""EASY"":0,""MASTER"":0,""NORMAL"":0},""scope"":""complete current bank""}",Objective structural grading verified;not a universal human ranking,Human difficulty uncalibrated; measured structural parameters only.,No demonstrated selector no-op; generation and legacy banks preserved,rule-family distribution;prefix magnitude;bounded-grammar ambiguity,"{""families"":{""2"":14,""3"":4,""5"":12},""max_absolute_term"":{""max"":3644,""median"":82.5,""min"":2}}","{""families"":{""2"":14,""3"":4,""5"":12},""max_absolute_term"":{""max"":3644,""median"":82.5,""min"":2}}",,UNCHANGED
5,SEQUENCE DETECTIVE,MASTER,second-order affine recurrence or unequal-step alternating grammar; 15 each,30,N/A; see generator_params,"{""families"":{""6"":15,""7"":15},""max_absolute_term"":{""max"":989,""median"":17.5,""min"":2}}",N/A; no AI opponent,Structural metric; human rating NOT MEASURED,"{""after"":{""families"":{""6"":15,""7"":15},""max_absolute_term"":{""max"":989,""median"":17.5,""min"":2}},""before"":{""families"":{""6"":15,""7"":15},""max_absolute_term"":{""max"":989,""median"":17.5,""min"":2}}}","{""counts"":{""EASY"":0,""HARD"":0,""NORMAL"":0},""scope"":""complete current bank""}",Objective structural grading verified;not a universal human ranking,Human difficulty uncalibrated; measured structural parameters only.,No demonstrated selector no-op; generation and legacy banks preserved,rule-family distribution;prefix magnitude;bounded-grammar ambiguity,"{""families"":{""6"":15,""7"":15},""max_absolute_term"":{""max"":989,""median"":17.5,""min"":2}}","{""families"":{""6"":15,""7"":15},""max_absolute_term"":{""max"":989,""median"":17.5,""min"":2}}",,UNCHANGED
6,MAKE TARGET,EASY,4 cards; exact minimum needs no division,2000,N/A; see generator_params,"{""canonical_duplicates"":0,""canonical_solution_count"":{""max"":12000,""median"":432.0,""min"":324,""p90"":576,""p95"":720},""card_value"":{""max"":498,""median"":9.0,""min"":1,""p90"":88,""p95"":140},""cards"":4,""complexity_score"":{""max"":8296,""median"":8296.0,""min"":69,""p90"":8296,""p95"":8296},""count"":2000,""decimal_digit_distribution"":{""1"":4217,""2"":3104,""3"":679,""4"":0},""division_required"":0,""division_steps"":{""max"":0,""median"":0.0,""min"":0},""fraction_required"":0,""fractional_steps"":{""max"":0,""median"":0.0,""min"":0},""max_card"":999,""max_denominator"":{""max"":1,""median"":1.0,""min"":1},""records_per_target"":2,""revision"":5,""subtraction_steps"":{""max"":1,""median"":1.0,""min"":0},""targets"":1000,""total_records"":2000,""tree_depth"":{""max"":3,""median"":3.0,""min"":2},""unary_steps"":{""max"":0,""median"":0.0,""min"":0}}",N/A; no AI opponent,Exact rational minimum tuple and card magnitude; human rating NOT MEASURED,"{""after"":{""canonical_duplicates"":0,""canonical_solution_count"":{""max"":12000,""median"":432.0,""min"":324,""p90"":576,""p95"":720},""card_value"":{""max"":498,""median"":9.0,""min"":1,""p90"":88,""p95"":140},""cards"":4,""complexity_score"":{""max"":8296,""median"":8296.0,""min"":69,""p90"":8296,""p95"":8296},""count"":2000,""decimal_digit_distribution"":{""1"":4217,""2"":3104,""3"":679,""4"":0},""division_required"":0,""division_steps"":{""max"":0,""median"":0.0,""min"":0},""fraction_required"":0,""fractional_steps"":{""max"":0,""median"":0.0,""min"":0},""max_card"":999,""max_denominator"":{""max"":1,""median"":1.0,""min"":1},""records_per_target"":2,""revision"":5,""subtraction_steps"":{""max"":1,""median"":1.0,""min"":0},""targets"":1000,""total_records"":2000,""tree_depth"":{""max"":3,""median"":3.0,""min"":2},""unary_steps"":{""max"":0,""median"":0.0,""min"":0}},""before"":{""canonical_duplicates"":0,""canonical_solution_count"":{""max"":10512,""median"":432.0,""min"":324},""card_value"":{""max"":491,""median"":9.0,""min"":1,""p90"":86,""p95"":138},""cards"":4,""complexity_score"":{""max"":8296,""median"":8296.0,""min"":69},""count"":2000,""decimal_digit_distribution"":{""1"":4215,""2"":3131,""3"":654,""4"":0},""division_required"":0,""division_steps"":{""max"":0,""median"":0.0,""min"":0},""fraction_required"":0,""fractional_steps"":{""max"":0,""median"":0.0,""min"":0},""max_denominator"":{""max"":1,""median"":1.0,""min"":1},""records_per_target"":2,""subtraction_steps"":{""max"":1,""median"":1.0,""min"":0},""targets"":1000,""total_records"":2000,""tree_depth"":{""max"":3,""median"":3.0,""min"":2},""unary_steps"":{""max"":0,""median"":0.0,""min"":0}}}",Exact target+card multiset cross-level overlap0 over all8000 records,Objective structural grading verified;not a universal human ranking,GC-D05 RESOLVED / EXHAUSTIVE GRADING; beta.5 CARD BOUND,"Revision5 1..999-card decks, two per target/level; beta.4 saves retained unchanged",exact rational minimum tuple;graded score;canonical solution count,"{""canonical_duplicates"":0,""canonical_solution_count"":{""max"":10512,""median"":432.0,""min"":324},""card_value"":{""max"":491,""median"":9.0,""min"":1,""p90"":86,""p95"":138},""cards"":4,""complexity_score"":{""max"":8296,""median"":8296.0,""min"":69},""count"":2000,""decimal_digit_distribution"":{""1"":4215,""2"":3131,""3"":654,""4"":0},""division_required"":0,""division_steps"":{""max"":0,""median"":0.0,""min"":0},""fraction_required"":0,""fractional_steps"":{""max"":0,""median"":0.0,""min"":0},""max_denominator"":{""max"":1,""median"":1.0,""min"":1},""records_per_target"":2,""subtraction_steps"":{""max"":1,""median"":1.0,""min"":0},""targets"":1000,""total_records"":2000,""tree_depth"":{""max"":3,""median"":3.0,""min"":2},""unary_steps"":{""max"":0,""median"":0.0,""min"":0}}","{""canonical_duplicates"":0,""canonical_solution_count"":{""max"":12000,""median"":432.0,""min"":324,""p90"":576,""p95"":720},""card_value"":{""max"":498,""median"":9.0,""min"":1,""p90"":88,""p95"":140},""cards"":4,""complexity_score"":{""max"":8296,""median"":8296.0,""min"":69,""p90"":8296,""p95"":8296},""count"":2000,""decimal_digit_distribution"":{""1"":4217,""2"":3104,""3"":679,""4"":0},""division_required"":0,""division_steps"":{""max"":0,""median"":0.0,""min"":0},""fraction_required"":0,""fractional_steps"":{""max"":0,""median"":0.0,""min"":0},""max_card"":999,""max_denominator"":{""max"":1,""median"":1.0,""min"":1},""records_per_target"":2,""revision"":5,""subtraction_steps"":{""max"":1,""median"":1.0,""min"":0},""targets"":1000,""total_records"":2000,""tree_depth"":{""max"":3,""median"":3.0,""min"":2},""unary_steps"":{""max"":0,""median"":0.0,""min"":0}}",GC-D05,RESOLVED / EXHAUSTIVE COMPLEXITY GRADING
6,MAKE TARGET,NORMAL,4 cards; exact minimum requires integer division,2000,N/A; see generator_params,"{""canonical_duplicates"":0,""canonical_solution_count"":{""max"":5168,""median"":480.0,""min"":96,""p90"":2208,""p95"":4224},""card_value"":{""max"":999,""median"":13.0,""min"":1,""p90"":736,""p95"":900},""cards"":4,""complexity_score"":{""max"":270410,""median"":270408.0,""min"":270404,""p90"":270410,""p95"":270410},""count"":2000,""decimal_digit_distribution"":{""1"":3326,""2"":2181,""3"":2493,""4"":0},""division_required"":2000,""division_steps"":{""max"":1,""median"":1.0,""min"":1},""fraction_required"":0,""fractional_steps"":{""max"":0,""median"":0.0,""min"":0},""max_card"":999,""max_denominator"":{""max"":1,""median"":1.0,""min"":1},""records_per_target"":2,""revision"":5,""subtraction_steps"":{""max"":0,""median"":0.0,""min"":0},""targets"":1000,""total_records"":2000,""tree_depth"":{""max"":2,""median"":2.0,""min"":2},""unary_steps"":{""max"":0,""median"":0.0,""min"":0}}",N/A; no AI opponent,Exact rational minimum tuple and card magnitude; human rating NOT MEASURED,"{""after"":{""canonical_duplicates"":0,""canonical_solution_count"":{""max"":5168,""median"":480.0,""min"":96,""p90"":2208,""p95"":4224},""card_value"":{""max"":999,""median"":13.0,""min"":1,""p90"":736,""p95"":900},""cards"":4,""complexity_score"":{""max"":270410,""median"":270408.0,""min"":270404,""p90"":270410,""p95"":270410},""count"":2000,""decimal_digit_distribution"":{""1"":3326,""2"":2181,""3"":2493,""4"":0},""division_required"":2000,""division_steps"":{""max"":1,""median"":1.0,""min"":1},""fraction_required"":0,""fractional_steps"":{""max"":0,""median"":0.0,""min"":0},""max_card"":999,""max_denominator"":{""max"":1,""median"":1.0,""min"":1},""records_per_target"":2,""revision"":5,""subtraction_steps"":{""max"":0,""median"":0.0,""min"":0},""targets"":1000,""total_records"":2000,""tree_depth"":{""max"":2,""median"":2.0,""min"":2},""unary_steps"":{""max"":0,""median"":0.0,""min"":0}},""before"":{""canonical_duplicates"":0,""canonical_solution_count"":{""max"":4320,""median"":144.0,""min"":96},""card_value"":{""max"":31765,""median"":119.5,""min"":2,""p90"":13882,""p95"":18878},""cards"":4,""complexity_score"":{""max"":270410,""median"":270409.0,""min"":270404},""count"":2000,""decimal_digit_distribution"":{""1"":1501,""2"":2433,""3"":576,""4"":3490},""division_required"":2000,""division_steps"":{""max"":1,""median"":1.0,""min"":1},""fraction_required"":0,""fractional_steps"":{""max"":0,""median"":0.0,""min"":0},""max_denominator"":{""max"":1,""median"":1.0,""min"":1},""records_per_target"":2,""subtraction_steps"":{""max"":0,""median"":0.0,""min"":0},""targets"":1000,""total_records"":2000,""tree_depth"":{""max"":2,""median"":2.0,""min"":2},""unary_steps"":{""max"":0,""median"":0.0,""min"":0}}}",Exact target+card multiset cross-level overlap0 over all8000 records,Objective structural grading verified;not a universal human ranking,GC-D05 RESOLVED / EXHAUSTIVE GRADING; beta.5 CARD BOUND,"Revision5 1..999-card decks, two per target/level; beta.4 saves retained unchanged",exact rational minimum tuple;graded score;canonical solution count,"{""canonical_duplicates"":0,""canonical_solution_count"":{""max"":4320,""median"":144.0,""min"":96},""card_value"":{""max"":31765,""median"":119.5,""min"":2,""p90"":13882,""p95"":18878},""cards"":4,""complexity_score"":{""max"":270410,""median"":270409.0,""min"":270404},""count"":2000,""decimal_digit_distribution"":{""1"":1501,""2"":2433,""3"":576,""4"":3490},""division_required"":2000,""division_steps"":{""max"":1,""median"":1.0,""min"":1},""fraction_required"":0,""fractional_steps"":{""max"":0,""median"":0.0,""min"":0},""max_denominator"":{""max"":1,""median"":1.0,""min"":1},""records_per_target"":2,""subtraction_steps"":{""max"":0,""median"":0.0,""min"":0},""targets"":1000,""total_records"":2000,""tree_depth"":{""max"":2,""median"":2.0,""min"":2},""unary_steps"":{""max"":0,""median"":0.0,""min"":0}}","{""canonical_duplicates"":0,""canonical_solution_count"":{""max"":5168,""median"":480.0,""min"":96,""p90"":2208,""p95"":4224},""card_value"":{""max"":999,""median"":13.0,""min"":1,""p90"":736,""p95"":900},""cards"":4,""complexity_score"":{""max"":270410,""median"":270408.0,""min"":270404,""p90"":270410,""p95"":270410},""count"":2000,""decimal_digit_distribution"":{""1"":3326,""2"":2181,""3"":2493,""4"":0},""division_required"":2000,""division_steps"":{""max"":1,""median"":1.0,""min"":1},""fraction_required"":0,""fractional_steps"":{""max"":0,""median"":0.0,""min"":0},""max_card"":999,""max_denominator"":{""max"":1,""median"":1.0,""min"":1},""records_per_target"":2,""revision"":5,""subtraction_steps"":{""max"":0,""median"":0.0,""min"":0},""targets"":1000,""total_records"":2000,""tree_depth"":{""max"":2,""median"":2.0,""min"":2},""unary_steps"":{""max"":0,""median"":0.0,""min"":0}}",GC-D05,RESOLVED / EXHAUSTIVE COMPLEXITY GRADING
6,MAKE TARGET,HARD,5 cards; exact minimum requires integer division,2000,N/A; see generator_params,"{""canonical_duplicates"":0,""canonical_solution_count"":{""max"":92736,""median"":576.0,""min"":288,""p90"":3264,""p95"":6912},""card_value"":{""max"":999,""median"":21.0,""min"":1,""p90"":695,""p95"":873},""cards"":5,""complexity_score"":{""max"":278632,""median"":278631.0,""min"":270432,""p90"":278631,""p95"":278632},""count"":2000,""decimal_digit_distribution"":{""1"":3295,""2"":3744,""3"":2961,""4"":0},""division_required"":2000,""division_steps"":{""max"":1,""median"":1.0,""min"":1},""fraction_required"":0,""fractional_steps"":{""max"":0,""median"":0.0,""min"":0},""max_card"":999,""max_denominator"":{""max"":1,""median"":1.0,""min"":1},""records_per_target"":2,""revision"":5,""subtraction_steps"":{""max"":1,""median"":1.0,""min"":0},""targets"":1000,""total_records"":2000,""tree_depth"":{""max"":4,""median"":3.0,""min"":3},""unary_steps"":{""max"":0,""median"":0.0,""min"":0}}",N/A; no AI opponent,Exact rational minimum tuple and card magnitude; human rating NOT MEASURED,"{""after"":{""canonical_duplicates"":0,""canonical_solution_count"":{""max"":92736,""median"":576.0,""min"":288,""p90"":3264,""p95"":6912},""card_value"":{""max"":999,""median"":21.0,""min"":1,""p90"":695,""p95"":873},""cards"":5,""complexity_score"":{""max"":278632,""median"":278631.0,""min"":270432,""p90"":278631,""p95"":278632},""count"":2000,""decimal_digit_distribution"":{""1"":3295,""2"":3744,""3"":2961,""4"":0},""division_required"":2000,""division_steps"":{""max"":1,""median"":1.0,""min"":1},""fraction_required"":0,""fractional_steps"":{""max"":0,""median"":0.0,""min"":0},""max_card"":999,""max_denominator"":{""max"":1,""median"":1.0,""min"":1},""records_per_target"":2,""revision"":5,""subtraction_steps"":{""max"":1,""median"":1.0,""min"":0},""targets"":1000,""total_records"":2000,""tree_depth"":{""max"":4,""median"":3.0,""min"":3},""unary_steps"":{""max"":0,""median"":0.0,""min"":0}},""before"":{""canonical_duplicates"":0,""canonical_solution_count"":{""max"":27648,""median"":576.0,""min"":432},""card_value"":{""max"":32424,""median"":694.5,""min"":1,""p90"":11077,""p95"":16667},""cards"":5,""complexity_score"":{""max"":278632,""median"":278631.0,""min"":270434},""count"":2000,""decimal_digit_distribution"":{""1"":14,""2"":4090,""3"":1367,""4"":4529},""division_required"":2000,""division_steps"":{""max"":1,""median"":1.0,""min"":1},""fraction_required"":0,""fractional_steps"":{""max"":0,""median"":0.0,""min"":0},""max_denominator"":{""max"":1,""median"":1.0,""min"":1},""records_per_target"":2,""subtraction_steps"":{""max"":1,""median"":1.0,""min"":0},""targets"":1000,""total_records"":2000,""tree_depth"":{""max"":4,""median"":3.0,""min"":3},""unary_steps"":{""max"":0,""median"":0.0,""min"":0}}}",Exact target+card multiset cross-level overlap0 over all8000 records,Objective structural grading verified;not a universal human ranking,GC-D05 RESOLVED / EXHAUSTIVE GRADING; beta.5 CARD BOUND,"Revision5 1..999-card decks, two per target/level; beta.4 saves retained unchanged",exact rational minimum tuple;graded score;canonical solution count,"{""canonical_duplicates"":0,""canonical_solution_count"":{""max"":27648,""median"":576.0,""min"":432},""card_value"":{""max"":32424,""median"":694.5,""min"":1,""p90"":11077,""p95"":16667},""cards"":5,""complexity_score"":{""max"":278632,""median"":278631.0,""min"":270434},""count"":2000,""decimal_digit_distribution"":{""1"":14,""2"":4090,""3"":1367,""4"":4529},""division_required"":2000,""division_steps"":{""max"":1,""median"":1.0,""min"":1},""fraction_required"":0,""fractional_steps"":{""max"":0,""median"":0.0,""min"":0},""max_denominator"":{""max"":1,""median"":1.0,""min"":1},""records_per_target"":2,""subtraction_steps"":{""max"":1,""median"":1.0,""min"":0},""targets"":1000,""total_records"":2000,""tree_depth"":{""max"":4,""median"":3.0,""min"":3},""unary_steps"":{""max"":0,""median"":0.0,""min"":0}}","{""canonical_duplicates"":0,""canonical_solution_count"":{""max"":92736,""median"":576.0,""min"":288,""p90"":3264,""p95"":6912},""card_value"":{""max"":999,""median"":21.0,""min"":1,""p90"":695,""p95"":873},""cards"":5,""complexity_score"":{""max"":278632,""median"":278631.0,""min"":270432,""p90"":278631,""p95"":278632},""count"":2000,""decimal_digit_distribution"":{""1"":3295,""2"":3744,""3"":2961,""4"":0},""division_required"":2000,""division_steps"":{""max"":1,""median"":1.0,""min"":1},""fraction_required"":0,""fractional_steps"":{""max"":0,""median"":0.0,""min"":0},""max_card"":999,""max_denominator"":{""max"":1,""median"":1.0,""min"":1},""records_per_target"":2,""revision"":5,""subtraction_steps"":{""max"":1,""median"":1.0,""min"":0},""targets"":1000,""total_records"":2000,""tree_depth"":{""max"":4,""median"":3.0,""min"":3},""unary_steps"":{""max"":0,""median"":0.0,""min"":0}}",GC-D05,RESOLVED / EXHAUSTIVE COMPLEXITY GRADING
6,MAKE TARGET,MASTER,6 cards; every legal solution requires a fractional intermediate,2000,N/A; see generator_params,"{""canonical_duplicates"":0,""canonical_solution_count"":{""max"":419712,""median"":4608.0,""min"":2304,""p90"":8064,""p95"":18432},""card_value"":{""max"":999,""median"":115.0,""min"":1,""p90"":792,""p95"":904},""cards"":6,""complexity_score"":{""max"":9208997,""median"":4744356.0,""min"":4472963,""p90"":4744356,""p95"":4744356},""count"":2000,""decimal_digit_distribution"":{""1"":177,""2"":5525,""3"":6298,""4"":0},""division_required"":2000,""division_steps"":{""max"":3,""median"":3.0,""min"":1},""fraction_required"":2000,""fractional_steps"":{""max"":2,""median"":2.0,""min"":2},""max_card"":999,""max_denominator"":{""max"":199,""median"":98.0,""min"":2},""records_per_target"":2,""revision"":5,""subtraction_steps"":{""max"":2,""median"":1.0,""min"":0},""targets"":1000,""total_records"":2000,""tree_depth"":{""max"":5,""median"":5.0,""min"":4},""unary_steps"":{""max"":0,""median"":0.0,""min"":0}}",N/A; no AI opponent,Exact rational minimum tuple and card magnitude; human rating NOT MEASURED,"{""after"":{""canonical_duplicates"":0,""canonical_solution_count"":{""max"":419712,""median"":4608.0,""min"":2304,""p90"":8064,""p95"":18432},""card_value"":{""max"":999,""median"":115.0,""min"":1,""p90"":792,""p95"":904},""cards"":6,""complexity_score"":{""max"":9208997,""median"":4744356.0,""min"":4472963,""p90"":4744356,""p95"":4744356},""count"":2000,""decimal_digit_distribution"":{""1"":177,""2"":5525,""3"":6298,""4"":0},""division_required"":2000,""division_steps"":{""max"":3,""median"":3.0,""min"":1},""fraction_required"":2000,""fractional_steps"":{""max"":2,""median"":2.0,""min"":2},""max_card"":999,""max_denominator"":{""max"":199,""median"":98.0,""min"":2},""records_per_target"":2,""revision"":5,""subtraction_steps"":{""max"":2,""median"":1.0,""min"":0},""targets"":1000,""total_records"":2000,""tree_depth"":{""max"":5,""median"":5.0,""min"":4},""unary_steps"":{""max"":0,""median"":0.0,""min"":0}},""before"":{""canonical_duplicates"":0,""canonical_solution_count"":{""max"":52992,""median"":2304.0,""min"":2304},""card_value"":{""max"":32748,""median"":498.0,""min"":9,""p90"":14340,""p95"":19551},""cards"":6,""complexity_score"":{""max"":5014693,""median"":5014693.0,""min"":4472963},""count"":2000,""decimal_digit_distribution"":{""1"":1,""2"":1700,""3"":4819,""4"":5480},""division_required"":2000,""division_steps"":{""max"":3,""median"":3.0,""min"":1},""fraction_required"":2000,""fractional_steps"":{""max"":2,""median"":2.0,""min"":2},""max_denominator"":{""max"":199,""median"":98.0,""min"":2},""records_per_target"":2,""subtraction_steps"":{""max"":2,""median"":1.0,""min"":0},""targets"":1000,""total_records"":2000,""tree_depth"":{""max"":5,""median"":5.0,""min"":4},""unary_steps"":{""max"":0,""median"":0.0,""min"":0}}}",Exact target+card multiset cross-level overlap0 over all8000 records,Objective structural grading verified;not a universal human ranking,GC-D05 RESOLVED / EXHAUSTIVE GRADING; beta.5 CARD BOUND,"Revision5 1..999-card decks, two per target/level; beta.4 saves retained unchanged",exact rational minimum tuple;graded score;canonical solution count,"{""canonical_duplicates"":0,""canonical_solution_count"":{""max"":52992,""median"":2304.0,""min"":2304},""card_value"":{""max"":32748,""median"":498.0,""min"":9,""p90"":14340,""p95"":19551},""cards"":6,""complexity_score"":{""max"":5014693,""median"":5014693.0,""min"":4472963},""count"":2000,""decimal_digit_distribution"":{""1"":1,""2"":1700,""3"":4819,""4"":5480},""division_required"":2000,""division_steps"":{""max"":3,""median"":3.0,""min"":1},""fraction_required"":2000,""fractional_steps"":{""max"":2,""median"":2.0,""min"":2},""max_denominator"":{""max"":199,""median"":98.0,""min"":2},""records_per_target"":2,""subtraction_steps"":{""max"":2,""median"":1.0,""min"":0},""targets"":1000,""total_records"":2000,""tree_depth"":{""max"":5,""median"":5.0,""min"":4},""unary_steps"":{""max"":0,""median"":0.0,""min"":0}}","{""canonical_duplicates"":0,""canonical_solution_count"":{""max"":419712,""median"":4608.0,""min"":2304,""p90"":8064,""p95"":18432},""card_value"":{""max"":999,""median"":115.0,""min"":1,""p90"":792,""p95"":904},""cards"":6,""complexity_score"":{""max"":9208997,""median"":4744356.0,""min"":4472963,""p90"":4744356,""p95"":4744356},""count"":2000,""decimal_digit_distribution"":{""1"":177,""2"":5525,""3"":6298,""4"":0},""division_required"":2000,""division_steps"":{""max"":3,""median"":3.0,""min"":1},""fraction_required"":2000,""fractional_steps"":{""max"":2,""median"":2.0,""min"":2},""max_card"":999,""max_denominator"":{""max"":199,""median"":98.0,""min"":2},""records_per_target"":2,""revision"":5,""subtraction_steps"":{""max"":2,""median"":1.0,""min"":0},""targets"":1000,""total_records"":2000,""tree_depth"":{""max"":5,""median"":5.0,""min"":4},""unary_steps"":{""max"":0,""median"":0.0,""min"":0}}",GC-D05,RESOLVED / EXHAUSTIVE COMPLEXITY GRADING
7,COUNTDOWN,EASY,6 cards; 1 large + 5 small,30,N/A; see generator_params,"{""canonical_exact_solutions"":{""max"":6222,""median"":238.5,""min"":51},""division_required"":0,""easiest_subtractions"":{""max"":1,""median"":0.0,""min"":0},""minimum_card_histogram"":{""2"":2,""3"":12,""4"":13,""5"":3},""minimum_cards"":{""max"":5,""median"":4.0,""min"":2},""minimum_operations"":{""max"":4,""median"":3.0,""min"":1},""one_card_count"":0,""problem_count"":30,""three_card_count"":12,""two_card_count"":2}",N/A; no AI opponent,Structural metric; human rating NOT MEASURED,"{""after"":{""canonical_exact_solutions"":{""max"":6222,""median"":238.5,""min"":51},""division_required"":0,""easiest_subtractions"":{""max"":1,""median"":0.0,""min"":0},""minimum_card_histogram"":{""2"":2,""3"":12,""4"":13,""5"":3},""minimum_cards"":{""max"":5,""median"":4.0,""min"":2},""minimum_operations"":{""max"":4,""median"":3.0,""min"":1},""one_card_count"":0,""problem_count"":30,""three_card_count"":12,""two_card_count"":2},""before"":{""canonical_exact_solutions"":{""max"":6222,""median"":238.5,""min"":51},""division_required"":0,""easiest_subtractions"":{""max"":1,""median"":0.0,""min"":0},""minimum_card_histogram"":{""2"":2,""3"":12,""4"":13,""5"":3},""minimum_cards"":{""max"":5,""median"":4.0,""min"":2},""minimum_operations"":{""max"":4,""median"":3.0,""min"":1},""one_card_count"":0,""problem_count"":30,""three_card_count"":12,""two_card_count"":2}}","{""counts"":{""HARD"":0,""MASTER"":0,""NORMAL"":0},""scope"":""complete current bank""}",Objective structural grading verified;not a universal human ranking,UNCHANGED / GC-D01 applies to HARD,Original bank retained; exact metrics reverified,exact subset minimum cards/operations;canonical solution count,"{""canonical_exact_solutions"":{""max"":6222,""median"":238.5,""min"":51},""division_required"":0,""easiest_subtractions"":{""max"":1,""median"":0.0,""min"":0},""minimum_card_histogram"":{""2"":2,""3"":12,""4"":13,""5"":3},""minimum_cards"":{""max"":5,""median"":4.0,""min"":2},""minimum_operations"":{""max"":4,""median"":3.0,""min"":1},""one_card_count"":0,""problem_count"":30,""three_card_count"":12,""two_card_count"":2}","{""canonical_exact_solutions"":{""max"":6222,""median"":238.5,""min"":51},""division_required"":0,""easiest_subtractions"":{""max"":1,""median"":0.0,""min"":0},""minimum_card_histogram"":{""2"":2,""3"":12,""4"":13,""5"":3},""minimum_cards"":{""max"":5,""median"":4.0,""min"":2},""minimum_operations"":{""max"":4,""median"":3.0,""min"":1},""one_card_count"":0,""problem_count"":30,""three_card_count"":12,""two_card_count"":2}",,UNCHANGED
7,COUNTDOWN,NORMAL,6 cards; 2 large + 4 small,30,N/A; see generator_params,"{""canonical_exact_solutions"":{""max"":1623,""median"":233.5,""min"":11},""division_required"":0,""easiest_subtractions"":{""max"":1,""median"":0.0,""min"":0},""minimum_card_histogram"":{""2"":1,""3"":10,""4"":18,""5"":1},""minimum_cards"":{""max"":5,""median"":4.0,""min"":2},""minimum_operations"":{""max"":4,""median"":3.0,""min"":1},""one_card_count"":0,""problem_count"":30,""three_card_count"":10,""two_card_count"":1}",N/A; no AI opponent,Structural metric; human rating NOT MEASURED,"{""after"":{""canonical_exact_solutions"":{""max"":1623,""median"":233.5,""min"":11},""division_required"":0,""easiest_subtractions"":{""max"":1,""median"":0.0,""min"":0},""minimum_card_histogram"":{""2"":1,""3"":10,""4"":18,""5"":1},""minimum_cards"":{""max"":5,""median"":4.0,""min"":2},""minimum_operations"":{""max"":4,""median"":3.0,""min"":1},""one_card_count"":0,""problem_count"":30,""three_card_count"":10,""two_card_count"":1},""before"":{""canonical_exact_solutions"":{""max"":1623,""median"":233.5,""min"":11},""division_required"":0,""easiest_subtractions"":{""max"":1,""median"":0.0,""min"":0},""minimum_card_histogram"":{""2"":1,""3"":10,""4"":18,""5"":1},""minimum_cards"":{""max"":5,""median"":4.0,""min"":2},""minimum_operations"":{""max"":4,""median"":3.0,""min"":1},""one_card_count"":0,""problem_count"":30,""three_card_count"":10,""two_card_count"":1}}","{""counts"":{""EASY"":0,""HARD"":0,""MASTER"":0},""scope"":""complete current bank""}",Objective structural grading verified;not a universal human ranking,UNCHANGED / GC-D01 applies to HARD,Original bank retained; exact metrics reverified,exact subset minimum cards/operations;canonical solution count,"{""canonical_exact_solutions"":{""max"":1623,""median"":233.5,""min"":11},""division_required"":0,""easiest_subtractions"":{""max"":1,""median"":0.0,""min"":0},""minimum_card_histogram"":{""2"":1,""3"":10,""4"":18,""5"":1},""minimum_cards"":{""max"":5,""median"":4.0,""min"":2},""minimum_operations"":{""max"":4,""median"":3.0,""min"":1},""one_card_count"":0,""problem_count"":30,""three_card_count"":10,""two_card_count"":1}","{""canonical_exact_solutions"":{""max"":1623,""median"":233.5,""min"":11},""division_required"":0,""easiest_subtractions"":{""max"":1,""median"":0.0,""min"":0},""minimum_card_histogram"":{""2"":1,""3"":10,""4"":18,""5"":1},""minimum_cards"":{""max"":5,""median"":4.0,""min"":2},""minimum_operations"":{""max"":4,""median"":3.0,""min"":1},""one_card_count"":0,""problem_count"":30,""three_card_count"":10,""two_card_count"":1}",,UNCHANGED
7,COUNTDOWN,HARD,6 cards;3 large;every exact solution requires at least4 cards,30,N/A; see generator_params,"{""canonical_exact_solutions"":{""max"":2064,""median"":168.0,""min"":16},""division_required"":0,""easiest_subtractions"":{""max"":2,""median"":1.0,""min"":0},""minimum_card_histogram"":{""4"":19,""5"":11},""minimum_cards"":{""max"":5,""median"":4.0,""min"":4},""minimum_operations"":{""max"":4,""median"":3.0,""min"":3},""one_card_count"":0,""problem_count"":30,""three_card_count"":0,""two_card_count"":0}",N/A; no AI opponent,Structural metric; human rating NOT MEASURED,"{""after"":{""canonical_exact_solutions"":{""max"":2064,""median"":168.0,""min"":16},""division_required"":0,""easiest_subtractions"":{""max"":2,""median"":1.0,""min"":0},""minimum_card_histogram"":{""4"":19,""5"":11},""minimum_cards"":{""max"":5,""median"":4.0,""min"":4},""minimum_operations"":{""max"":4,""median"":3.0,""min"":3},""one_card_count"":0,""problem_count"":30,""three_card_count"":0,""two_card_count"":0},""before"":{""canonical_exact_solutions"":{""max"":6858,""median"":555.0,""min"":17},""division_required"":0,""easiest_subtractions"":{""max"":2,""median"":0.0,""min"":0},""minimum_card_histogram"":{""1"":2,""2"":2,""3"":11,""4"":12,""5"":3},""minimum_cards"":{""max"":5,""median"":3.5,""min"":1},""minimum_operations"":{""max"":4,""median"":2.5,""min"":0},""one_card_count"":2,""problem_count"":30,""three_card_count"":11,""two_card_count"":2}}","{""counts"":{""EASY"":0,""MASTER"":0,""NORMAL"":0},""scope"":""complete current bank""}",Objective structural grading verified;not a universal human ranking,GC-D01 RESOLVED / CONTENT REVISED,Revision4 HARD IDs120..149; old saves preserve IDs60..89,exact subset minimum cards/operations;canonical solution count,"{""canonical_exact_solutions"":{""max"":6858,""median"":555.0,""min"":17},""division_required"":0,""easiest_subtractions"":{""max"":2,""median"":0.0,""min"":0},""minimum_card_histogram"":{""1"":2,""2"":2,""3"":11,""4"":12,""5"":3},""minimum_cards"":{""max"":5,""median"":3.5,""min"":1},""minimum_operations"":{""max"":4,""median"":2.5,""min"":0},""one_card_count"":2,""problem_count"":30,""three_card_count"":11,""two_card_count"":2}","{""canonical_exact_solutions"":{""max"":2064,""median"":168.0,""min"":16},""division_required"":0,""easiest_subtractions"":{""max"":2,""median"":1.0,""min"":0},""minimum_card_histogram"":{""4"":19,""5"":11},""minimum_cards"":{""max"":5,""median"":4.0,""min"":4},""minimum_operations"":{""max"":4,""median"":3.0,""min"":3},""one_card_count"":0,""problem_count"":30,""three_card_count"":0,""two_card_count"":0}",GC-D01,RESOLVED / CONTENT REVISED
7,COUNTDOWN,MASTER,6 cards; 3 large + 3 small; every exact solution uses all six and division,30,N/A; see generator_params,"{""canonical_exact_solutions"":{""max"":42,""median"":3.0,""min"":1},""division_required"":30,""easiest_subtractions"":{""max"":2,""median"":1.0,""min"":0},""minimum_card_histogram"":{""6"":30},""minimum_cards"":{""max"":6,""median"":6.0,""min"":6},""minimum_operations"":{""max"":5,""median"":5.0,""min"":5},""one_card_count"":0,""problem_count"":30,""three_card_count"":0,""two_card_count"":0}",N/A; no AI opponent,Structural metric; human rating NOT MEASURED,"{""after"":{""canonical_exact_solutions"":{""max"":42,""median"":3.0,""min"":1},""division_required"":30,""easiest_subtractions"":{""max"":2,""median"":1.0,""min"":0},""minimum_card_histogram"":{""6"":30},""minimum_cards"":{""max"":6,""median"":6.0,""min"":6},""minimum_operations"":{""max"":5,""median"":5.0,""min"":5},""one_card_count"":0,""problem_count"":30,""three_card_count"":0,""two_card_count"":0},""before"":{""canonical_exact_solutions"":{""max"":42,""median"":3.0,""min"":1},""division_required"":30,""easiest_subtractions"":{""max"":2,""median"":1.0,""min"":0},""minimum_card_histogram"":{""6"":30},""minimum_cards"":{""max"":6,""median"":6.0,""min"":6},""minimum_operations"":{""max"":5,""median"":5.0,""min"":5},""one_card_count"":0,""problem_count"":30,""three_card_count"":0,""two_card_count"":0}}","{""counts"":{""EASY"":0,""HARD"":0,""NORMAL"":0},""scope"":""complete current bank""}",Objective structural grading verified;not a universal human ranking,UNCHANGED / GC-D01 applies to HARD,Original bank retained; exact metrics reverified,exact subset minimum cards/operations;canonical solution count,"{""canonical_exact_solutions"":{""max"":42,""median"":3.0,""min"":1},""division_required"":30,""easiest_subtractions"":{""max"":2,""median"":1.0,""min"":0},""minimum_card_histogram"":{""6"":30},""minimum_cards"":{""max"":6,""median"":6.0,""min"":6},""minimum_operations"":{""max"":5,""median"":5.0,""min"":5},""one_card_count"":0,""problem_count"":30,""three_card_count"":0,""two_card_count"":0}","{""canonical_exact_solutions"":{""max"":42,""median"":3.0,""min"":1},""division_required"":30,""easiest_subtractions"":{""max"":2,""median"":1.0,""min"":0},""minimum_card_histogram"":{""6"":30},""minimum_cards"":{""max"":6,""median"":6.0,""min"":6},""minimum_operations"":{""max"":5,""median"":5.0,""min"":5},""one_card_count"":0,""problem_count"":30,""three_card_count"":0,""two_card_count"":0}",,UNCHANGED
8,MISSING OPERATORS,EASY,3 numbers; witness + - *; all four operators accepted,0,N/A; see generator_params,"{""fallback"":""128 attempts then fixed plus-only puzzle"",""fallback_observed"":""not instrumented; not inferred from absence"",""numbers"":3,""operator_assignments_per_puzzle"":16,""operator_kinds_per_solution"":{""max"":2,""median"":2.0,""min"":1},""solution_count_exhaustive"":{""max"":4,""median"":1.0,""min"":1}}",N/A; no AI opponent,Structural metric; human rating NOT MEASURED,"{""after"":{""fallback"":""128 attempts then fixed plus-only puzzle"",""fallback_observed"":""not instrumented; not inferred from absence"",""numbers"":3,""operator_assignments_per_puzzle"":16,""operator_kinds_per_solution"":{""max"":2,""median"":2.0,""min"":1},""solution_count_exhaustive"":{""max"":4,""median"":1.0,""min"":1}},""before"":{""fallback"":""128 attempts then fixed plus-only puzzle"",""fallback_observed"":""not instrumented; not inferred from absence"",""numbers"":3,""operator_assignments_per_puzzle"":16,""operator_kinds_per_solution"":{""max"":2,""median"":2.0,""min"":1},""solution_count_exhaustive"":{""max"":4,""median"":1.0,""min"":1}}}","{""counts"":{""HARD"":0,""MASTER"":0,""NORMAL"":0},""scope"":""bounded runtime sample only, not full generator domain""}",Objective structural grading verified;not a universal human ranking,Human difficulty uncalibrated; measured structural parameters only.,No demonstrated selector no-op; generation and legacy banks preserved,Structural metric; human rating NOT MEASURED,"{""bank_per_mode"":0,""metrics"":{""fallback"":""128 attempts then fixed plus-only puzzle"",""fallback_observed"":""not instrumented; not inferred from absence"",""numbers"":3,""operator_assignments_per_puzzle"":16,""operator_kinds_per_solution"":{""max"":2,""median"":2.0,""min"":1},""solution_count_exhaustive"":{""max"":4,""median"":1.0,""min"":1}},""modes"":1,""unique"":251,""unique_bank"":null,""validated_initializations"":256}","{""after"":{""fallback"":""128 attempts then fixed plus-only puzzle"",""fallback_observed"":""not instrumented; not inferred from absence"",""numbers"":3,""operator_assignments_per_puzzle"":16,""operator_kinds_per_solution"":{""max"":2,""median"":2.0,""min"":1},""solution_count_exhaustive"":{""max"":4,""median"":1.0,""min"":1}},""before"":{""fallback"":""128 attempts then fixed plus-only puzzle"",""fallback_observed"":""not instrumented; not inferred from absence"",""numbers"":3,""operator_assignments_per_puzzle"":16,""operator_kinds_per_solution"":{""max"":2,""median"":2.0,""min"":1},""solution_count_exhaustive"":{""max"":4,""median"":1.0,""min"":1}}}",,UNCHANGED
8,MISSING OPERATORS,NORMAL,4 numbers; witness + - * /,0,N/A; see generator_params,"{""fallback"":""128 attempts then fixed plus-only puzzle"",""fallback_observed"":""not instrumented; not inferred from absence"",""numbers"":4,""operator_assignments_per_puzzle"":64,""operator_kinds_per_solution"":{""max"":3,""median"":2,""min"":1},""solution_count_exhaustive"":{""max"":10,""median"":1.0,""min"":1}}",N/A; no AI opponent,Structural metric; human rating NOT MEASURED,"{""after"":{""fallback"":""128 attempts then fixed plus-only puzzle"",""fallback_observed"":""not instrumented; not inferred from absence"",""numbers"":4,""operator_assignments_per_puzzle"":64,""operator_kinds_per_solution"":{""max"":3,""median"":2,""min"":1},""solution_count_exhaustive"":{""max"":10,""median"":1.0,""min"":1}},""before"":{""fallback"":""128 attempts then fixed plus-only puzzle"",""fallback_observed"":""not instrumented; not inferred from absence"",""numbers"":4,""operator_assignments_per_puzzle"":64,""operator_kinds_per_solution"":{""max"":3,""median"":2,""min"":1},""solution_count_exhaustive"":{""max"":10,""median"":1.0,""min"":1}}}","{""counts"":{""EASY"":0,""HARD"":0,""MASTER"":0},""scope"":""bounded runtime sample only, not full generator domain""}",Objective structural grading verified;not a universal human ranking,Human difficulty uncalibrated; measured structural parameters only.,No demonstrated selector no-op; generation and legacy banks preserved,Structural metric; human rating NOT MEASURED,"{""bank_per_mode"":0,""metrics"":{""fallback"":""128 attempts then fixed plus-only puzzle"",""fallback_observed"":""not instrumented; not inferred from absence"",""numbers"":4,""operator_assignments_per_puzzle"":64,""operator_kinds_per_solution"":{""max"":3,""median"":2,""min"":1},""solution_count_exhaustive"":{""max"":10,""median"":1.0,""min"":1}},""modes"":1,""unique"":256,""unique_bank"":null,""validated_initializations"":256}","{""after"":{""fallback"":""128 attempts then fixed plus-only puzzle"",""fallback_observed"":""not instrumented; not inferred from absence"",""numbers"":4,""operator_assignments_per_puzzle"":64,""operator_kinds_per_solution"":{""max"":3,""median"":2,""min"":1},""solution_count_exhaustive"":{""max"":10,""median"":1.0,""min"":1}},""before"":{""fallback"":""128 attempts then fixed plus-only puzzle"",""fallback_observed"":""not instrumented; not inferred from absence"",""numbers"":4,""operator_assignments_per_puzzle"":64,""operator_kinds_per_solution"":{""max"":3,""median"":2,""min"":1},""solution_count_exhaustive"":{""max"":10,""median"":1.0,""min"":1}}}",,UNCHANGED
8,MISSING OPERATORS,HARD,5 numbers; witness + - * /,0,N/A; see generator_params,"{""fallback"":""128 attempts then fixed plus-only puzzle"",""fallback_observed"":""not instrumented; not inferred from absence"",""numbers"":5,""operator_assignments_per_puzzle"":256,""operator_kinds_per_solution"":{""max"":4,""median"":3,""min"":1},""solution_count_exhaustive"":{""max"":21,""median"":3.0,""min"":1}}",N/A; no AI opponent,Structural metric; human rating NOT MEASURED,"{""after"":{""fallback"":""128 attempts then fixed plus-only puzzle"",""fallback_observed"":""not instrumented; not inferred from absence"",""numbers"":5,""operator_assignments_per_puzzle"":256,""operator_kinds_per_solution"":{""max"":4,""median"":3,""min"":1},""solution_count_exhaustive"":{""max"":21,""median"":3.0,""min"":1}},""before"":{""fallback"":""128 attempts then fixed plus-only puzzle"",""fallback_observed"":""not instrumented; not inferred from absence"",""numbers"":5,""operator_assignments_per_puzzle"":256,""operator_kinds_per_solution"":{""max"":4,""median"":3,""min"":1},""solution_count_exhaustive"":{""max"":21,""median"":3.0,""min"":1}}}","{""counts"":{""EASY"":0,""MASTER"":0,""NORMAL"":0},""scope"":""bounded runtime sample only, not full generator domain""}",Objective structural grading verified;not a universal human ranking,Human difficulty uncalibrated; measured structural parameters only.,No demonstrated selector no-op; generation and legacy banks preserved,Structural metric; human rating NOT MEASURED,"{""bank_per_mode"":0,""metrics"":{""fallback"":""128 attempts then fixed plus-only puzzle"",""fallback_observed"":""not instrumented; not inferred from absence"",""numbers"":5,""operator_assignments_per_puzzle"":256,""operator_kinds_per_solution"":{""max"":4,""median"":3,""min"":1},""solution_count_exhaustive"":{""max"":21,""median"":3.0,""min"":1}},""modes"":1,""unique"":256,""unique_bank"":null,""validated_initializations"":256}","{""after"":{""fallback"":""128 attempts then fixed plus-only puzzle"",""fallback_observed"":""not instrumented; not inferred from absence"",""numbers"":5,""operator_assignments_per_puzzle"":256,""operator_kinds_per_solution"":{""max"":4,""median"":3,""min"":1},""solution_count_exhaustive"":{""max"":21,""median"":3.0,""min"":1}},""before"":{""fallback"":""128 attempts then fixed plus-only puzzle"",""fallback_observed"":""not instrumented; not inferred from absence"",""numbers"":5,""operator_assignments_per_puzzle"":256,""operator_kinds_per_solution"":{""max"":4,""median"":3,""min"":1},""solution_count_exhaustive"":{""max"":21,""median"":3.0,""min"":1}}}",,UNCHANGED
8,MISSING OPERATORS,MASTER,6 numbers; 1..3 solutions; every solution uses at least 3 operator kinds,30,N/A; see generator_params,"{""fallback"":""none; bank-backed"",""fallback_observed"":""not applicable"",""numbers"":6,""operator_assignments_per_puzzle"":1024,""operator_kinds_per_solution"":{""max"":4,""median"":3,""min"":3},""solution_count_exhaustive"":{""max"":3,""median"":1.0,""min"":1}}",N/A; no AI opponent,Structural metric; human rating NOT MEASURED,"{""after"":{""fallback"":""none; bank-backed"",""fallback_observed"":""not applicable"",""numbers"":6,""operator_assignments_per_puzzle"":1024,""operator_kinds_per_solution"":{""max"":4,""median"":3,""min"":3},""solution_count_exhaustive"":{""max"":3,""median"":1.0,""min"":1}},""before"":{""fallback"":""none; bank-backed"",""fallback_observed"":""not applicable"",""numbers"":6,""operator_assignments_per_puzzle"":1024,""operator_kinds_per_solution"":{""max"":4,""median"":3,""min"":3},""solution_count_exhaustive"":{""max"":3,""median"":1.0,""min"":1}}}","{""counts"":{""EASY"":0,""HARD"":0,""NORMAL"":0},""scope"":""complete current bank""}",Objective structural grading verified;not a universal human ranking,Human difficulty uncalibrated; measured structural parameters only.,No demonstrated selector no-op; generation and legacy banks preserved,Structural metric; human rating NOT MEASURED,"{""bank_per_mode"":30,""metrics"":{""fallback"":""none; bank-backed"",""fallback_observed"":""not applicable"",""numbers"":6,""operator_assignments_per_puzzle"":1024,""operator_kinds_per_solution"":{""max"":4,""median"":3,""min"":3},""solution_count_exhaustive"":{""max"":3,""median"":1.0,""min"":1}},""modes"":1,""unique"":30,""unique_bank"":30,""validated_initializations"":30}","{""after"":{""fallback"":""none; bank-backed"",""fallback_observed"":""not applicable"",""numbers"":6,""operator_assignments_per_puzzle"":1024,""operator_kinds_per_solution"":{""max"":4,""median"":3,""min"":3},""solution_count_exhaustive"":{""max"":3,""median"":1.0,""min"":1}},""before"":{""fallback"":""none; bank-backed"",""fallback_observed"":""not applicable"",""numbers"":6,""operator_assignments_per_puzzle"":1024,""operator_kinds_per_solution"":{""max"":4,""median"":3,""min"":3},""solution_count_exhaustive"":{""max"":3,""median"":1.0,""min"":1}}}",,UNCHANGED
9,CROSS MATH,EASY,3×3; four fixed numbers,30,3x3,"{""column_only_all_different_boards"":{""max"":6,""median"":2.0,""min"":1},""givens"":{""max"":4,""median"":4.0,""min"":4},""minimum_axis_candidates"":{""max"":4,""median"":2.0,""min"":1},""row_only_all_different_boards"":{""max"":6,""median"":2.0,""min"":1}}",N/A; no AI opponent,Structural metric; human rating NOT MEASURED,"{""after"":{""column_only_all_different_boards"":{""max"":6,""median"":2.0,""min"":1},""givens"":{""max"":4,""median"":4.0,""min"":4},""minimum_axis_candidates"":{""max"":4,""median"":2.0,""min"":1},""row_only_all_different_boards"":{""max"":6,""median"":2.0,""min"":1}},""before"":{""column_only_all_different_boards"":{""max"":6,""median"":2.0,""min"":1},""givens"":{""max"":4,""median"":4.0,""min"":4},""minimum_axis_candidates"":{""max"":4,""median"":2.0,""min"":1},""row_only_all_different_boards"":{""max"":6,""median"":2.0,""min"":1}}}","{""counts"":{""HARD"":0,""MASTER"":0,""NORMAL"":0},""scope"":""complete current bank""}",Objective structural grading verified;not a universal human ranking,Human difficulty uncalibrated; measured structural parameters only.,No demonstrated selector no-op; generation and legacy banks preserved,Structural metric; human rating NOT MEASURED,"{""bank_per_mode"":30,""metrics"":{""column_only_all_different_boards"":{""max"":6,""median"":2.0,""min"":1},""givens"":{""max"":4,""median"":4.0,""min"":4},""minimum_axis_candidates"":{""max"":4,""median"":2.0,""min"":1},""row_only_all_different_boards"":{""max"":6,""median"":2.0,""min"":1}},""modes"":1,""unique"":30,""unique_bank"":30,""validated_initializations"":30}","{""after"":{""column_only_all_different_boards"":{""max"":6,""median"":2.0,""min"":1},""givens"":{""max"":4,""median"":4.0,""min"":4},""minimum_axis_candidates"":{""max"":4,""median"":2.0,""min"":1},""row_only_all_different_boards"":{""max"":6,""median"":2.0,""min"":1}},""before"":{""column_only_all_different_boards"":{""max"":6,""median"":2.0,""min"":1},""givens"":{""max"":4,""median"":4.0,""min"":4},""minimum_axis_candidates"":{""max"":4,""median"":2.0,""min"":1},""row_only_all_different_boards"":{""max"":6,""median"":2.0,""min"":1}}}",,UNCHANGED
9,CROSS MATH,NORMAL,3×3; two fixed numbers,30,3x3,"{""column_only_all_different_boards"":{""max"":32,""median"":7.0,""min"":2},""givens"":{""max"":2,""median"":2.0,""min"":2},""minimum_axis_candidates"":{""max"":12,""median"":4.0,""min"":2},""row_only_all_different_boards"":{""max"":16,""median"":4.0,""min"":2}}",N/A; no AI opponent,Structural metric; human rating NOT MEASURED,"{""after"":{""column_only_all_different_boards"":{""max"":32,""median"":7.0,""min"":2},""givens"":{""max"":2,""median"":2.0,""min"":2},""minimum_axis_candidates"":{""max"":12,""median"":4.0,""min"":2},""row_only_all_different_boards"":{""max"":16,""median"":4.0,""min"":2}},""before"":{""column_only_all_different_boards"":{""max"":32,""median"":7.0,""min"":2},""givens"":{""max"":2,""median"":2.0,""min"":2},""minimum_axis_candidates"":{""max"":12,""median"":4.0,""min"":2},""row_only_all_different_boards"":{""max"":16,""median"":4.0,""min"":2}}}","{""counts"":{""EASY"":0,""HARD"":0,""MASTER"":0},""scope"":""complete current bank""}",Objective structural grading verified;not a universal human ranking,Human difficulty uncalibrated; measured structural parameters only.,No demonstrated selector no-op; generation and legacy banks preserved,Structural metric; human rating NOT MEASURED,"{""bank_per_mode"":30,""metrics"":{""column_only_all_different_boards"":{""max"":32,""median"":7.0,""min"":2},""givens"":{""max"":2,""median"":2.0,""min"":2},""minimum_axis_candidates"":{""max"":12,""median"":4.0,""min"":2},""row_only_all_different_boards"":{""max"":16,""median"":4.0,""min"":2}},""modes"":1,""unique"":30,""unique_bank"":30,""validated_initializations"":30}","{""after"":{""column_only_all_different_boards"":{""max"":32,""median"":7.0,""min"":2},""givens"":{""max"":2,""median"":2.0,""min"":2},""minimum_axis_candidates"":{""max"":12,""median"":4.0,""min"":2},""row_only_all_different_boards"":{""max"":16,""median"":4.0,""min"":2}},""before"":{""column_only_all_different_boards"":{""max"":32,""median"":7.0,""min"":2},""givens"":{""max"":2,""median"":2.0,""min"":2},""minimum_axis_candidates"":{""max"":12,""median"":4.0,""min"":2},""row_only_all_different_boards"":{""max"":16,""median"":4.0,""min"":2}}}",,UNCHANGED
9,CROSS MATH,HARD,3×3; no fixed numbers,30,3x3,"{""column_only_all_different_boards"":{""max"":288,""median"":24.0,""min"":8},""givens"":{""max"":0,""median"":0.0,""min"":0},""minimum_axis_candidates"":{""max"":168,""median"":20.0,""min"":8},""row_only_all_different_boards"":{""max"":576,""median"":24.0,""min"":8}}",N/A; no AI opponent,Structural metric; human rating NOT MEASURED,"{""after"":{""column_only_all_different_boards"":{""max"":288,""median"":24.0,""min"":8},""givens"":{""max"":0,""median"":0.0,""min"":0},""minimum_axis_candidates"":{""max"":168,""median"":20.0,""min"":8},""row_only_all_different_boards"":{""max"":576,""median"":24.0,""min"":8}},""before"":{""column_only_all_different_boards"":{""max"":288,""median"":24.0,""min"":8},""givens"":{""max"":0,""median"":0.0,""min"":0},""minimum_axis_candidates"":{""max"":168,""median"":20.0,""min"":8},""row_only_all_different_boards"":{""max"":576,""median"":24.0,""min"":8}}}","{""counts"":{""EASY"":0,""MASTER"":0,""NORMAL"":0},""scope"":""complete current bank""}",Objective structural grading verified;not a universal human ranking,Human difficulty uncalibrated; measured structural parameters only.,No demonstrated selector no-op; generation and legacy banks preserved,Structural metric; human rating NOT MEASURED,"{""bank_per_mode"":30,""metrics"":{""column_only_all_different_boards"":{""max"":288,""median"":24.0,""min"":8},""givens"":{""max"":0,""median"":0.0,""min"":0},""minimum_axis_candidates"":{""max"":168,""median"":20.0,""min"":8},""row_only_all_different_boards"":{""max"":576,""median"":24.0,""min"":8}},""modes"":1,""unique"":30,""unique_bank"":30,""validated_initializations"":30}","{""after"":{""column_only_all_different_boards"":{""max"":288,""median"":24.0,""min"":8},""givens"":{""max"":0,""median"":0.0,""min"":0},""minimum_axis_candidates"":{""max"":168,""median"":20.0,""min"":8},""row_only_all_different_boards"":{""max"":576,""median"":24.0,""min"":8}},""before"":{""column_only_all_different_boards"":{""max"":288,""median"":24.0,""min"":8},""givens"":{""max"":0,""median"":0.0,""min"":0},""minimum_axis_candidates"":{""max"":168,""median"":20.0,""min"":8},""row_only_all_different_boards"":{""max"":576,""median"":24.0,""min"":8}}}",,UNCHANGED
9,CROSS MATH,MASTER,3×3; no fixed numbers; row-only and column-only candidates both exceed old HARD min-axis maximum,30,3x3,"{""column_only_all_different_boards"":{""max"":648,""median"":216.0,""min"":176},""givens"":{""max"":0,""median"":0.0,""min"":0},""minimum_axis_candidates"":{""max"":216,""median"":216.0,""min"":176},""row_only_all_different_boards"":{""max"":432,""median"":216.0,""min"":176}}",N/A; no AI opponent,Structural metric; human rating NOT MEASURED,"{""after"":{""column_only_all_different_boards"":{""max"":648,""median"":216.0,""min"":176},""givens"":{""max"":0,""median"":0.0,""min"":0},""minimum_axis_candidates"":{""max"":216,""median"":216.0,""min"":176},""row_only_all_different_boards"":{""max"":432,""median"":216.0,""min"":176}},""before"":{""column_only_all_different_boards"":{""max"":648,""median"":216.0,""min"":176},""givens"":{""max"":0,""median"":0.0,""min"":0},""minimum_axis_candidates"":{""max"":216,""median"":216.0,""min"":176},""row_only_all_different_boards"":{""max"":432,""median"":216.0,""min"":176}}}","{""counts"":{""EASY"":0,""HARD"":0,""NORMAL"":0},""scope"":""complete current bank""}",Objective structural grading verified;not a universal human ranking,Human difficulty uncalibrated; measured structural parameters only.,No demonstrated selector no-op; generation and legacy banks preserved,Structural metric; human rating NOT MEASURED,"{""bank_per_mode"":30,""metrics"":{""column_only_all_different_boards"":{""max"":648,""median"":216.0,""min"":176},""givens"":{""max"":0,""median"":0.0,""min"":0},""minimum_axis_candidates"":{""max"":216,""median"":216.0,""min"":176},""row_only_all_different_boards"":{""max"":432,""median"":216.0,""min"":176}},""modes"":1,""unique"":30,""unique_bank"":30,""validated_initializations"":30}","{""after"":{""column_only_all_different_boards"":{""max"":648,""median"":216.0,""min"":176},""givens"":{""max"":0,""median"":0.0,""min"":0},""minimum_axis_candidates"":{""max"":216,""median"":216.0,""min"":176},""row_only_all_different_boards"":{""max"":432,""median"":216.0,""min"":176}},""before"":{""column_only_all_different_boards"":{""max"":648,""median"":216.0,""min"":176},""givens"":{""max"":0,""median"":0.0,""min"":0},""minimum_axis_candidates"":{""max"":216,""median"":216.0,""min"":176},""row_only_all_different_boards"":{""max"":432,""median"":216.0,""min"":176}}}",,UNCHANGED
10,PRIME FACTOR,EASY,"2..4 prime draws from 2,3,5,7",0,N/A; see generator_params,"{""Omega"":{""max"":4,""median"":4,""min"":2},""count"":65,""decimal_digits"":{""max"":4,""median"":2,""min"":1},""distinct_primes"":{""max"":4,""median"":2,""min"":1},""large_prime_count"":{""max"":0,""median"":0,""min"":0},""max_prime"":{""max"":7,""median"":7,""min"":2},""prime_check_trial_division_proxy"":{""max"":2,""median"":1,""min"":0},""repeated_prime_count"":{""max"":2,""median"":1,""min"":0},""target"":{""max"":2401,""median"":90,""min"":4}}",N/A; no AI opponent,Structural metric; human rating NOT MEASURED,"{""after"":{""Omega"":{""max"":4,""median"":4,""min"":2},""count"":65,""decimal_digits"":{""max"":4,""median"":2,""min"":1},""distinct_primes"":{""max"":4,""median"":2,""min"":1},""large_prime_count"":{""max"":0,""median"":0,""min"":0},""max_prime"":{""max"":7,""median"":7,""min"":2},""prime_check_trial_division_proxy"":{""max"":2,""median"":1,""min"":0},""repeated_prime_count"":{""max"":2,""median"":1,""min"":0},""target"":{""max"":2401,""median"":90,""min"":4}},""before"":{""Omega"":{""max"":4,""median"":4,""min"":2},""count"":65,""decimal_digits"":{""max"":4,""median"":2,""min"":1},""distinct_primes"":{""max"":4,""median"":2,""min"":1},""large_prime_count"":{""max"":0,""median"":0,""min"":0},""max_prime"":{""max"":7,""median"":7,""min"":2},""prime_check_trial_division_proxy"":{""max"":2,""median"":1,""min"":0},""repeated_prime_count"":{""max"":2,""median"":1,""min"":0},""target"":{""max"":2401,""median"":90,""min"":4}}}","{""counts"":{""HARD"":3,""MASTER"":0,""NORMAL"":21},""scope"":""bounded runtime sample only, not full generator domain""}",Objective structural grading verified;not a universal human ranking,UNCHANGED / GC-D03 applies to MASTER,Original generator retained,exact factorization tuple;prime domain;target magnitude,"{""Omega"":{""max"":4,""median"":4,""min"":2},""count"":65,""decimal_digits"":{""max"":4,""median"":2,""min"":1},""distinct_primes"":{""max"":4,""median"":2,""min"":1},""large_prime_count"":{""max"":0,""median"":0,""min"":0},""max_prime"":{""max"":7,""median"":7,""min"":2},""prime_check_trial_division_proxy"":{""max"":2,""median"":1,""min"":0},""repeated_prime_count"":{""max"":2,""median"":1,""min"":0},""target"":{""max"":2401,""median"":90,""min"":4}}","{""Omega"":{""max"":4,""median"":4,""min"":2},""count"":65,""decimal_digits"":{""max"":4,""median"":2,""min"":1},""distinct_primes"":{""max"":4,""median"":2,""min"":1},""large_prime_count"":{""max"":0,""median"":0,""min"":0},""max_prime"":{""max"":7,""median"":7,""min"":2},""prime_check_trial_division_proxy"":{""max"":2,""median"":1,""min"":0},""repeated_prime_count"":{""max"":2,""median"":1,""min"":0},""target"":{""max"":2401,""median"":90,""min"":4}}",,UNCHANGED
10,PRIME FACTOR,NORMAL,3..5 prime draws from primes through 13,0,N/A; see generator_params,"{""Omega"":{""max"":5,""median"":5.0,""min"":3},""count"":434,""decimal_digits"":{""max"":6,""median"":4.0,""min"":1},""distinct_primes"":{""max"":5,""median"":3.0,""min"":1},""large_prime_count"":{""max"":2,""median"":1.0,""min"":0},""max_prime"":{""max"":13,""median"":11.0,""min"":2},""prime_check_trial_division_proxy"":{""max"":6,""median"":3.0,""min"":0},""repeated_prime_count"":{""max"":2,""median"":1.0,""min"":0},""target"":{""max"":371293,""median"":2112.0,""min"":8}}",N/A; no AI opponent,Structural metric; human rating NOT MEASURED,"{""after"":{""Omega"":{""max"":5,""median"":5.0,""min"":3},""count"":434,""decimal_digits"":{""max"":6,""median"":4.0,""min"":1},""distinct_primes"":{""max"":5,""median"":3.0,""min"":1},""large_prime_count"":{""max"":2,""median"":1.0,""min"":0},""max_prime"":{""max"":13,""median"":11.0,""min"":2},""prime_check_trial_division_proxy"":{""max"":6,""median"":3.0,""min"":0},""repeated_prime_count"":{""max"":2,""median"":1.0,""min"":0},""target"":{""max"":371293,""median"":2112.0,""min"":8}},""before"":{""Omega"":{""max"":5,""median"":5.0,""min"":3},""count"":434,""decimal_digits"":{""max"":6,""median"":4.0,""min"":1},""distinct_primes"":{""max"":5,""median"":3.0,""min"":1},""large_prime_count"":{""max"":2,""median"":1.0,""min"":0},""max_prime"":{""max"":13,""median"":11.0,""min"":2},""prime_check_trial_division_proxy"":{""max"":6,""median"":3.0,""min"":0},""repeated_prime_count"":{""max"":2,""median"":1.0,""min"":0},""target"":{""max"":371293,""median"":2112.0,""min"":8}}}","{""counts"":{""EASY"":21,""HARD"":3,""MASTER"":0},""scope"":""bounded runtime sample only, not full generator domain""}",Objective structural grading verified;not a universal human ranking,UNCHANGED / GC-D03 applies to MASTER,Original generator retained,exact factorization tuple;prime domain;target magnitude,"{""Omega"":{""max"":5,""median"":5.0,""min"":3},""count"":434,""decimal_digits"":{""max"":6,""median"":4.0,""min"":1},""distinct_primes"":{""max"":5,""median"":3.0,""min"":1},""large_prime_count"":{""max"":2,""median"":1.0,""min"":0},""max_prime"":{""max"":13,""median"":11.0,""min"":2},""prime_check_trial_division_proxy"":{""max"":6,""median"":3.0,""min"":0},""repeated_prime_count"":{""max"":2,""median"":1.0,""min"":0},""target"":{""max"":371293,""median"":2112.0,""min"":8}}","{""Omega"":{""max"":5,""median"":5.0,""min"":3},""count"":434,""decimal_digits"":{""max"":6,""median"":4.0,""min"":1},""distinct_primes"":{""max"":5,""median"":3.0,""min"":1},""large_prime_count"":{""max"":2,""median"":1.0,""min"":0},""max_prime"":{""max"":13,""median"":11.0,""min"":2},""prime_check_trial_division_proxy"":{""max"":6,""median"":3.0,""min"":0},""repeated_prime_count"":{""max"":2,""median"":1.0,""min"":0},""target"":{""max"":371293,""median"":2112.0,""min"":8}}",,UNCHANGED
10,PRIME FACTOR,HARD,4..6 prime draws through 31; multiplication over 1e6 skipped,0,N/A; see generator_params,"{""Omega"":{""max"":6,""median"":5.0,""min"":4},""count"":6754,""decimal_digits"":{""max"":6,""median"":6.0,""min"":2},""distinct_primes"":{""max"":6,""median"":4.0,""min"":1},""large_prime_count"":{""max"":4,""median"":2.0,""min"":0},""max_prime"":{""max"":31,""median"":23.0,""min"":2},""prime_check_trial_division_proxy"":{""max"":14,""median"":7.0,""min"":0},""repeated_prime_count"":{""max"":3,""median"":1.0,""min"":0},""target"":{""max"":999635,""median"":102903.0,""min"":16}}",N/A; no AI opponent,Structural metric; human rating NOT MEASURED,"{""after"":{""Omega"":{""max"":6,""median"":5.0,""min"":4},""count"":6754,""decimal_digits"":{""max"":6,""median"":6.0,""min"":2},""distinct_primes"":{""max"":6,""median"":4.0,""min"":1},""large_prime_count"":{""max"":4,""median"":2.0,""min"":0},""max_prime"":{""max"":31,""median"":23.0,""min"":2},""prime_check_trial_division_proxy"":{""max"":14,""median"":7.0,""min"":0},""repeated_prime_count"":{""max"":3,""median"":1.0,""min"":0},""target"":{""max"":999635,""median"":102903.0,""min"":16}},""before"":{""Omega"":{""max"":6,""median"":5.0,""min"":4},""count"":6754,""decimal_digits"":{""max"":6,""median"":6.0,""min"":2},""distinct_primes"":{""max"":6,""median"":4.0,""min"":1},""large_prime_count"":{""max"":4,""median"":2.0,""min"":0},""max_prime"":{""max"":31,""median"":23.0,""min"":2},""prime_check_trial_division_proxy"":{""max"":14,""median"":7.0,""min"":0},""repeated_prime_count"":{""max"":3,""median"":1.0,""min"":0},""target"":{""max"":999635,""median"":102903.0,""min"":16}}}","{""counts"":{""EASY"":3,""MASTER"":0,""NORMAL"":3},""scope"":""bounded runtime sample only, not full generator domain""}",Objective structural grading verified;not a universal human ranking,UNCHANGED / GC-D03 applies to MASTER,Original generator retained,exact factorization tuple;prime domain;target magnitude,"{""Omega"":{""max"":6,""median"":5.0,""min"":4},""count"":6754,""decimal_digits"":{""max"":6,""median"":6.0,""min"":2},""distinct_primes"":{""max"":6,""median"":4.0,""min"":1},""large_prime_count"":{""max"":4,""median"":2.0,""min"":0},""max_prime"":{""max"":31,""median"":23.0,""min"":2},""prime_check_trial_division_proxy"":{""max"":14,""median"":7.0,""min"":0},""repeated_prime_count"":{""max"":3,""median"":1.0,""min"":0},""target"":{""max"":999635,""median"":102903.0,""min"":16}}","{""Omega"":{""max"":6,""median"":5.0,""min"":4},""count"":6754,""decimal_digits"":{""max"":6,""median"":6.0,""min"":2},""distinct_primes"":{""max"":6,""median"":4.0,""min"":1},""large_prime_count"":{""max"":4,""median"":2.0,""min"":0},""max_prime"":{""max"":31,""median"":23.0,""min"":2},""prime_check_trial_division_proxy"":{""max"":14,""median"":7.0,""min"":0},""repeated_prime_count"":{""max"":3,""median"":1.0,""min"":0},""target"":{""max"":999635,""median"":102903.0,""min"":16}}",,UNCHANGED
10,PRIME FACTOR,MASTER,"2^(2or3)*3^3*p*q;p37..73;q11..31;four distinct,Omega7..8",0,N/A; see generator_params,"{""Omega"":{""max"":8,""median"":7.5,""min"":7},""count"":140,""decimal_digits"":{""max"":6,""median"":6.0,""min"":5},""distinct_primes"":{""max"":4,""median"":4.0,""min"":4},""large_prime_count"":{""max"":2,""median"":2.0,""min"":2},""max_prime"":{""max"":73,""median"":56.0,""min"":37},""prime_check_trial_division_proxy"":{""max"":11,""median"":9.0,""min"":7},""repeated_prime_count"":{""max"":2,""median"":2.0,""min"":2},""target"":{""max"":488808,""median"":157626.0,""min"":43956}}",N/A; no AI opponent,Structural metric; human rating NOT MEASURED,"{""after"":{""Omega"":{""max"":8,""median"":7.5,""min"":7},""count"":140,""decimal_digits"":{""max"":6,""median"":6.0,""min"":5},""distinct_primes"":{""max"":4,""median"":4.0,""min"":4},""large_prime_count"":{""max"":2,""median"":2.0,""min"":2},""max_prime"":{""max"":73,""median"":56.0,""min"":37},""prime_check_trial_division_proxy"":{""max"":11,""median"":9.0,""min"":7},""repeated_prime_count"":{""max"":2,""median"":2.0,""min"":2},""target"":{""max"":488808,""median"":157626.0,""min"":43956}},""before"":{""Omega"":{""max"":6,""median"":6.0,""min"":6},""count"":90,""decimal_digits"":{""max"":6,""median"":5.0,""min"":4},""distinct_primes"":{""max"":4,""median"":4.0,""min"":4},""large_prime_count"":{""max"":2,""median"":1.0,""min"":0},""max_prime"":{""max"":13,""median"":13.0,""min"":7},""prime_check_trial_division_proxy"":{""max"":6,""median"":4.0,""min"":2},""repeated_prime_count"":{""max"":2,""median"":2.0,""min"":2},""target"":{""max"":715715,""median"":30062.5,""min"":1260}}}",Exact HARD/new MASTER target overlap0;new MASTER mathematical domain140,Objective structural grading verified;not a universal human ranking,GC-D03 RESOLVED / MASTER REVISED,Fresh revision4 runtime shape;old MASTER construction unchanged,exact factorization tuple;prime domain;target magnitude,"{""Omega"":{""max"":6,""median"":6.0,""min"":6},""count"":90,""decimal_digits"":{""max"":6,""median"":5.0,""min"":4},""distinct_primes"":{""max"":4,""median"":4.0,""min"":4},""large_prime_count"":{""max"":2,""median"":1.0,""min"":0},""max_prime"":{""max"":13,""median"":13.0,""min"":7},""prime_check_trial_division_proxy"":{""max"":6,""median"":4.0,""min"":2},""repeated_prime_count"":{""max"":2,""median"":2.0,""min"":2},""target"":{""max"":715715,""median"":30062.5,""min"":1260}}","{""Omega"":{""max"":8,""median"":7.5,""min"":7},""count"":140,""decimal_digits"":{""max"":6,""median"":6.0,""min"":5},""distinct_primes"":{""max"":4,""median"":4.0,""min"":4},""large_prime_count"":{""max"":2,""median"":2.0,""min"":2},""max_prime"":{""max"":73,""median"":56.0,""min"":37},""prime_check_trial_division_proxy"":{""max"":11,""median"":9.0,""min"":7},""repeated_prime_count"":{""max"":2,""median"":2.0,""min"":2},""target"":{""max"":488808,""median"":157626.0,""min"":43956}}",GC-D03,RESOLVED / MASTER REVISED
11,SUDOKU,EASY,9x9 box/row/column constraints; clue density and inference/search bands,50,"{'min': 9, 'median': 9.0, 'max': 9}","{'givens': {'min': 43, 'median': 43.0, 'max': 43}}",N/A,public-clue propagation and bounded search; algorithm-specific counts,"{'order': {'min': 9, 'median': 9.0, 'max': 9}, 'cells': {'min': 81, 'median': 81.0, 'max': 81}, 'givens': {'min': 43, 'median': 43.0, 'max': 43}, 'solution_count': {'min': 1, 'median': 1.0, 'max': 1}, 'search_nodes': {'min': 1, 'median': 1.0, 'max': 1}, 'search_branches': {'min': 0, 'median': 0.0, 'max': 0}, 'search_max_depth': {'min': 0, 'median': 0.0, 'max': 0}, 'basic_unfilled': {'min': 0, 'median': 0.0, 'max': 0}, 'advanced_unfilled': {'min': 0, 'median': 0.0, 'max': 0}, 'after_chains_unfilled': {'min': 0, 'median': 0.0, 'max': 0}, 'forcing_eliminations': {'min': 0, 'median': 0.0, 'max': 0}, 'forcing_probes': {'min': 0, 'median': 0.0, 'max': 0}}","{'with_other_levels': [{'difficulty': 'NORMAL', 'exact': 0, 'canonical': 0}, {'difficulty': 'HARD', 'exact': 0, 'canonical': 0}, {'difficulty': 'MASTER', 'exact': 0, 'canonical': 0}, {'difficulty': 'HELL', 'exact': 0, 'canonical': 0}], 'search_range_overlaps_previous': None}",YES: structural/inference band; provisional human ranking,"Structural/inference parameters differ; human difficulty remains provisional. Every sample finishes by basic propagation; its distinction is structural or arithmetic, not a need for advanced inference.",None; evidence/caveats documented,public-clue propagation and bounded search; algorithm-specific counts,"{'order': {'min': 9, 'median': 9.0, 'max': 9}, 'cells': {'min': 81, 'median': 81.0, 'max': 81}, 'givens': {'min': 43, 'median': 43.0, 'max': 43}, 'solution_count': {'min': 1, 'median': 1.0, 'max': 1}, 'search_nodes': {'min': 1, 'median': 1.0, 'max': 1}, 'search_branches': {'min': 0, 'median': 0.0, 'max': 0}, 'search_max_depth': {'min': 0, 'median': 0.0, 'max': 0}, 'basic_unfilled': {'min': 0, 'median': 0.0, 'max': 0}, 'advanced_unfilled': {'min': 0, 'median': 0.0, 'max': 0}, 'after_chains_unfilled': {'min': 0, 'median': 0.0, 'max': 0}, 'forcing_eliminations': {'min': 0, 'median': 0.0, 'max': 0}, 'forcing_probes': {'min': 0, 'median': 0.0, 'max': 0}}","{'order': {'min': 9, 'median': 9.0, 'max': 9}, 'cells': {'min': 81, 'median': 81.0, 'max': 81}, 'givens': {'min': 43, 'median': 43.0, 'max': 43}, 'solution_count': {'min': 1, 'median': 1.0, 'max': 1}, 'search_nodes': {'min': 1, 'median': 1.0, 'max': 1}, 'search_branches': {'min': 0, 'median': 0.0, 'max': 0}, 'search_max_depth': {'min': 0, 'median': 0.0, 'max': 0}, 'basic_unfilled': {'min': 0, 'median': 0.0, 'max': 0}, 'advanced_unfilled': {'min': 0, 'median': 0.0, 'max': 0}, 'after_chains_unfilled': {'min': 0, 'median': 0.0, 'max': 0}, 'forcing_eliminations': {'min': 0, 'median': 0.0, 'max': 0}, 'forcing_probes': {'min': 0, 'median': 0.0, 'max': 0}}",,UNCHANGED
11,SUDOKU,NORMAL,9x9 box/row/column constraints; clue density and inference/search bands,50,"{'min': 9, 'median': 9.0, 'max': 9}","{'givens': {'min': 34, 'median': 34.0, 'max': 34}}",N/A,public-clue propagation and bounded search; algorithm-specific counts,"{'order': {'min': 9, 'median': 9.0, 'max': 9}, 'cells': {'min': 81, 'median': 81.0, 'max': 81}, 'givens': {'min': 34, 'median': 34.0, 'max': 34}, 'solution_count': {'min': 1, 'median': 1.0, 'max': 1}, 'search_nodes': {'min': 1, 'median': 1.0, 'max': 3}, 'search_branches': {'min': 0, 'median': 0.0, 'max': 1}, 'search_max_depth': {'min': 0, 'median': 0.0, 'max': 1}, 'basic_unfilled': {'min': 0, 'median': 0.0, 'max': 19}, 'advanced_unfilled': {'min': 0, 'median': 0.0, 'max': 19}, 'after_chains_unfilled': {'min': 0, 'median': 0.0, 'max': 0}, 'forcing_eliminations': {'min': 0, 'median': 0.0, 'max': 1}, 'forcing_probes': {'min': 0, 'median': 0.0, 'max': 1}}","{'with_other_levels': [{'difficulty': 'EASY', 'exact': 0, 'canonical': 0}, {'difficulty': 'HARD', 'exact': 0, 'canonical': 0}, {'difficulty': 'MASTER', 'exact': 0, 'canonical': 0}, {'difficulty': 'HELL', 'exact': 0, 'canonical': 0}], 'search_range_overlaps_previous': True}",YES: structural/inference band; provisional human ranking,Structural/inference parameters differ; human difficulty remains provisional. Search-node ranges overlap the previous level; no per-puzzle strict ranking claimed.,None; evidence/caveats documented,public-clue propagation and bounded search; algorithm-specific counts,"{'order': {'min': 9, 'median': 9.0, 'max': 9}, 'cells': {'min': 81, 'median': 81.0, 'max': 81}, 'givens': {'min': 34, 'median': 34.0, 'max': 34}, 'solution_count': {'min': 1, 'median': 1.0, 'max': 1}, 'search_nodes': {'min': 1, 'median': 1.0, 'max': 3}, 'search_branches': {'min': 0, 'median': 0.0, 'max': 1}, 'search_max_depth': {'min': 0, 'median': 0.0, 'max': 1}, 'basic_unfilled': {'min': 0, 'median': 0.0, 'max': 19}, 'advanced_unfilled': {'min': 0, 'median': 0.0, 'max': 19}, 'after_chains_unfilled': {'min': 0, 'median': 0.0, 'max': 0}, 'forcing_eliminations': {'min': 0, 'median': 0.0, 'max': 1}, 'forcing_probes': {'min': 0, 'median': 0.0, 'max': 1}}","{'order': {'min': 9, 'median': 9.0, 'max': 9}, 'cells': {'min': 81, 'median': 81.0, 'max': 81}, 'givens': {'min': 34, 'median': 34.0, 'max': 34}, 'solution_count': {'min': 1, 'median': 1.0, 'max': 1}, 'search_nodes': {'min': 1, 'median': 1.0, 'max': 3}, 'search_branches': {'min': 0, 'median': 0.0, 'max': 1}, 'search_max_depth': {'min': 0, 'median': 0.0, 'max': 1}, 'basic_unfilled': {'min': 0, 'median': 0.0, 'max': 19}, 'advanced_unfilled': {'min': 0, 'median': 0.0, 'max': 19}, 'after_chains_unfilled': {'min': 0, 'median': 0.0, 'max': 0}, 'forcing_eliminations': {'min': 0, 'median': 0.0, 'max': 1}, 'forcing_probes': {'min': 0, 'median': 0.0, 'max': 1}}",,UNCHANGED
11,SUDOKU,HARD,9x9 box/row/column constraints; clue density and inference/search bands,50,"{'min': 9, 'median': 9.0, 'max': 9}","{'givens': {'min': 27, 'median': 27.0, 'max': 27}}",N/A,public-clue propagation and bounded search; algorithm-specific counts,"{'order': {'min': 9, 'median': 9.0, 'max': 9}, 'cells': {'min': 81, 'median': 81.0, 'max': 81}, 'givens': {'min': 27, 'median': 27.0, 'max': 27}, 'solution_count': {'min': 1, 'median': 1.0, 'max': 1}, 'search_nodes': {'min': 1, 'median': 1.0, 'max': 7}, 'search_branches': {'min': 0, 'median': 0.0, 'max': 3}, 'search_max_depth': {'min': 0, 'median': 0.0, 'max': 3}, 'basic_unfilled': {'min': 0, 'median': 0.0, 'max': 47}, 'advanced_unfilled': {'min': 0, 'median': 0.0, 'max': 47}, 'after_chains_unfilled': {'min': 0, 'median': 0.0, 'max': 0}, 'forcing_eliminations': {'min': 0, 'median': 0.0, 'max': 3}, 'forcing_probes': {'min': 0, 'median': 0.0, 'max': 5}}","{'with_other_levels': [{'difficulty': 'EASY', 'exact': 0, 'canonical': 0}, {'difficulty': 'NORMAL', 'exact': 0, 'canonical': 0}, {'difficulty': 'MASTER', 'exact': 0, 'canonical': 0}, {'difficulty': 'HELL', 'exact': 0, 'canonical': 0}], 'search_range_overlaps_previous': True}",YES: structural/inference band; provisional human ranking,Structural/inference parameters differ; human difficulty remains provisional. Search-node ranges overlap the previous level; no per-puzzle strict ranking claimed.,None; evidence/caveats documented,public-clue propagation and bounded search; algorithm-specific counts,"{'order': {'min': 9, 'median': 9.0, 'max': 9}, 'cells': {'min': 81, 'median': 81.0, 'max': 81}, 'givens': {'min': 27, 'median': 27.0, 'max': 27}, 'solution_count': {'min': 1, 'median': 1.0, 'max': 1}, 'search_nodes': {'min': 1, 'median': 1.0, 'max': 7}, 'search_branches': {'min': 0, 'median': 0.0, 'max': 3}, 'search_max_depth': {'min': 0, 'median': 0.0, 'max': 3}, 'basic_unfilled': {'min': 0, 'median': 0.0, 'max': 47}, 'advanced_unfilled': {'min': 0, 'median': 0.0, 'max': 47}, 'after_chains_unfilled': {'min': 0, 'median': 0.0, 'max': 0}, 'forcing_eliminations': {'min': 0, 'median': 0.0, 'max': 3}, 'forcing_probes': {'min': 0, 'median': 0.0, 'max': 5}}","{'order': {'min': 9, 'median': 9.0, 'max': 9}, 'cells': {'min': 81, 'median': 81.0, 'max': 81}, 'givens': {'min': 27, 'median': 27.0, 'max': 27}, 'solution_count': {'min': 1, 'median': 1.0, 'max': 1}, 'search_nodes': {'min': 1, 'median': 1.0, 'max': 7}, 'search_branches': {'min': 0, 'median': 0.0, 'max': 3}, 'search_max_depth': {'min': 0, 'median': 0.0, 'max': 3}, 'basic_unfilled': {'min': 0, 'median': 0.0, 'max': 47}, 'advanced_unfilled': {'min': 0, 'median': 0.0, 'max': 47}, 'after_chains_unfilled': {'min': 0, 'median': 0.0, 'max': 0}, 'forcing_eliminations': {'min': 0, 'median': 0.0, 'max': 3}, 'forcing_probes': {'min': 0, 'median': 0.0, 'max': 5}}",,UNCHANGED
11,SUDOKU,MASTER,9x9 box/row/column constraints; clue density and inference/search bands,50,"{'min': 9, 'median': 9.0, 'max': 9}","{'givens': {'min': 22, 'median': 25.0, 'max': 28}}",N/A,public-clue propagation and bounded search; algorithm-specific counts,"{'order': {'min': 9, 'median': 9.0, 'max': 9}, 'cells': {'min': 81, 'median': 81.0, 'max': 81}, 'givens': {'min': 22, 'median': 25.0, 'max': 28}, 'solution_count': {'min': 1, 'median': 1.0, 'max': 1}, 'search_nodes': {'min': 9, 'median': 11.0, 'max': 17}, 'search_branches': {'min': 4, 'median': 5.0, 'max': 8}, 'search_max_depth': {'min': 3, 'median': 4.0, 'max': 7}, 'basic_unfilled': {'min': 25, 'median': 44.0, 'max': 54}, 'advanced_unfilled': {'min': 25, 'median': 43.0, 'max': 51}, 'after_chains_unfilled': {'min': 0, 'median': 0.0, 'max': 0}, 'forcing_eliminations': {'min': 1, 'median': 3.0, 'max': 10}, 'forcing_probes': {'min': 3, 'median': 8.0, 'max': 33}}","{'with_other_levels': [{'difficulty': 'EASY', 'exact': 0, 'canonical': 0}, {'difficulty': 'NORMAL', 'exact': 0, 'canonical': 0}, {'difficulty': 'HARD', 'exact': 0, 'canonical': 0}, {'difficulty': 'HELL', 'exact': 0, 'canonical': 0}], 'search_range_overlaps_previous': False}",YES: structural/inference band; provisional human ranking,Structural/inference parameters differ; human difficulty remains provisional.,None; evidence/caveats documented,public-clue propagation and bounded search; algorithm-specific counts,"{'order': {'min': 9, 'median': 9.0, 'max': 9}, 'cells': {'min': 81, 'median': 81.0, 'max': 81}, 'givens': {'min': 22, 'median': 25.0, 'max': 28}, 'solution_count': {'min': 1, 'median': 1.0, 'max': 1}, 'search_nodes': {'min': 9, 'median': 11.0, 'max': 17}, 'search_branches': {'min': 4, 'median': 5.0, 'max': 8}, 'search_max_depth': {'min': 3, 'median': 4.0, 'max': 7}, 'basic_unfilled': {'min': 25, 'median': 44.0, 'max': 54}, 'advanced_unfilled': {'min': 25, 'median': 43.0, 'max': 51}, 'after_chains_unfilled': {'min': 0, 'median': 0.0, 'max': 0}, 'forcing_eliminations': {'min': 1, 'median': 3.0, 'max': 10}, 'forcing_probes': {'min': 3, 'median': 8.0, 'max': 33}}","{'order': {'min': 9, 'median': 9.0, 'max': 9}, 'cells': {'min': 81, 'median': 81.0, 'max': 81}, 'givens': {'min': 22, 'median': 25.0, 'max': 28}, 'solution_count': {'min': 1, 'median': 1.0, 'max': 1}, 'search_nodes': {'min': 9, 'median': 11.0, 'max': 17}, 'search_branches': {'min': 4, 'median': 5.0, 'max': 8}, 'search_max_depth': {'min': 3, 'median': 4.0, 'max': 7}, 'basic_unfilled': {'min': 25, 'median': 44.0, 'max': 54}, 'advanced_unfilled': {'min': 25, 'median': 43.0, 'max': 51}, 'after_chains_unfilled': {'min': 0, 'median': 0.0, 'max': 0}, 'forcing_eliminations': {'min': 1, 'median': 3.0, 'max': 10}, 'forcing_probes': {'min': 3, 'median': 8.0, 'max': 33}}",,UNCHANGED
11,SUDOKU,HELL,9x9 box/row/column constraints; clue density and inference/search bands,30,"{'min': 9, 'median': 9.0, 'max': 9}","{'givens': {'min': 22, 'median': 24.0, 'max': 28}}",N/A,public-clue propagation and bounded search; algorithm-specific counts,"{'order': {'min': 9, 'median': 9.0, 'max': 9}, 'cells': {'min': 81, 'median': 81.0, 'max': 81}, 'givens': {'min': 22, 'median': 24.0, 'max': 28}, 'solution_count': {'min': 1, 'median': 1.0, 'max': 1}, 'search_nodes': {'min': 19, 'median': 23.0, 'max': 69}, 'search_branches': {'min': 9, 'median': 11.0, 'max': 34}, 'search_max_depth': {'min': 5, 'median': 6.0, 'max': 11}, 'basic_unfilled': {'min': 44, 'median': 48.5, 'max': 56}, 'advanced_unfilled': {'min': 43, 'median': 48.0, 'max': 56}, 'after_chains_unfilled': {'min': 0, 'median': 0.0, 'max': 0}, 'forcing_eliminations': {'min': 5, 'median': 7.0, 'max': 11}, 'forcing_probes': {'min': 13, 'median': 35.0, 'max': 185}}","{'with_other_levels': [{'difficulty': 'EASY', 'exact': 0, 'canonical': 0}, {'difficulty': 'NORMAL', 'exact': 0, 'canonical': 0}, {'difficulty': 'HARD', 'exact': 0, 'canonical': 0}, {'difficulty': 'MASTER', 'exact': 0, 'canonical': 0}], 'search_range_overlaps_previous': False}",YES: structural/inference band; provisional human ranking,Structural/inference parameters differ; human difficulty remains provisional.,None; evidence/caveats documented,public-clue propagation and bounded search; algorithm-specific counts,"{'order': {'min': 9, 'median': 9.0, 'max': 9}, 'cells': {'min': 81, 'median': 81.0, 'max': 81}, 'givens': {'min': 22, 'median': 24.0, 'max': 28}, 'solution_count': {'min': 1, 'median': 1.0, 'max': 1}, 'search_nodes': {'min': 19, 'median': 23.0, 'max': 69}, 'search_branches': {'min': 9, 'median': 11.0, 'max': 34}, 'search_max_depth': {'min': 5, 'median': 6.0, 'max': 11}, 'basic_unfilled': {'min': 44, 'median': 48.5, 'max': 56}, 'advanced_unfilled': {'min': 43, 'median': 48.0, 'max': 56}, 'after_chains_unfilled': {'min': 0, 'median': 0.0, 'max': 0}, 'forcing_eliminations': {'min': 5, 'median': 7.0, 'max': 11}, 'forcing_probes': {'min': 13, 'median': 35.0, 'max': 185}}","{'order': {'min': 9, 'median': 9.0, 'max': 9}, 'cells': {'min': 81, 'median': 81.0, 'max': 81}, 'givens': {'min': 22, 'median': 24.0, 'max': 28}, 'solution_count': {'min': 1, 'median': 1.0, 'max': 1}, 'search_nodes': {'min': 19, 'median': 23.0, 'max': 69}, 'search_branches': {'min': 9, 'median': 11.0, 'max': 34}, 'search_max_depth': {'min': 5, 'median': 6.0, 'max': 11}, 'basic_unfilled': {'min': 44, 'median': 48.5, 'max': 56}, 'advanced_unfilled': {'min': 43, 'median': 48.0, 'max': 56}, 'after_chains_unfilled': {'min': 0, 'median': 0.0, 'max': 0}, 'forcing_eliminations': {'min': 5, 'median': 7.0, 'max': 11}, 'forcing_probes': {'min': 13, 'median': 35.0, 'max': 185}}",,UNCHANGED
12,CALCUDOKU,EASY,"Latin order, connected arithmetic cages and inference/search bands",50,"{'min': 4, 'median': 4.0, 'max': 4}","{'givens': {'min': 0, 'median': 2.0, 'max': 4}, 'cages': {'min': 6, 'median': 7.5, 'max': 10}, 'fixed_cages': {'min': 0, 'median': 2.0, 'max': 4}}",N/A,public-clue propagation and bounded search; algorithm-specific counts,"{'order': {'min': 4, 'median': 4.0, 'max': 4}, 'cells': {'min': 16, 'median': 16.0, 'max': 16}, 'givens': {'min': 0, 'median': 2.0, 'max': 4}, 'cages': {'min': 6, 'median': 7.5, 'max': 10}, 'fixed_cages': {'min': 0, 'median': 2.0, 'max': 4}, 'solution_count': {'min': 1, 'median': 1.0, 'max': 1}, 'search_nodes': {'min': 1, 'median': 1.0, 'max': 3}, 'search_branches': {'min': 0, 'median': 0.0, 'max': 1}, 'search_max_depth': {'min': 0, 'median': 0.0, 'max': 1}, 'basic_unfilled': {'min': 0, 'median': 0.0, 'max': 15}, 'advanced_unfilled': {'min': 0, 'median': 0.0, 'max': 13}, 'after_chains_unfilled': {'min': 0, 'median': 0.0, 'max': 0}, 'forcing_eliminations': {'min': 0, 'median': 0.0, 'max': 1}, 'forcing_probes': {'min': 0, 'median': 0.0, 'max': 1}}","{'with_other_levels': [{'difficulty': 'NORMAL', 'exact': 0, 'canonical': 0}, {'difficulty': 'HARD', 'exact': 0, 'canonical': 0}, {'difficulty': 'MASTER', 'exact': 0, 'canonical': 0}, {'difficulty': 'HELL', 'exact': 0, 'canonical': 0}], 'search_range_overlaps_previous': None}",YES: structural/inference band; provisional human ranking,Structural/inference parameters differ; human difficulty remains provisional.,None; evidence/caveats documented,public-clue propagation and bounded search; algorithm-specific counts,"{'order': {'min': 4, 'median': 4.0, 'max': 4}, 'cells': {'min': 16, 'median': 16.0, 'max': 16}, 'givens': {'min': 0, 'median': 2.0, 'max': 4}, 'cages': {'min': 6, 'median': 7.5, 'max': 10}, 'fixed_cages': {'min': 0, 'median': 2.0, 'max': 4}, 'solution_count': {'min': 1, 'median': 1.0, 'max': 1}, 'search_nodes': {'min': 1, 'median': 1.0, 'max': 3}, 'search_branches': {'min': 0, 'median': 0.0, 'max': 1}, 'search_max_depth': {'min': 0, 'median': 0.0, 'max': 1}, 'basic_unfilled': {'min': 0, 'median': 0.0, 'max': 15}, 'advanced_unfilled': {'min': 0, 'median': 0.0, 'max': 13}, 'after_chains_unfilled': {'min': 0, 'median': 0.0, 'max': 0}, 'forcing_eliminations': {'min': 0, 'median': 0.0, 'max': 1}, 'forcing_probes': {'min': 0, 'median': 0.0, 'max': 1}}","{'order': {'min': 4, 'median': 4.0, 'max': 4}, 'cells': {'min': 16, 'median': 16.0, 'max': 16}, 'givens': {'min': 0, 'median': 2.0, 'max': 4}, 'cages': {'min': 6, 'median': 7.5, 'max': 10}, 'fixed_cages': {'min': 0, 'median': 2.0, 'max': 4}, 'solution_count': {'min': 1, 'median': 1.0, 'max': 1}, 'search_nodes': {'min': 1, 'median': 1.0, 'max': 3}, 'search_branches': {'min': 0, 'median': 0.0, 'max': 1}, 'search_max_depth': {'min': 0, 'median': 0.0, 'max': 1}, 'basic_unfilled': {'min': 0, 'median': 0.0, 'max': 15}, 'advanced_unfilled': {'min': 0, 'median': 0.0, 'max': 13}, 'after_chains_unfilled': {'min': 0, 'median': 0.0, 'max': 0}, 'forcing_eliminations': {'min': 0, 'median': 0.0, 'max': 1}, 'forcing_probes': {'min': 0, 'median': 0.0, 'max': 1}}",,UNCHANGED
12,CALCUDOKU,NORMAL,"Latin order, connected arithmetic cages and inference/search bands",50,"{'min': 5, 'median': 5.0, 'max': 5}","{'givens': {'min': 1, 'median': 3.0, 'max': 7}, 'cages': {'min': 8, 'median': 11.0, 'max': 14}, 'fixed_cages': {'min': 1, 'median': 3.0, 'max': 7}}",N/A,public-clue propagation and bounded search; algorithm-specific counts,"{'order': {'min': 5, 'median': 5.0, 'max': 5}, 'cells': {'min': 25, 'median': 25.0, 'max': 25}, 'givens': {'min': 1, 'median': 3.0, 'max': 7}, 'cages': {'min': 8, 'median': 11.0, 'max': 14}, 'fixed_cages': {'min': 1, 'median': 3.0, 'max': 7}, 'solution_count': {'min': 1, 'median': 1.0, 'max': 1}, 'search_nodes': {'min': 1, 'median': 1.0, 'max': 3}, 'search_branches': {'min': 0, 'median': 0.0, 'max': 1}, 'search_max_depth': {'min': 0, 'median': 0.0, 'max': 1}, 'basic_unfilled': {'min': 0, 'median': 0.0, 'max': 23}, 'advanced_unfilled': {'min': 0, 'median': 0.0, 'max': 23}, 'after_chains_unfilled': {'min': 0, 'median': 0.0, 'max': 0}, 'forcing_eliminations': {'min': 0, 'median': 0.0, 'max': 1}, 'forcing_probes': {'min': 0, 'median': 0.0, 'max': 2}}","{'with_other_levels': [{'difficulty': 'EASY', 'exact': 0, 'canonical': 0}, {'difficulty': 'HARD', 'exact': 0, 'canonical': 0}, {'difficulty': 'MASTER', 'exact': 0, 'canonical': 0}, {'difficulty': 'HELL', 'exact': 0, 'canonical': 0}], 'search_range_overlaps_previous': True}",YES: structural/inference band; provisional human ranking,Structural/inference parameters differ; human difficulty remains provisional. Search-node ranges overlap the previous level; no per-puzzle strict ranking claimed.,None; evidence/caveats documented,public-clue propagation and bounded search; algorithm-specific counts,"{'order': {'min': 5, 'median': 5.0, 'max': 5}, 'cells': {'min': 25, 'median': 25.0, 'max': 25}, 'givens': {'min': 1, 'median': 3.0, 'max': 7}, 'cages': {'min': 8, 'median': 11.0, 'max': 14}, 'fixed_cages': {'min': 1, 'median': 3.0, 'max': 7}, 'solution_count': {'min': 1, 'median': 1.0, 'max': 1}, 'search_nodes': {'min': 1, 'median': 1.0, 'max': 3}, 'search_branches': {'min': 0, 'median': 0.0, 'max': 1}, 'search_max_depth': {'min': 0, 'median': 0.0, 'max': 1}, 'basic_unfilled': {'min': 0, 'median': 0.0, 'max': 23}, 'advanced_unfilled': {'min': 0, 'median': 0.0, 'max': 23}, 'after_chains_unfilled': {'min': 0, 'median': 0.0, 'max': 0}, 'forcing_eliminations': {'min': 0, 'median': 0.0, 'max': 1}, 'forcing_probes': {'min': 0, 'median': 0.0, 'max': 2}}","{'order': {'min': 5, 'median': 5.0, 'max': 5}, 'cells': {'min': 25, 'median': 25.0, 'max': 25}, 'givens': {'min': 1, 'median': 3.0, 'max': 7}, 'cages': {'min': 8, 'median': 11.0, 'max': 14}, 'fixed_cages': {'min': 1, 'median': 3.0, 'max': 7}, 'solution_count': {'min': 1, 'median': 1.0, 'max': 1}, 'search_nodes': {'min': 1, 'median': 1.0, 'max': 3}, 'search_branches': {'min': 0, 'median': 0.0, 'max': 1}, 'search_max_depth': {'min': 0, 'median': 0.0, 'max': 1}, 'basic_unfilled': {'min': 0, 'median': 0.0, 'max': 23}, 'advanced_unfilled': {'min': 0, 'median': 0.0, 'max': 23}, 'after_chains_unfilled': {'min': 0, 'median': 0.0, 'max': 0}, 'forcing_eliminations': {'min': 0, 'median': 0.0, 'max': 1}, 'forcing_probes': {'min': 0, 'median': 0.0, 'max': 2}}",,UNCHANGED
12,CALCUDOKU,HARD,"Latin order, connected arithmetic cages and inference/search bands",50,"{'min': 6, 'median': 6.0, 'max': 6}","{'givens': {'min': 0, 'median': 4.0, 'max': 10}, 'cages': {'min': 13, 'median': 16.0, 'max': 21}, 'fixed_cages': {'min': 0, 'median': 4.0, 'max': 10}}",N/A,public-clue propagation and bounded search; algorithm-specific counts,"{'order': {'min': 6, 'median': 6.0, 'max': 6}, 'cells': {'min': 36, 'median': 36.0, 'max': 36}, 'givens': {'min': 0, 'median': 4.0, 'max': 10}, 'cages': {'min': 13, 'median': 16.0, 'max': 21}, 'fixed_cages': {'min': 0, 'median': 4.0, 'max': 10}, 'solution_count': {'min': 1, 'median': 1.0, 'max': 1}, 'search_nodes': {'min': 1, 'median': 1.0, 'max': 7}, 'search_branches': {'min': 0, 'median': 0.0, 'max': 3}, 'search_max_depth': {'min': 0, 'median': 0.0, 'max': 3}, 'basic_unfilled': {'min': 0, 'median': 0.0, 'max': 36}, 'advanced_unfilled': {'min': 0, 'median': 0.0, 'max': 36}, 'after_chains_unfilled': {'min': 0, 'median': 0.0, 'max': 0}, 'forcing_eliminations': {'min': 0, 'median': 0.0, 'max': 3}, 'forcing_probes': {'min': 0, 'median': 0.0, 'max': 4}}","{'with_other_levels': [{'difficulty': 'EASY', 'exact': 0, 'canonical': 0}, {'difficulty': 'NORMAL', 'exact': 0, 'canonical': 0}, {'difficulty': 'MASTER', 'exact': 0, 'canonical': 0}, {'difficulty': 'HELL', 'exact': 0, 'canonical': 0}], 'search_range_overlaps_previous': True}",YES: structural/inference band; provisional human ranking,Structural/inference parameters differ; human difficulty remains provisional. Search-node ranges overlap the previous level; no per-puzzle strict ranking claimed.,None; evidence/caveats documented,public-clue propagation and bounded search; algorithm-specific counts,"{'order': {'min': 6, 'median': 6.0, 'max': 6}, 'cells': {'min': 36, 'median': 36.0, 'max': 36}, 'givens': {'min': 0, 'median': 4.0, 'max': 10}, 'cages': {'min': 13, 'median': 16.0, 'max': 21}, 'fixed_cages': {'min': 0, 'median': 4.0, 'max': 10}, 'solution_count': {'min': 1, 'median': 1.0, 'max': 1}, 'search_nodes': {'min': 1, 'median': 1.0, 'max': 7}, 'search_branches': {'min': 0, 'median': 0.0, 'max': 3}, 'search_max_depth': {'min': 0, 'median': 0.0, 'max': 3}, 'basic_unfilled': {'min': 0, 'median': 0.0, 'max': 36}, 'advanced_unfilled': {'min': 0, 'median': 0.0, 'max': 36}, 'after_chains_unfilled': {'min': 0, 'median': 0.0, 'max': 0}, 'forcing_eliminations': {'min': 0, 'median': 0.0, 'max': 3}, 'forcing_probes': {'min': 0, 'median': 0.0, 'max': 4}}","{'order': {'min': 6, 'median': 6.0, 'max': 6}, 'cells': {'min': 36, 'median': 36.0, 'max': 36}, 'givens': {'min': 0, 'median': 4.0, 'max': 10}, 'cages': {'min': 13, 'median': 16.0, 'max': 21}, 'fixed_cages': {'min': 0, 'median': 4.0, 'max': 10}, 'solution_count': {'min': 1, 'median': 1.0, 'max': 1}, 'search_nodes': {'min': 1, 'median': 1.0, 'max': 7}, 'search_branches': {'min': 0, 'median': 0.0, 'max': 3}, 'search_max_depth': {'min': 0, 'median': 0.0, 'max': 3}, 'basic_unfilled': {'min': 0, 'median': 0.0, 'max': 36}, 'advanced_unfilled': {'min': 0, 'median': 0.0, 'max': 36}, 'after_chains_unfilled': {'min': 0, 'median': 0.0, 'max': 0}, 'forcing_eliminations': {'min': 0, 'median': 0.0, 'max': 3}, 'forcing_probes': {'min': 0, 'median': 0.0, 'max': 4}}",,UNCHANGED
12,CALCUDOKU,MASTER,"Latin order, connected arithmetic cages and inference/search bands",50,"{'min': 6, 'median': 6.0, 'max': 6}","{'givens': {'min': 0, 'median': 1.0, 'max': 3}, 'cages': {'min': 11, 'median': 13.0, 'max': 15}, 'fixed_cages': {'min': 0, 'median': 1.0, 'max': 3}}",N/A,public-clue propagation and bounded search; algorithm-specific counts,"{'order': {'min': 6, 'median': 6.0, 'max': 6}, 'cells': {'min': 36, 'median': 36.0, 'max': 36}, 'givens': {'min': 0, 'median': 1.0, 'max': 3}, 'cages': {'min': 11, 'median': 13.0, 'max': 15}, 'fixed_cages': {'min': 0, 'median': 1.0, 'max': 3}, 'solution_count': {'min': 1, 'median': 1.0, 'max': 1}, 'search_nodes': {'min': 8, 'median': 13.0, 'max': 33}, 'search_branches': {'min': 3, 'median': 6.0, 'max': 16}, 'search_max_depth': {'min': 2, 'median': 4.0, 'max': 6}, 'basic_unfilled': {'min': 27, 'median': 34.0, 'max': 36}, 'advanced_unfilled': {'min': 27, 'median': 34.0, 'max': 36}, 'after_chains_unfilled': {'min': 0, 'median': 0.0, 'max': 0}, 'forcing_eliminations': {'min': 1, 'median': 4.0, 'max': 12}, 'forcing_probes': {'min': 3, 'median': 13.5, 'max': 243}}","{'with_other_levels': [{'difficulty': 'EASY', 'exact': 0, 'canonical': 0}, {'difficulty': 'NORMAL', 'exact': 0, 'canonical': 0}, {'difficulty': 'HARD', 'exact': 0, 'canonical': 0}, {'difficulty': 'HELL', 'exact': 0, 'canonical': 0}], 'search_range_overlaps_previous': False}",YES: structural/inference band; provisional human ranking,Structural/inference parameters differ; human difficulty remains provisional.,None; evidence/caveats documented,public-clue propagation and bounded search; algorithm-specific counts,"{'order': {'min': 6, 'median': 6.0, 'max': 6}, 'cells': {'min': 36, 'median': 36.0, 'max': 36}, 'givens': {'min': 0, 'median': 1.0, 'max': 3}, 'cages': {'min': 11, 'median': 13.0, 'max': 15}, 'fixed_cages': {'min': 0, 'median': 1.0, 'max': 3}, 'solution_count': {'min': 1, 'median': 1.0, 'max': 1}, 'search_nodes': {'min': 8, 'median': 13.0, 'max': 33}, 'search_branches': {'min': 3, 'median': 6.0, 'max': 16}, 'search_max_depth': {'min': 2, 'median': 4.0, 'max': 6}, 'basic_unfilled': {'min': 27, 'median': 34.0, 'max': 36}, 'advanced_unfilled': {'min': 27, 'median': 34.0, 'max': 36}, 'after_chains_unfilled': {'min': 0, 'median': 0.0, 'max': 0}, 'forcing_eliminations': {'min': 1, 'median': 4.0, 'max': 12}, 'forcing_probes': {'min': 3, 'median': 13.5, 'max': 243}}","{'order': {'min': 6, 'median': 6.0, 'max': 6}, 'cells': {'min': 36, 'median': 36.0, 'max': 36}, 'givens': {'min': 0, 'median': 1.0, 'max': 3}, 'cages': {'min': 11, 'median': 13.0, 'max': 15}, 'fixed_cages': {'min': 0, 'median': 1.0, 'max': 3}, 'solution_count': {'min': 1, 'median': 1.0, 'max': 1}, 'search_nodes': {'min': 8, 'median': 13.0, 'max': 33}, 'search_branches': {'min': 3, 'median': 6.0, 'max': 16}, 'search_max_depth': {'min': 2, 'median': 4.0, 'max': 6}, 'basic_unfilled': {'min': 27, 'median': 34.0, 'max': 36}, 'advanced_unfilled': {'min': 27, 'median': 34.0, 'max': 36}, 'after_chains_unfilled': {'min': 0, 'median': 0.0, 'max': 0}, 'forcing_eliminations': {'min': 1, 'median': 4.0, 'max': 12}, 'forcing_probes': {'min': 3, 'median': 13.5, 'max': 243}}",,UNCHANGED
12,CALCUDOKU,HELL,"Latin order, connected arithmetic cages and inference/search bands",30,"{'min': 6, 'median': 6.0, 'max': 6}","{'givens': {'min': 0, 'median': 1.0, 'max': 3}, 'cages': {'min': 11, 'median': 13.0, 'max': 15}, 'fixed_cages': {'min': 0, 'median': 1.0, 'max': 3}}",N/A,public-clue propagation and bounded search; algorithm-specific counts,"{'order': {'min': 6, 'median': 6.0, 'max': 6}, 'cells': {'min': 36, 'median': 36.0, 'max': 36}, 'givens': {'min': 0, 'median': 1.0, 'max': 3}, 'cages': {'min': 11, 'median': 13.0, 'max': 15}, 'fixed_cages': {'min': 0, 'median': 1.0, 'max': 3}, 'solution_count': {'min': 1, 'median': 1.0, 'max': 1}, 'search_nodes': {'min': 34, 'median': 43.5, 'max': 200}, 'search_branches': {'min': 14, 'median': 20.5, 'max': 86}, 'search_max_depth': {'min': 4, 'median': 6.0, 'max': 8}, 'basic_unfilled': {'min': 32, 'median': 35.0, 'max': 36}, 'advanced_unfilled': {'min': 32, 'median': 35.0, 'max': 36}, 'after_chains_unfilled': {'min': 0, 'median': 0.0, 'max': 0}, 'forcing_eliminations': {'min': 5, 'median': 9.0, 'max': 19}, 'forcing_probes': {'min': 22, 'median': 95.0, 'max': 469}}","{'with_other_levels': [{'difficulty': 'EASY', 'exact': 0, 'canonical': 0}, {'difficulty': 'NORMAL', 'exact': 0, 'canonical': 0}, {'difficulty': 'HARD', 'exact': 0, 'canonical': 0}, {'difficulty': 'MASTER', 'exact': 0, 'canonical': 0}], 'search_range_overlaps_previous': False}",YES: structural/inference band; provisional human ranking,Structural/inference parameters differ; human difficulty remains provisional.,None; evidence/caveats documented,public-clue propagation and bounded search; algorithm-specific counts,"{'order': {'min': 6, 'median': 6.0, 'max': 6}, 'cells': {'min': 36, 'median': 36.0, 'max': 36}, 'givens': {'min': 0, 'median': 1.0, 'max': 3}, 'cages': {'min': 11, 'median': 13.0, 'max': 15}, 'fixed_cages': {'min': 0, 'median': 1.0, 'max': 3}, 'solution_count': {'min': 1, 'median': 1.0, 'max': 1}, 'search_nodes': {'min': 34, 'median': 43.5, 'max': 200}, 'search_branches': {'min': 14, 'median': 20.5, 'max': 86}, 'search_max_depth': {'min': 4, 'median': 6.0, 'max': 8}, 'basic_unfilled': {'min': 32, 'median': 35.0, 'max': 36}, 'advanced_unfilled': {'min': 32, 'median': 35.0, 'max': 36}, 'after_chains_unfilled': {'min': 0, 'median': 0.0, 'max': 0}, 'forcing_eliminations': {'min': 5, 'median': 9.0, 'max': 19}, 'forcing_probes': {'min': 22, 'median': 95.0, 'max': 469}}","{'order': {'min': 6, 'median': 6.0, 'max': 6}, 'cells': {'min': 36, 'median': 36.0, 'max': 36}, 'givens': {'min': 0, 'median': 1.0, 'max': 3}, 'cages': {'min': 11, 'median': 13.0, 'max': 15}, 'fixed_cages': {'min': 0, 'median': 1.0, 'max': 3}, 'solution_count': {'min': 1, 'median': 1.0, 'max': 1}, 'search_nodes': {'min': 34, 'median': 43.5, 'max': 200}, 'search_branches': {'min': 14, 'median': 20.5, 'max': 86}, 'search_max_depth': {'min': 4, 'median': 6.0, 'max': 8}, 'basic_unfilled': {'min': 32, 'median': 35.0, 'max': 36}, 'advanced_unfilled': {'min': 32, 'median': 35.0, 'max': 36}, 'after_chains_unfilled': {'min': 0, 'median': 0.0, 'max': 0}, 'forcing_eliminations': {'min': 5, 'median': 9.0, 'max': 19}, 'forcing_probes': {'min': 22, 'median': 95.0, 'max': 469}}",,UNCHANGED
13,KAKURO,EASY,"Crossing distinct-digit sum runs, white-cell geometry and inference/search bands",50,"{'min': 5, 'median': 5.0, 'max': 5}","{'white_cells': {'min': 7, 'median': 9.0, 'max': 12}, 'runs': {'min': 6, 'median': 7.0, 'max': 8}, 'longest_run': {'min': 3, 'median': 4.0, 'max': 4}}",N/A,public-clue propagation and bounded search; algorithm-specific counts,"{'order': {'min': 5, 'median': 5.0, 'max': 5}, 'cells': {'min': 25, 'median': 25.0, 'max': 25}, 'white_cells': {'min': 7, 'median': 9.0, 'max': 12}, 'runs': {'min': 6, 'median': 7.0, 'max': 8}, 'longest_run': {'min': 3, 'median': 4.0, 'max': 4}, 'solution_count': {'min': 1, 'median': 1.0, 'max': 1}, 'search_nodes': {'min': 1, 'median': 1.0, 'max': 1}, 'search_branches': {'min': 0, 'median': 0.0, 'max': 0}, 'search_max_depth': {'min': 0, 'median': 0.0, 'max': 0}, 'basic_unfilled': {'min': 0, 'median': 0.0, 'max': 0}, 'advanced_unfilled': {'min': 0, 'median': 0.0, 'max': 0}, 'after_chains_unfilled': {'min': 0, 'median': 0.0, 'max': 0}, 'forcing_eliminations': {'min': 0, 'median': 0.0, 'max': 0}, 'forcing_probes': {'min': 0, 'median': 0.0, 'max': 0}}","{'with_other_levels': [{'difficulty': 'NORMAL', 'exact': 0, 'canonical': 0}, {'difficulty': 'HARD', 'exact': 0, 'canonical': 0}, {'difficulty': 'MASTER', 'exact': 0, 'canonical': 0}, {'difficulty': 'HELL', 'exact': 0, 'canonical': 0}], 'search_range_overlaps_previous': None}",YES: structural/inference band; provisional human ranking,"Structural/inference parameters differ; human difficulty remains provisional. Every sample finishes by basic propagation; its distinction is structural or arithmetic, not a need for advanced inference.",None; evidence/caveats documented,public-clue propagation and bounded search; algorithm-specific counts,"{'order': {'min': 5, 'median': 5.0, 'max': 5}, 'cells': {'min': 25, 'median': 25.0, 'max': 25}, 'white_cells': {'min': 7, 'median': 9.0, 'max': 12}, 'runs': {'min': 6, 'median': 7.0, 'max': 8}, 'longest_run': {'min': 3, 'median': 4.0, 'max': 4}, 'solution_count': {'min': 1, 'median': 1.0, 'max': 1}, 'search_nodes': {'min': 1, 'median': 1.0, 'max': 1}, 'search_branches': {'min': 0, 'median': 0.0, 'max': 0}, 'search_max_depth': {'min': 0, 'median': 0.0, 'max': 0}, 'basic_unfilled': {'min': 0, 'median': 0.0, 'max': 0}, 'advanced_unfilled': {'min': 0, 'median': 0.0, 'max': 0}, 'after_chains_unfilled': {'min': 0, 'median': 0.0, 'max': 0}, 'forcing_eliminations': {'min': 0, 'median': 0.0, 'max': 0}, 'forcing_probes': {'min': 0, 'median': 0.0, 'max': 0}}","{'order': {'min': 5, 'median': 5.0, 'max': 5}, 'cells': {'min': 25, 'median': 25.0, 'max': 25}, 'white_cells': {'min': 7, 'median': 9.0, 'max': 12}, 'runs': {'min': 6, 'median': 7.0, 'max': 8}, 'longest_run': {'min': 3, 'median': 4.0, 'max': 4}, 'solution_count': {'min': 1, 'median': 1.0, 'max': 1}, 'search_nodes': {'min': 1, 'median': 1.0, 'max': 1}, 'search_branches': {'min': 0, 'median': 0.0, 'max': 0}, 'search_max_depth': {'min': 0, 'median': 0.0, 'max': 0}, 'basic_unfilled': {'min': 0, 'median': 0.0, 'max': 0}, 'advanced_unfilled': {'min': 0, 'median': 0.0, 'max': 0}, 'after_chains_unfilled': {'min': 0, 'median': 0.0, 'max': 0}, 'forcing_eliminations': {'min': 0, 'median': 0.0, 'max': 0}, 'forcing_probes': {'min': 0, 'median': 0.0, 'max': 0}}",,UNCHANGED
13,KAKURO,NORMAL,"Crossing distinct-digit sum runs, white-cell geometry and inference/search bands",50,"{'min': 6, 'median': 6.0, 'max': 6}","{'white_cells': {'min': 11, 'median': 12.0, 'max': 15}, 'runs': {'min': 8, 'median': 9.0, 'max': 11}, 'longest_run': {'min': 4, 'median': 5.0, 'max': 5}}",N/A,public-clue propagation and bounded search; algorithm-specific counts,"{'order': {'min': 6, 'median': 6.0, 'max': 6}, 'cells': {'min': 36, 'median': 36.0, 'max': 36}, 'white_cells': {'min': 11, 'median': 12.0, 'max': 15}, 'runs': {'min': 8, 'median': 9.0, 'max': 11}, 'longest_run': {'min': 4, 'median': 5.0, 'max': 5}, 'solution_count': {'min': 1, 'median': 1.0, 'max': 1}, 'search_nodes': {'min': 1, 'median': 1.0, 'max': 1}, 'search_branches': {'min': 0, 'median': 0.0, 'max': 0}, 'search_max_depth': {'min': 0, 'median': 0.0, 'max': 0}, 'basic_unfilled': {'min': 0, 'median': 0.0, 'max': 0}, 'advanced_unfilled': {'min': 0, 'median': 0.0, 'max': 0}, 'after_chains_unfilled': {'min': 0, 'median': 0.0, 'max': 0}, 'forcing_eliminations': {'min': 0, 'median': 0.0, 'max': 0}, 'forcing_probes': {'min': 0, 'median': 0.0, 'max': 0}}","{'with_other_levels': [{'difficulty': 'EASY', 'exact': 0, 'canonical': 0}, {'difficulty': 'HARD', 'exact': 0, 'canonical': 0}, {'difficulty': 'MASTER', 'exact': 0, 'canonical': 0}, {'difficulty': 'HELL', 'exact': 0, 'canonical': 0}], 'search_range_overlaps_previous': True}",YES: structural/inference band; provisional human ranking,"Structural/inference parameters differ; human difficulty remains provisional. Search-node ranges overlap the previous level; no per-puzzle strict ranking claimed. Every sample finishes by basic propagation; its distinction is structural or arithmetic, not a need for advanced inference.",None; evidence/caveats documented,public-clue propagation and bounded search; algorithm-specific counts,"{'order': {'min': 6, 'median': 6.0, 'max': 6}, 'cells': {'min': 36, 'median': 36.0, 'max': 36}, 'white_cells': {'min': 11, 'median': 12.0, 'max': 15}, 'runs': {'min': 8, 'median': 9.0, 'max': 11}, 'longest_run': {'min': 4, 'median': 5.0, 'max': 5}, 'solution_count': {'min': 1, 'median': 1.0, 'max': 1}, 'search_nodes': {'min': 1, 'median': 1.0, 'max': 1}, 'search_branches': {'min': 0, 'median': 0.0, 'max': 0}, 'search_max_depth': {'min': 0, 'median': 0.0, 'max': 0}, 'basic_unfilled': {'min': 0, 'median': 0.0, 'max': 0}, 'advanced_unfilled': {'min': 0, 'median': 0.0, 'max': 0}, 'after_chains_unfilled': {'min': 0, 'median': 0.0, 'max': 0}, 'forcing_eliminations': {'min': 0, 'median': 0.0, 'max': 0}, 'forcing_probes': {'min': 0, 'median': 0.0, 'max': 0}}","{'order': {'min': 6, 'median': 6.0, 'max': 6}, 'cells': {'min': 36, 'median': 36.0, 'max': 36}, 'white_cells': {'min': 11, 'median': 12.0, 'max': 15}, 'runs': {'min': 8, 'median': 9.0, 'max': 11}, 'longest_run': {'min': 4, 'median': 5.0, 'max': 5}, 'solution_count': {'min': 1, 'median': 1.0, 'max': 1}, 'search_nodes': {'min': 1, 'median': 1.0, 'max': 1}, 'search_branches': {'min': 0, 'median': 0.0, 'max': 0}, 'search_max_depth': {'min': 0, 'median': 0.0, 'max': 0}, 'basic_unfilled': {'min': 0, 'median': 0.0, 'max': 0}, 'advanced_unfilled': {'min': 0, 'median': 0.0, 'max': 0}, 'after_chains_unfilled': {'min': 0, 'median': 0.0, 'max': 0}, 'forcing_eliminations': {'min': 0, 'median': 0.0, 'max': 0}, 'forcing_probes': {'min': 0, 'median': 0.0, 'max': 0}}",,UNCHANGED
13,KAKURO,HARD,"Crossing distinct-digit sum runs, white-cell geometry and inference/search bands",50,"{'min': 7, 'median': 7.0, 'max': 7}","{'white_cells': {'min': 16, 'median': 17.0, 'max': 20}, 'runs': {'min': 10, 'median': 12.0, 'max': 16}, 'longest_run': {'min': 4, 'median': 5.0, 'max': 6}}",N/A,public-clue propagation and bounded search; algorithm-specific counts,"{'order': {'min': 7, 'median': 7.0, 'max': 7}, 'cells': {'min': 49, 'median': 49.0, 'max': 49}, 'white_cells': {'min': 16, 'median': 17.0, 'max': 20}, 'runs': {'min': 10, 'median': 12.0, 'max': 16}, 'longest_run': {'min': 4, 'median': 5.0, 'max': 6}, 'solution_count': {'min': 1, 'median': 1.0, 'max': 1}, 'search_nodes': {'min': 1, 'median': 1.0, 'max': 5}, 'search_branches': {'min': 0, 'median': 0.0, 'max': 2}, 'search_max_depth': {'min': 0, 'median': 0.0, 'max': 2}, 'basic_unfilled': {'min': 0, 'median': 0.0, 'max': 17}, 'advanced_unfilled': {'min': 0, 'median': 0.0, 'max': 17}, 'after_chains_unfilled': {'min': 0, 'median': 0.0, 'max': 0}, 'forcing_eliminations': {'min': 0, 'median': 0.0, 'max': 2}, 'forcing_probes': {'min': 0, 'median': 0.0, 'max': 3}}","{'with_other_levels': [{'difficulty': 'EASY', 'exact': 0, 'canonical': 0}, {'difficulty': 'NORMAL', 'exact': 0, 'canonical': 0}, {'difficulty': 'MASTER', 'exact': 0, 'canonical': 0}, {'difficulty': 'HELL', 'exact': 0, 'canonical': 0}], 'search_range_overlaps_previous': True}",YES: structural/inference band; provisional human ranking,Structural/inference parameters differ; human difficulty remains provisional. Search-node ranges overlap the previous level; no per-puzzle strict ranking claimed.,None; evidence/caveats documented,public-clue propagation and bounded search; algorithm-specific counts,"{'order': {'min': 7, 'median': 7.0, 'max': 7}, 'cells': {'min': 49, 'median': 49.0, 'max': 49}, 'white_cells': {'min': 16, 'median': 17.0, 'max': 20}, 'runs': {'min': 10, 'median': 12.0, 'max': 16}, 'longest_run': {'min': 4, 'median': 5.0, 'max': 6}, 'solution_count': {'min': 1, 'median': 1.0, 'max': 1}, 'search_nodes': {'min': 1, 'median': 1.0, 'max': 5}, 'search_branches': {'min': 0, 'median': 0.0, 'max': 2}, 'search_max_depth': {'min': 0, 'median': 0.0, 'max': 2}, 'basic_unfilled': {'min': 0, 'median': 0.0, 'max': 17}, 'advanced_unfilled': {'min': 0, 'median': 0.0, 'max': 17}, 'after_chains_unfilled': {'min': 0, 'median': 0.0, 'max': 0}, 'forcing_eliminations': {'min': 0, 'median': 0.0, 'max': 2}, 'forcing_probes': {'min': 0, 'median': 0.0, 'max': 3}}","{'order': {'min': 7, 'median': 7.0, 'max': 7}, 'cells': {'min': 49, 'median': 49.0, 'max': 49}, 'white_cells': {'min': 16, 'median': 17.0, 'max': 20}, 'runs': {'min': 10, 'median': 12.0, 'max': 16}, 'longest_run': {'min': 4, 'median': 5.0, 'max': 6}, 'solution_count': {'min': 1, 'median': 1.0, 'max': 1}, 'search_nodes': {'min': 1, 'median': 1.0, 'max': 5}, 'search_branches': {'min': 0, 'median': 0.0, 'max': 2}, 'search_max_depth': {'min': 0, 'median': 0.0, 'max': 2}, 'basic_unfilled': {'min': 0, 'median': 0.0, 'max': 17}, 'advanced_unfilled': {'min': 0, 'median': 0.0, 'max': 17}, 'after_chains_unfilled': {'min': 0, 'median': 0.0, 'max': 0}, 'forcing_eliminations': {'min': 0, 'median': 0.0, 'max': 2}, 'forcing_probes': {'min': 0, 'median': 0.0, 'max': 3}}",,UNCHANGED
13,KAKURO,MASTER,"Crossing distinct-digit sum runs, white-cell geometry and inference/search bands",50,"{'min': 7, 'median': 7.0, 'max': 7}","{'white_cells': {'min': 21, 'median': 22.0, 'max': 25}, 'runs': {'min': 13, 'median': 15.0, 'max': 17}, 'longest_run': {'min': 5, 'median': 5.0, 'max': 5}}",N/A,public-clue propagation and bounded search; algorithm-specific counts,"{'order': {'min': 7, 'median': 7.0, 'max': 7}, 'cells': {'min': 49, 'median': 49.0, 'max': 49}, 'white_cells': {'min': 21, 'median': 22.0, 'max': 25}, 'runs': {'min': 13, 'median': 15.0, 'max': 17}, 'longest_run': {'min': 5, 'median': 5.0, 'max': 5}, 'solution_count': {'min': 1, 'median': 1.0, 'max': 1}, 'search_nodes': {'min': 7, 'median': 7.0, 'max': 15}, 'search_branches': {'min': 2, 'median': 3.0, 'max': 7}, 'search_max_depth': {'min': 2, 'median': 3.0, 'max': 5}, 'basic_unfilled': {'min': 14, 'median': 20.0, 'max': 25}, 'advanced_unfilled': {'min': 14, 'median': 20.0, 'max': 25}, 'after_chains_unfilled': {'min': 0, 'median': 0.0, 'max': 0}, 'forcing_eliminations': {'min': 1, 'median': 2.5, 'max': 7}, 'forcing_probes': {'min': 1, 'median': 6.0, 'max': 46}}","{'with_other_levels': [{'difficulty': 'EASY', 'exact': 0, 'canonical': 0}, {'difficulty': 'NORMAL', 'exact': 0, 'canonical': 0}, {'difficulty': 'HARD', 'exact': 0, 'canonical': 0}, {'difficulty': 'HELL', 'exact': 0, 'canonical': 0}], 'search_range_overlaps_previous': False}",YES: structural/inference band; provisional human ranking,Structural/inference parameters differ; human difficulty remains provisional.,None; evidence/caveats documented,public-clue propagation and bounded search; algorithm-specific counts,"{'order': {'min': 7, 'median': 7.0, 'max': 7}, 'cells': {'min': 49, 'median': 49.0, 'max': 49}, 'white_cells': {'min': 21, 'median': 22.0, 'max': 25}, 'runs': {'min': 13, 'median': 15.0, 'max': 17}, 'longest_run': {'min': 5, 'median': 5.0, 'max': 5}, 'solution_count': {'min': 1, 'median': 1.0, 'max': 1}, 'search_nodes': {'min': 7, 'median': 7.0, 'max': 15}, 'search_branches': {'min': 2, 'median': 3.0, 'max': 7}, 'search_max_depth': {'min': 2, 'median': 3.0, 'max': 5}, 'basic_unfilled': {'min': 14, 'median': 20.0, 'max': 25}, 'advanced_unfilled': {'min': 14, 'median': 20.0, 'max': 25}, 'after_chains_unfilled': {'min': 0, 'median': 0.0, 'max': 0}, 'forcing_eliminations': {'min': 1, 'median': 2.5, 'max': 7}, 'forcing_probes': {'min': 1, 'median': 6.0, 'max': 46}}","{'order': {'min': 7, 'median': 7.0, 'max': 7}, 'cells': {'min': 49, 'median': 49.0, 'max': 49}, 'white_cells': {'min': 21, 'median': 22.0, 'max': 25}, 'runs': {'min': 13, 'median': 15.0, 'max': 17}, 'longest_run': {'min': 5, 'median': 5.0, 'max': 5}, 'solution_count': {'min': 1, 'median': 1.0, 'max': 1}, 'search_nodes': {'min': 7, 'median': 7.0, 'max': 15}, 'search_branches': {'min': 2, 'median': 3.0, 'max': 7}, 'search_max_depth': {'min': 2, 'median': 3.0, 'max': 5}, 'basic_unfilled': {'min': 14, 'median': 20.0, 'max': 25}, 'advanced_unfilled': {'min': 14, 'median': 20.0, 'max': 25}, 'after_chains_unfilled': {'min': 0, 'median': 0.0, 'max': 0}, 'forcing_eliminations': {'min': 1, 'median': 2.5, 'max': 7}, 'forcing_probes': {'min': 1, 'median': 6.0, 'max': 46}}",,UNCHANGED
13,KAKURO,HELL,"Crossing distinct-digit sum runs, white-cell geometry and inference/search bands",30,"{'min': 8, 'median': 8.0, 'max': 8}","{'white_cells': {'min': 22, 'median': 24.0, 'max': 31}, 'runs': {'min': 14, 'median': 17.0, 'max': 21}, 'longest_run': {'min': 5, 'median': 5.0, 'max': 5}}",N/A,public-clue propagation and bounded search; algorithm-specific counts,"{'order': {'min': 8, 'median': 8.0, 'max': 8}, 'cells': {'min': 64, 'median': 64.0, 'max': 64}, 'white_cells': {'min': 22, 'median': 24.0, 'max': 31}, 'runs': {'min': 14, 'median': 17.0, 'max': 21}, 'longest_run': {'min': 5, 'median': 5.0, 'max': 5}, 'solution_count': {'min': 1, 'median': 1.0, 'max': 1}, 'search_nodes': {'min': 18, 'median': 19.0, 'max': 33}, 'search_branches': {'min': 7, 'median': 9.0, 'max': 16}, 'search_max_depth': {'min': 4, 'median': 5.0, 'max': 6}, 'basic_unfilled': {'min': 16, 'median': 24.0, 'max': 31}, 'advanced_unfilled': {'min': 16, 'median': 24.0, 'max': 31}, 'after_chains_unfilled': {'min': 0, 'median': 0.0, 'max': 0}, 'forcing_eliminations': {'min': 4, 'median': 5.0, 'max': 10}, 'forcing_probes': {'min': 5, 'median': 33.0, 'max': 200}}","{'with_other_levels': [{'difficulty': 'EASY', 'exact': 0, 'canonical': 0}, {'difficulty': 'NORMAL', 'exact': 0, 'canonical': 0}, {'difficulty': 'HARD', 'exact': 0, 'canonical': 0}, {'difficulty': 'MASTER', 'exact': 0, 'canonical': 0}], 'search_range_overlaps_previous': False}",YES: structural/inference band; provisional human ranking,Structural/inference parameters differ; human difficulty remains provisional.,None; evidence/caveats documented,public-clue propagation and bounded search; algorithm-specific counts,"{'order': {'min': 8, 'median': 8.0, 'max': 8}, 'cells': {'min': 64, 'median': 64.0, 'max': 64}, 'white_cells': {'min': 22, 'median': 24.0, 'max': 31}, 'runs': {'min': 14, 'median': 17.0, 'max': 21}, 'longest_run': {'min': 5, 'median': 5.0, 'max': 5}, 'solution_count': {'min': 1, 'median': 1.0, 'max': 1}, 'search_nodes': {'min': 18, 'median': 19.0, 'max': 33}, 'search_branches': {'min': 7, 'median': 9.0, 'max': 16}, 'search_max_depth': {'min': 4, 'median': 5.0, 'max': 6}, 'basic_unfilled': {'min': 16, 'median': 24.0, 'max': 31}, 'advanced_unfilled': {'min': 16, 'median': 24.0, 'max': 31}, 'after_chains_unfilled': {'min': 0, 'median': 0.0, 'max': 0}, 'forcing_eliminations': {'min': 4, 'median': 5.0, 'max': 10}, 'forcing_probes': {'min': 5, 'median': 33.0, 'max': 200}}","{'order': {'min': 8, 'median': 8.0, 'max': 8}, 'cells': {'min': 64, 'median': 64.0, 'max': 64}, 'white_cells': {'min': 22, 'median': 24.0, 'max': 31}, 'runs': {'min': 14, 'median': 17.0, 'max': 21}, 'longest_run': {'min': 5, 'median': 5.0, 'max': 5}, 'solution_count': {'min': 1, 'median': 1.0, 'max': 1}, 'search_nodes': {'min': 18, 'median': 19.0, 'max': 33}, 'search_branches': {'min': 7, 'median': 9.0, 'max': 16}, 'search_max_depth': {'min': 4, 'median': 5.0, 'max': 6}, 'basic_unfilled': {'min': 16, 'median': 24.0, 'max': 31}, 'advanced_unfilled': {'min': 16, 'median': 24.0, 'max': 31}, 'after_chains_unfilled': {'min': 0, 'median': 0.0, 'max': 0}, 'forcing_eliminations': {'min': 4, 'median': 5.0, 'max': 10}, 'forcing_probes': {'min': 5, 'median': 33.0, 'max': 200}}",,UNCHANGED
14,FUTOSHIKI,EASY,"Latin order, givens/inequalities and inference/search bands",50,"{'min': 4, 'median': 4.0, 'max': 4}","{'givens': {'min': 3, 'median': 3.0, 'max': 4}, 'inequalities': {'min': 11, 'median': 15.0, 'max': 20}}",N/A,public-clue propagation and bounded search; algorithm-specific counts,"{'order': {'min': 4, 'median': 4.0, 'max': 4}, 'cells': {'min': 16, 'median': 16.0, 'max': 16}, 'givens': {'min': 3, 'median': 3.0, 'max': 4}, 'inequalities': {'min': 11, 'median': 15.0, 'max': 20}, 'solution_count': {'min': 1, 'median': 1.0, 'max': 1}, 'search_nodes': {'min': 1, 'median': 1.0, 'max': 1}, 'search_branches': {'min': 0, 'median': 0.0, 'max': 0}, 'search_max_depth': {'min': 0, 'median': 0.0, 'max': 0}, 'basic_unfilled': {'min': 0, 'median': 0.0, 'max': 0}, 'advanced_unfilled': {'min': 0, 'median': 0.0, 'max': 0}, 'after_chains_unfilled': {'min': 0, 'median': 0.0, 'max': 0}, 'forcing_eliminations': {'min': 0, 'median': 0.0, 'max': 0}, 'forcing_probes': {'min': 0, 'median': 0.0, 'max': 0}}","{'with_other_levels': [{'difficulty': 'NORMAL', 'exact': 0, 'canonical': 0}, {'difficulty': 'HARD', 'exact': 0, 'canonical': 0}, {'difficulty': 'MASTER', 'exact': 0, 'canonical': 0}, {'difficulty': 'HELL', 'exact': 0, 'canonical': 0}], 'search_range_overlaps_previous': None}",YES: structural/inference band; provisional human ranking,"Structural/inference parameters differ; human difficulty remains provisional. Every sample finishes by basic propagation; its distinction is structural or arithmetic, not a need for advanced inference.",None; evidence/caveats documented,public-clue propagation and bounded search; algorithm-specific counts,"{'order': {'min': 4, 'median': 4.0, 'max': 4}, 'cells': {'min': 16, 'median': 16.0, 'max': 16}, 'givens': {'min': 3, 'median': 3.0, 'max': 4}, 'inequalities': {'min': 11, 'median': 15.0, 'max': 20}, 'solution_count': {'min': 1, 'median': 1.0, 'max': 1}, 'search_nodes': {'min': 1, 'median': 1.0, 'max': 1}, 'search_branches': {'min': 0, 'median': 0.0, 'max': 0}, 'search_max_depth': {'min': 0, 'median': 0.0, 'max': 0}, 'basic_unfilled': {'min': 0, 'median': 0.0, 'max': 0}, 'advanced_unfilled': {'min': 0, 'median': 0.0, 'max': 0}, 'after_chains_unfilled': {'min': 0, 'median': 0.0, 'max': 0}, 'forcing_eliminations': {'min': 0, 'median': 0.0, 'max': 0}, 'forcing_probes': {'min': 0, 'median': 0.0, 'max': 0}}","{'order': {'min': 4, 'median': 4.0, 'max': 4}, 'cells': {'min': 16, 'median': 16.0, 'max': 16}, 'givens': {'min': 3, 'median': 3.0, 'max': 4}, 'inequalities': {'min': 11, 'median': 15.0, 'max': 20}, 'solution_count': {'min': 1, 'median': 1.0, 'max': 1}, 'search_nodes': {'min': 1, 'median': 1.0, 'max': 1}, 'search_branches': {'min': 0, 'median': 0.0, 'max': 0}, 'search_max_depth': {'min': 0, 'median': 0.0, 'max': 0}, 'basic_unfilled': {'min': 0, 'median': 0.0, 'max': 0}, 'advanced_unfilled': {'min': 0, 'median': 0.0, 'max': 0}, 'after_chains_unfilled': {'min': 0, 'median': 0.0, 'max': 0}, 'forcing_eliminations': {'min': 0, 'median': 0.0, 'max': 0}, 'forcing_probes': {'min': 0, 'median': 0.0, 'max': 0}}",,UNCHANGED
14,FUTOSHIKI,NORMAL,"Latin order, givens/inequalities and inference/search bands",50,"{'min': 5, 'median': 5.0, 'max': 5}","{'givens': {'min': 5, 'median': 5.0, 'max': 5}, 'inequalities': {'min': 11, 'median': 20.0, 'max': 25}}",N/A,public-clue propagation and bounded search; algorithm-specific counts,"{'order': {'min': 5, 'median': 5.0, 'max': 5}, 'cells': {'min': 25, 'median': 25.0, 'max': 25}, 'givens': {'min': 5, 'median': 5.0, 'max': 5}, 'inequalities': {'min': 11, 'median': 20.0, 'max': 25}, 'solution_count': {'min': 1, 'median': 1.0, 'max': 1}, 'search_nodes': {'min': 1, 'median': 1.0, 'max': 1}, 'search_branches': {'min': 0, 'median': 0.0, 'max': 0}, 'search_max_depth': {'min': 0, 'median': 0.0, 'max': 0}, 'basic_unfilled': {'min': 0, 'median': 0.0, 'max': 0}, 'advanced_unfilled': {'min': 0, 'median': 0.0, 'max': 0}, 'after_chains_unfilled': {'min': 0, 'median': 0.0, 'max': 0}, 'forcing_eliminations': {'min': 0, 'median': 0.0, 'max': 0}, 'forcing_probes': {'min': 0, 'median': 0.0, 'max': 0}}","{'with_other_levels': [{'difficulty': 'EASY', 'exact': 0, 'canonical': 0}, {'difficulty': 'HARD', 'exact': 0, 'canonical': 0}, {'difficulty': 'MASTER', 'exact': 0, 'canonical': 0}, {'difficulty': 'HELL', 'exact': 0, 'canonical': 0}], 'search_range_overlaps_previous': True}",YES: structural/inference band; provisional human ranking,"Structural/inference parameters differ; human difficulty remains provisional. Search-node ranges overlap the previous level; no per-puzzle strict ranking claimed. Every sample finishes by basic propagation; its distinction is structural or arithmetic, not a need for advanced inference.",None; evidence/caveats documented,public-clue propagation and bounded search; algorithm-specific counts,"{'order': {'min': 5, 'median': 5.0, 'max': 5}, 'cells': {'min': 25, 'median': 25.0, 'max': 25}, 'givens': {'min': 5, 'median': 5.0, 'max': 5}, 'inequalities': {'min': 11, 'median': 20.0, 'max': 25}, 'solution_count': {'min': 1, 'median': 1.0, 'max': 1}, 'search_nodes': {'min': 1, 'median': 1.0, 'max': 1}, 'search_branches': {'min': 0, 'median': 0.0, 'max': 0}, 'search_max_depth': {'min': 0, 'median': 0.0, 'max': 0}, 'basic_unfilled': {'min': 0, 'median': 0.0, 'max': 0}, 'advanced_unfilled': {'min': 0, 'median': 0.0, 'max': 0}, 'after_chains_unfilled': {'min': 0, 'median': 0.0, 'max': 0}, 'forcing_eliminations': {'min': 0, 'median': 0.0, 'max': 0}, 'forcing_probes': {'min': 0, 'median': 0.0, 'max': 0}}","{'order': {'min': 5, 'median': 5.0, 'max': 5}, 'cells': {'min': 25, 'median': 25.0, 'max': 25}, 'givens': {'min': 5, 'median': 5.0, 'max': 5}, 'inequalities': {'min': 11, 'median': 20.0, 'max': 25}, 'solution_count': {'min': 1, 'median': 1.0, 'max': 1}, 'search_nodes': {'min': 1, 'median': 1.0, 'max': 1}, 'search_branches': {'min': 0, 'median': 0.0, 'max': 0}, 'search_max_depth': {'min': 0, 'median': 0.0, 'max': 0}, 'basic_unfilled': {'min': 0, 'median': 0.0, 'max': 0}, 'advanced_unfilled': {'min': 0, 'median': 0.0, 'max': 0}, 'after_chains_unfilled': {'min': 0, 'median': 0.0, 'max': 0}, 'forcing_eliminations': {'min': 0, 'median': 0.0, 'max': 0}, 'forcing_probes': {'min': 0, 'median': 0.0, 'max': 0}}",,UNCHANGED
14,FUTOSHIKI,HARD,"Latin order, givens/inequalities and inference/search bands",50,"{'min': 6, 'median': 6.0, 'max': 6}","{'givens': {'min': 7, 'median': 7.0, 'max': 7}, 'inequalities': {'min': 17, 'median': 25.0, 'max': 31}}",N/A,public-clue propagation and bounded search; algorithm-specific counts,"{'order': {'min': 6, 'median': 6.0, 'max': 6}, 'cells': {'min': 36, 'median': 36.0, 'max': 36}, 'givens': {'min': 7, 'median': 7.0, 'max': 7}, 'inequalities': {'min': 17, 'median': 25.0, 'max': 31}, 'solution_count': {'min': 1, 'median': 1.0, 'max': 1}, 'search_nodes': {'min': 1, 'median': 1.0, 'max': 7}, 'search_branches': {'min': 0, 'median': 0.0, 'max': 3}, 'search_max_depth': {'min': 0, 'median': 0.0, 'max': 3}, 'basic_unfilled': {'min': 0, 'median': 0.0, 'max': 22}, 'advanced_unfilled': {'min': 0, 'median': 0.0, 'max': 22}, 'after_chains_unfilled': {'min': 0, 'median': 0.0, 'max': 0}, 'forcing_eliminations': {'min': 0, 'median': 0.0, 'max': 3}, 'forcing_probes': {'min': 0, 'median': 0.0, 'max': 6}}","{'with_other_levels': [{'difficulty': 'EASY', 'exact': 0, 'canonical': 0}, {'difficulty': 'NORMAL', 'exact': 0, 'canonical': 0}, {'difficulty': 'MASTER', 'exact': 0, 'canonical': 0}, {'difficulty': 'HELL', 'exact': 0, 'canonical': 0}], 'search_range_overlaps_previous': True}",YES: structural/inference band; provisional human ranking,Structural/inference parameters differ; human difficulty remains provisional. Search-node ranges overlap the previous level; no per-puzzle strict ranking claimed.,None; evidence/caveats documented,public-clue propagation and bounded search; algorithm-specific counts,"{'order': {'min': 6, 'median': 6.0, 'max': 6}, 'cells': {'min': 36, 'median': 36.0, 'max': 36}, 'givens': {'min': 7, 'median': 7.0, 'max': 7}, 'inequalities': {'min': 17, 'median': 25.0, 'max': 31}, 'solution_count': {'min': 1, 'median': 1.0, 'max': 1}, 'search_nodes': {'min': 1, 'median': 1.0, 'max': 7}, 'search_branches': {'min': 0, 'median': 0.0, 'max': 3}, 'search_max_depth': {'min': 0, 'median': 0.0, 'max': 3}, 'basic_unfilled': {'min': 0, 'median': 0.0, 'max': 22}, 'advanced_unfilled': {'min': 0, 'median': 0.0, 'max': 22}, 'after_chains_unfilled': {'min': 0, 'median': 0.0, 'max': 0}, 'forcing_eliminations': {'min': 0, 'median': 0.0, 'max': 3}, 'forcing_probes': {'min': 0, 'median': 0.0, 'max': 6}}","{'order': {'min': 6, 'median': 6.0, 'max': 6}, 'cells': {'min': 36, 'median': 36.0, 'max': 36}, 'givens': {'min': 7, 'median': 7.0, 'max': 7}, 'inequalities': {'min': 17, 'median': 25.0, 'max': 31}, 'solution_count': {'min': 1, 'median': 1.0, 'max': 1}, 'search_nodes': {'min': 1, 'median': 1.0, 'max': 7}, 'search_branches': {'min': 0, 'median': 0.0, 'max': 3}, 'search_max_depth': {'min': 0, 'median': 0.0, 'max': 3}, 'basic_unfilled': {'min': 0, 'median': 0.0, 'max': 22}, 'advanced_unfilled': {'min': 0, 'median': 0.0, 'max': 22}, 'after_chains_unfilled': {'min': 0, 'median': 0.0, 'max': 0}, 'forcing_eliminations': {'min': 0, 'median': 0.0, 'max': 3}, 'forcing_probes': {'min': 0, 'median': 0.0, 'max': 6}}",,UNCHANGED
14,FUTOSHIKI,MASTER,"Latin order, givens/inequalities and inference/search bands",50,"{'min': 6, 'median': 6.0, 'max': 6}","{'givens': {'min': 2, 'median': 5.0, 'max': 9}, 'inequalities': {'min': 7, 'median': 15.0, 'max': 21}}",N/A,public-clue propagation and bounded search; algorithm-specific counts,"{'order': {'min': 6, 'median': 6.0, 'max': 6}, 'cells': {'min': 36, 'median': 36.0, 'max': 36}, 'givens': {'min': 2, 'median': 5.0, 'max': 9}, 'inequalities': {'min': 7, 'median': 15.0, 'max': 21}, 'solution_count': {'min': 1, 'median': 1.0, 'max': 1}, 'search_nodes': {'min': 9, 'median': 11.0, 'max': 35}, 'search_branches': {'min': 4, 'median': 5.0, 'max': 17}, 'search_max_depth': {'min': 3, 'median': 4.0, 'max': 8}, 'basic_unfilled': {'min': 20, 'median': 28.5, 'max': 33}, 'advanced_unfilled': {'min': 20, 'median': 28.0, 'max': 33}, 'after_chains_unfilled': {'min': 0, 'median': 0.0, 'max': 0}, 'forcing_eliminations': {'min': 1, 'median': 4.0, 'max': 10}, 'forcing_probes': {'min': 3, 'median': 10.5, 'max': 80}}","{'with_other_levels': [{'difficulty': 'EASY', 'exact': 0, 'canonical': 0}, {'difficulty': 'NORMAL', 'exact': 0, 'canonical': 0}, {'difficulty': 'HARD', 'exact': 0, 'canonical': 0}, {'difficulty': 'HELL', 'exact': 0, 'canonical': 0}], 'search_range_overlaps_previous': False}",YES: structural/inference band; provisional human ranking,Structural/inference parameters differ; human difficulty remains provisional.,None; evidence/caveats documented,public-clue propagation and bounded search; algorithm-specific counts,"{'order': {'min': 6, 'median': 6.0, 'max': 6}, 'cells': {'min': 36, 'median': 36.0, 'max': 36}, 'givens': {'min': 2, 'median': 5.0, 'max': 9}, 'inequalities': {'min': 7, 'median': 15.0, 'max': 21}, 'solution_count': {'min': 1, 'median': 1.0, 'max': 1}, 'search_nodes': {'min': 9, 'median': 11.0, 'max': 35}, 'search_branches': {'min': 4, 'median': 5.0, 'max': 17}, 'search_max_depth': {'min': 3, 'median': 4.0, 'max': 8}, 'basic_unfilled': {'min': 20, 'median': 28.5, 'max': 33}, 'advanced_unfilled': {'min': 20, 'median': 28.0, 'max': 33}, 'after_chains_unfilled': {'min': 0, 'median': 0.0, 'max': 0}, 'forcing_eliminations': {'min': 1, 'median': 4.0, 'max': 10}, 'forcing_probes': {'min': 3, 'median': 10.5, 'max': 80}}","{'order': {'min': 6, 'median': 6.0, 'max': 6}, 'cells': {'min': 36, 'median': 36.0, 'max': 36}, 'givens': {'min': 2, 'median': 5.0, 'max': 9}, 'inequalities': {'min': 7, 'median': 15.0, 'max': 21}, 'solution_count': {'min': 1, 'median': 1.0, 'max': 1}, 'search_nodes': {'min': 9, 'median': 11.0, 'max': 35}, 'search_branches': {'min': 4, 'median': 5.0, 'max': 17}, 'search_max_depth': {'min': 3, 'median': 4.0, 'max': 8}, 'basic_unfilled': {'min': 20, 'median': 28.5, 'max': 33}, 'advanced_unfilled': {'min': 20, 'median': 28.0, 'max': 33}, 'after_chains_unfilled': {'min': 0, 'median': 0.0, 'max': 0}, 'forcing_eliminations': {'min': 1, 'median': 4.0, 'max': 10}, 'forcing_probes': {'min': 3, 'median': 10.5, 'max': 80}}",,UNCHANGED
14,FUTOSHIKI,HELL,"Latin order, givens/inequalities and inference/search bands",30,"{'min': 6, 'median': 6.0, 'max': 6}","{'givens': {'min': 1, 'median': 4.0, 'max': 6}, 'inequalities': {'min': 11, 'median': 16.0, 'max': 23}}",N/A,public-clue propagation and bounded search; algorithm-specific counts,"{'order': {'min': 6, 'median': 6.0, 'max': 6}, 'cells': {'min': 36, 'median': 36.0, 'max': 36}, 'givens': {'min': 1, 'median': 4.0, 'max': 6}, 'inequalities': {'min': 11, 'median': 16.0, 'max': 23}, 'solution_count': {'min': 1, 'median': 1.0, 'max': 1}, 'search_nodes': {'min': 36, 'median': 41.0, 'max': 109}, 'search_branches': {'min': 17, 'median': 20.0, 'max': 53}, 'search_max_depth': {'min': 6, 'median': 8.0, 'max': 9}, 'basic_unfilled': {'min': 27, 'median': 31.0, 'max': 34}, 'advanced_unfilled': {'min': 27, 'median': 31.0, 'max': 34}, 'after_chains_unfilled': {'min': 0, 'median': 0.0, 'max': 0}, 'forcing_eliminations': {'min': 5, 'median': 8.0, 'max': 18}, 'forcing_probes': {'min': 11, 'median': 57.0, 'max': 223}}","{'with_other_levels': [{'difficulty': 'EASY', 'exact': 0, 'canonical': 0}, {'difficulty': 'NORMAL', 'exact': 0, 'canonical': 0}, {'difficulty': 'HARD', 'exact': 0, 'canonical': 0}, {'difficulty': 'MASTER', 'exact': 0, 'canonical': 0}], 'search_range_overlaps_previous': False}",YES: structural/inference band; provisional human ranking,Structural/inference parameters differ; human difficulty remains provisional.,None; evidence/caveats documented,public-clue propagation and bounded search; algorithm-specific counts,"{'order': {'min': 6, 'median': 6.0, 'max': 6}, 'cells': {'min': 36, 'median': 36.0, 'max': 36}, 'givens': {'min': 1, 'median': 4.0, 'max': 6}, 'inequalities': {'min': 11, 'median': 16.0, 'max': 23}, 'solution_count': {'min': 1, 'median': 1.0, 'max': 1}, 'search_nodes': {'min': 36, 'median': 41.0, 'max': 109}, 'search_branches': {'min': 17, 'median': 20.0, 'max': 53}, 'search_max_depth': {'min': 6, 'median': 8.0, 'max': 9}, 'basic_unfilled': {'min': 27, 'median': 31.0, 'max': 34}, 'advanced_unfilled': {'min': 27, 'median': 31.0, 'max': 34}, 'after_chains_unfilled': {'min': 0, 'median': 0.0, 'max': 0}, 'forcing_eliminations': {'min': 5, 'median': 8.0, 'max': 18}, 'forcing_probes': {'min': 11, 'median': 57.0, 'max': 223}}","{'order': {'min': 6, 'median': 6.0, 'max': 6}, 'cells': {'min': 36, 'median': 36.0, 'max': 36}, 'givens': {'min': 1, 'median': 4.0, 'max': 6}, 'inequalities': {'min': 11, 'median': 16.0, 'max': 23}, 'solution_count': {'min': 1, 'median': 1.0, 'max': 1}, 'search_nodes': {'min': 36, 'median': 41.0, 'max': 109}, 'search_branches': {'min': 17, 'median': 20.0, 'max': 53}, 'search_max_depth': {'min': 6, 'median': 8.0, 'max': 9}, 'basic_unfilled': {'min': 27, 'median': 31.0, 'max': 34}, 'advanced_unfilled': {'min': 27, 'median': 31.0, 'max': 34}, 'after_chains_unfilled': {'min': 0, 'median': 0.0, 'max': 0}, 'forcing_eliminations': {'min': 5, 'median': 8.0, 'max': 18}, 'forcing_probes': {'min': 11, 'median': 57.0, 'max': 223}}",,UNCHANGED
15,SKYSCRAPERS,EASY,"Latin order, directional visibility clues and inference/search bands",50,"{'min': 4, 'median': 4.0, 'max': 4}","{'givens': {'min': 0, 'median': 0.0, 'max': 2}, 'outer_clues': {'min': 16, 'median': 16.0, 'max': 16}}",N/A,public-clue propagation and bounded search; algorithm-specific counts,"{'order': {'min': 4, 'median': 4.0, 'max': 4}, 'cells': {'min': 16, 'median': 16.0, 'max': 16}, 'givens': {'min': 0, 'median': 0.0, 'max': 2}, 'outer_clues': {'min': 16, 'median': 16.0, 'max': 16}, 'solution_count': {'min': 1, 'median': 1.0, 'max': 1}, 'search_nodes': {'min': 1, 'median': 1.0, 'max': 1}, 'search_branches': {'min': 0, 'median': 0.0, 'max': 0}, 'search_max_depth': {'min': 0, 'median': 0.0, 'max': 0}, 'basic_unfilled': {'min': 0, 'median': 0.0, 'max': 0}, 'advanced_unfilled': {'min': 0, 'median': 0.0, 'max': 0}, 'after_chains_unfilled': {'min': 0, 'median': 0.0, 'max': 0}, 'forcing_eliminations': {'min': 0, 'median': 0.0, 'max': 0}, 'forcing_probes': {'min': 0, 'median': 0.0, 'max': 0}}","{'with_other_levels': [{'difficulty': 'NORMAL', 'exact': 0, 'canonical': 0}, {'difficulty': 'HARD', 'exact': 0, 'canonical': 0}, {'difficulty': 'MASTER', 'exact': 0, 'canonical': 0}, {'difficulty': 'HELL', 'exact': 0, 'canonical': 0}], 'search_range_overlaps_previous': None}",YES: structural/inference band; provisional human ranking,"Structural/inference parameters differ; human difficulty remains provisional. Every sample finishes by basic propagation; its distinction is structural or arithmetic, not a need for advanced inference.",None; evidence/caveats documented,public-clue propagation and bounded search; algorithm-specific counts,"{'order': {'min': 4, 'median': 4.0, 'max': 4}, 'cells': {'min': 16, 'median': 16.0, 'max': 16}, 'givens': {'min': 0, 'median': 0.0, 'max': 2}, 'outer_clues': {'min': 16, 'median': 16.0, 'max': 16}, 'solution_count': {'min': 1, 'median': 1.0, 'max': 1}, 'search_nodes': {'min': 1, 'median': 1.0, 'max': 1}, 'search_branches': {'min': 0, 'median': 0.0, 'max': 0}, 'search_max_depth': {'min': 0, 'median': 0.0, 'max': 0}, 'basic_unfilled': {'min': 0, 'median': 0.0, 'max': 0}, 'advanced_unfilled': {'min': 0, 'median': 0.0, 'max': 0}, 'after_chains_unfilled': {'min': 0, 'median': 0.0, 'max': 0}, 'forcing_eliminations': {'min': 0, 'median': 0.0, 'max': 0}, 'forcing_probes': {'min': 0, 'median': 0.0, 'max': 0}}","{'order': {'min': 4, 'median': 4.0, 'max': 4}, 'cells': {'min': 16, 'median': 16.0, 'max': 16}, 'givens': {'min': 0, 'median': 0.0, 'max': 2}, 'outer_clues': {'min': 16, 'median': 16.0, 'max': 16}, 'solution_count': {'min': 1, 'median': 1.0, 'max': 1}, 'search_nodes': {'min': 1, 'median': 1.0, 'max': 1}, 'search_branches': {'min': 0, 'median': 0.0, 'max': 0}, 'search_max_depth': {'min': 0, 'median': 0.0, 'max': 0}, 'basic_unfilled': {'min': 0, 'median': 0.0, 'max': 0}, 'advanced_unfilled': {'min': 0, 'median': 0.0, 'max': 0}, 'after_chains_unfilled': {'min': 0, 'median': 0.0, 'max': 0}, 'forcing_eliminations': {'min': 0, 'median': 0.0, 'max': 0}, 'forcing_probes': {'min': 0, 'median': 0.0, 'max': 0}}",,UNCHANGED
15,SKYSCRAPERS,NORMAL,"Latin order, directional visibility clues and inference/search bands",50,"{'min': 5, 'median': 5.0, 'max': 5}","{'givens': {'min': 0, 'median': 1.0, 'max': 3}, 'outer_clues': {'min': 15, 'median': 15.0, 'max': 16}}",N/A,public-clue propagation and bounded search; algorithm-specific counts,"{'order': {'min': 5, 'median': 5.0, 'max': 5}, 'cells': {'min': 25, 'median': 25.0, 'max': 25}, 'givens': {'min': 0, 'median': 1.0, 'max': 3}, 'outer_clues': {'min': 15, 'median': 15.0, 'max': 16}, 'solution_count': {'min': 1, 'median': 1.0, 'max': 1}, 'search_nodes': {'min': 1, 'median': 1.0, 'max': 3}, 'search_branches': {'min': 0, 'median': 0.0, 'max': 1}, 'search_max_depth': {'min': 0, 'median': 0.0, 'max': 1}, 'basic_unfilled': {'min': 0, 'median': 0.0, 'max': 18}, 'advanced_unfilled': {'min': 0, 'median': 0.0, 'max': 18}, 'after_chains_unfilled': {'min': 0, 'median': 0.0, 'max': 0}, 'forcing_eliminations': {'min': 0, 'median': 0.0, 'max': 1}, 'forcing_probes': {'min': 0, 'median': 0.0, 'max': 2}}","{'with_other_levels': [{'difficulty': 'EASY', 'exact': 0, 'canonical': 0}, {'difficulty': 'HARD', 'exact': 0, 'canonical': 0}, {'difficulty': 'MASTER', 'exact': 0, 'canonical': 0}, {'difficulty': 'HELL', 'exact': 0, 'canonical': 0}], 'search_range_overlaps_previous': True}",YES: structural/inference band; provisional human ranking,Structural/inference parameters differ; human difficulty remains provisional. Search-node ranges overlap the previous level; no per-puzzle strict ranking claimed.,None; evidence/caveats documented,public-clue propagation and bounded search; algorithm-specific counts,"{'order': {'min': 5, 'median': 5.0, 'max': 5}, 'cells': {'min': 25, 'median': 25.0, 'max': 25}, 'givens': {'min': 0, 'median': 1.0, 'max': 3}, 'outer_clues': {'min': 15, 'median': 15.0, 'max': 16}, 'solution_count': {'min': 1, 'median': 1.0, 'max': 1}, 'search_nodes': {'min': 1, 'median': 1.0, 'max': 3}, 'search_branches': {'min': 0, 'median': 0.0, 'max': 1}, 'search_max_depth': {'min': 0, 'median': 0.0, 'max': 1}, 'basic_unfilled': {'min': 0, 'median': 0.0, 'max': 18}, 'advanced_unfilled': {'min': 0, 'median': 0.0, 'max': 18}, 'after_chains_unfilled': {'min': 0, 'median': 0.0, 'max': 0}, 'forcing_eliminations': {'min': 0, 'median': 0.0, 'max': 1}, 'forcing_probes': {'min': 0, 'median': 0.0, 'max': 2}}","{'order': {'min': 5, 'median': 5.0, 'max': 5}, 'cells': {'min': 25, 'median': 25.0, 'max': 25}, 'givens': {'min': 0, 'median': 1.0, 'max': 3}, 'outer_clues': {'min': 15, 'median': 15.0, 'max': 16}, 'solution_count': {'min': 1, 'median': 1.0, 'max': 1}, 'search_nodes': {'min': 1, 'median': 1.0, 'max': 3}, 'search_branches': {'min': 0, 'median': 0.0, 'max': 1}, 'search_max_depth': {'min': 0, 'median': 0.0, 'max': 1}, 'basic_unfilled': {'min': 0, 'median': 0.0, 'max': 18}, 'advanced_unfilled': {'min': 0, 'median': 0.0, 'max': 18}, 'after_chains_unfilled': {'min': 0, 'median': 0.0, 'max': 0}, 'forcing_eliminations': {'min': 0, 'median': 0.0, 'max': 1}, 'forcing_probes': {'min': 0, 'median': 0.0, 'max': 2}}",,UNCHANGED
15,SKYSCRAPERS,HARD,"Latin order, directional visibility clues and inference/search bands",50,"{'min': 6, 'median': 6.0, 'max': 6}","{'givens': {'min': 0, 'median': 2.0, 'max': 4}, 'outer_clues': {'min': 13, 'median': 16.0, 'max': 18}}",N/A,public-clue propagation and bounded search; algorithm-specific counts,"{'order': {'min': 6, 'median': 6.0, 'max': 6}, 'cells': {'min': 36, 'median': 36.0, 'max': 36}, 'givens': {'min': 0, 'median': 2.0, 'max': 4}, 'outer_clues': {'min': 13, 'median': 16.0, 'max': 18}, 'solution_count': {'min': 1, 'median': 1.0, 'max': 1}, 'search_nodes': {'min': 1, 'median': 1.0, 'max': 15}, 'search_branches': {'min': 0, 'median': 0.0, 'max': 7}, 'search_max_depth': {'min': 0, 'median': 0.0, 'max': 5}, 'basic_unfilled': {'min': 0, 'median': 0.0, 'max': 30}, 'advanced_unfilled': {'min': 0, 'median': 0.0, 'max': 30}, 'after_chains_unfilled': {'min': 0, 'median': 0.0, 'max': 0}, 'forcing_eliminations': {'min': 0, 'median': 0.0, 'max': 6}, 'forcing_probes': {'min': 0, 'median': 0.0, 'max': 34}}","{'with_other_levels': [{'difficulty': 'EASY', 'exact': 0, 'canonical': 0}, {'difficulty': 'NORMAL', 'exact': 0, 'canonical': 0}, {'difficulty': 'MASTER', 'exact': 0, 'canonical': 0}, {'difficulty': 'HELL', 'exact': 0, 'canonical': 0}], 'search_range_overlaps_previous': True}",YES: structural/inference band; provisional human ranking,Structural/inference parameters differ; human difficulty remains provisional. Search-node ranges overlap the previous level; no per-puzzle strict ranking claimed.,None; evidence/caveats documented,public-clue propagation and bounded search; algorithm-specific counts,"{'order': {'min': 6, 'median': 6.0, 'max': 6}, 'cells': {'min': 36, 'median': 36.0, 'max': 36}, 'givens': {'min': 0, 'median': 2.0, 'max': 4}, 'outer_clues': {'min': 13, 'median': 16.0, 'max': 18}, 'solution_count': {'min': 1, 'median': 1.0, 'max': 1}, 'search_nodes': {'min': 1, 'median': 1.0, 'max': 15}, 'search_branches': {'min': 0, 'median': 0.0, 'max': 7}, 'search_max_depth': {'min': 0, 'median': 0.0, 'max': 5}, 'basic_unfilled': {'min': 0, 'median': 0.0, 'max': 30}, 'advanced_unfilled': {'min': 0, 'median': 0.0, 'max': 30}, 'after_chains_unfilled': {'min': 0, 'median': 0.0, 'max': 0}, 'forcing_eliminations': {'min': 0, 'median': 0.0, 'max': 6}, 'forcing_probes': {'min': 0, 'median': 0.0, 'max': 34}}","{'order': {'min': 6, 'median': 6.0, 'max': 6}, 'cells': {'min': 36, 'median': 36.0, 'max': 36}, 'givens': {'min': 0, 'median': 2.0, 'max': 4}, 'outer_clues': {'min': 13, 'median': 16.0, 'max': 18}, 'solution_count': {'min': 1, 'median': 1.0, 'max': 1}, 'search_nodes': {'min': 1, 'median': 1.0, 'max': 15}, 'search_branches': {'min': 0, 'median': 0.0, 'max': 7}, 'search_max_depth': {'min': 0, 'median': 0.0, 'max': 5}, 'basic_unfilled': {'min': 0, 'median': 0.0, 'max': 30}, 'advanced_unfilled': {'min': 0, 'median': 0.0, 'max': 30}, 'after_chains_unfilled': {'min': 0, 'median': 0.0, 'max': 0}, 'forcing_eliminations': {'min': 0, 'median': 0.0, 'max': 6}, 'forcing_probes': {'min': 0, 'median': 0.0, 'max': 34}}",,UNCHANGED
15,SKYSCRAPERS,MASTER,"Latin order, directional visibility clues and inference/search bands",50,"{'min': 6, 'median': 6.0, 'max': 6}","{'givens': {'min': 0, 'median': 1.0, 'max': 4}, 'outer_clues': {'min': 8, 'median': 11.0, 'max': 13}}",N/A,public-clue propagation and bounded search; algorithm-specific counts,"{'order': {'min': 6, 'median': 6.0, 'max': 6}, 'cells': {'min': 36, 'median': 36.0, 'max': 36}, 'givens': {'min': 0, 'median': 1.0, 'max': 4}, 'outer_clues': {'min': 8, 'median': 11.0, 'max': 13}, 'solution_count': {'min': 1, 'median': 1.0, 'max': 1}, 'search_nodes': {'min': 17, 'median': 23.0, 'max': 39}, 'search_branches': {'min': 8, 'median': 11.0, 'max': 19}, 'search_max_depth': {'min': 4, 'median': 5.5, 'max': 10}, 'basic_unfilled': {'min': 19, 'median': 32.0, 'max': 35}, 'advanced_unfilled': {'min': 19, 'median': 32.0, 'max': 35}, 'after_chains_unfilled': {'min': 0, 'median': 0.0, 'max': 0}, 'forcing_eliminations': {'min': 1, 'median': 5.0, 'max': 13}, 'forcing_probes': {'min': 4, 'median': 23.0, 'max': 175}}","{'with_other_levels': [{'difficulty': 'EASY', 'exact': 0, 'canonical': 0}, {'difficulty': 'NORMAL', 'exact': 0, 'canonical': 0}, {'difficulty': 'HARD', 'exact': 0, 'canonical': 0}, {'difficulty': 'HELL', 'exact': 0, 'canonical': 0}], 'search_range_overlaps_previous': False}",YES: structural/inference band; provisional human ranking,Structural/inference parameters differ; human difficulty remains provisional.,None; evidence/caveats documented,public-clue propagation and bounded search; algorithm-specific counts,"{'order': {'min': 6, 'median': 6.0, 'max': 6}, 'cells': {'min': 36, 'median': 36.0, 'max': 36}, 'givens': {'min': 0, 'median': 1.0, 'max': 4}, 'outer_clues': {'min': 8, 'median': 11.0, 'max': 13}, 'solution_count': {'min': 1, 'median': 1.0, 'max': 1}, 'search_nodes': {'min': 17, 'median': 23.0, 'max': 39}, 'search_branches': {'min': 8, 'median': 11.0, 'max': 19}, 'search_max_depth': {'min': 4, 'median': 5.5, 'max': 10}, 'basic_unfilled': {'min': 19, 'median': 32.0, 'max': 35}, 'advanced_unfilled': {'min': 19, 'median': 32.0, 'max': 35}, 'after_chains_unfilled': {'min': 0, 'median': 0.0, 'max': 0}, 'forcing_eliminations': {'min': 1, 'median': 5.0, 'max': 13}, 'forcing_probes': {'min': 4, 'median': 23.0, 'max': 175}}","{'order': {'min': 6, 'median': 6.0, 'max': 6}, 'cells': {'min': 36, 'median': 36.0, 'max': 36}, 'givens': {'min': 0, 'median': 1.0, 'max': 4}, 'outer_clues': {'min': 8, 'median': 11.0, 'max': 13}, 'solution_count': {'min': 1, 'median': 1.0, 'max': 1}, 'search_nodes': {'min': 17, 'median': 23.0, 'max': 39}, 'search_branches': {'min': 8, 'median': 11.0, 'max': 19}, 'search_max_depth': {'min': 4, 'median': 5.5, 'max': 10}, 'basic_unfilled': {'min': 19, 'median': 32.0, 'max': 35}, 'advanced_unfilled': {'min': 19, 'median': 32.0, 'max': 35}, 'after_chains_unfilled': {'min': 0, 'median': 0.0, 'max': 0}, 'forcing_eliminations': {'min': 1, 'median': 5.0, 'max': 13}, 'forcing_probes': {'min': 4, 'median': 23.0, 'max': 175}}",,UNCHANGED
15,SKYSCRAPERS,HELL,"Latin order, directional visibility clues and inference/search bands",30,"{'min': 6, 'median': 7.0, 'max': 7}","{'givens': {'min': 0, 'median': 3.0, 'max': 6}, 'outer_clues': {'min': 11, 'median': 14.0, 'max': 19}}",N/A,public-clue propagation and bounded search; algorithm-specific counts,"{'order': {'min': 6, 'median': 7.0, 'max': 7}, 'cells': {'min': 36, 'median': 49.0, 'max': 49}, 'givens': {'min': 0, 'median': 3.0, 'max': 6}, 'outer_clues': {'min': 11, 'median': 14.0, 'max': 19}, 'solution_count': {'min': 1, 'median': 1.0, 'max': 1}, 'search_nodes': {'min': 41, 'median': 57.0, 'max': 228}, 'search_branches': {'min': 20, 'median': 26.5, 'max': 107}, 'search_max_depth': {'min': 6, 'median': 9.0, 'max': 11}, 'basic_unfilled': {'min': 33, 'median': 42.0, 'max': 45}, 'advanced_unfilled': {'min': 33, 'median': 42.0, 'max': 45}, 'after_chains_unfilled': {'min': 0, 'median': 0.0, 'max': 0}, 'forcing_eliminations': {'min': 8, 'median': 12.5, 'max': 22}, 'forcing_probes': {'min': 25, 'median': 127.5, 'max': 383}}","{'with_other_levels': [{'difficulty': 'EASY', 'exact': 0, 'canonical': 0}, {'difficulty': 'NORMAL', 'exact': 0, 'canonical': 0}, {'difficulty': 'HARD', 'exact': 0, 'canonical': 0}, {'difficulty': 'MASTER', 'exact': 0, 'canonical': 0}], 'search_range_overlaps_previous': False}",YES: structural/inference band; provisional human ranking,Structural/inference parameters differ; human difficulty remains provisional.,None; evidence/caveats documented,public-clue propagation and bounded search; algorithm-specific counts,"{'order': {'min': 6, 'median': 7.0, 'max': 7}, 'cells': {'min': 36, 'median': 49.0, 'max': 49}, 'givens': {'min': 0, 'median': 3.0, 'max': 6}, 'outer_clues': {'min': 11, 'median': 14.0, 'max': 19}, 'solution_count': {'min': 1, 'median': 1.0, 'max': 1}, 'search_nodes': {'min': 41, 'median': 57.0, 'max': 228}, 'search_branches': {'min': 20, 'median': 26.5, 'max': 107}, 'search_max_depth': {'min': 6, 'median': 9.0, 'max': 11}, 'basic_unfilled': {'min': 33, 'median': 42.0, 'max': 45}, 'advanced_unfilled': {'min': 33, 'median': 42.0, 'max': 45}, 'after_chains_unfilled': {'min': 0, 'median': 0.0, 'max': 0}, 'forcing_eliminations': {'min': 8, 'median': 12.5, 'max': 22}, 'forcing_probes': {'min': 25, 'median': 127.5, 'max': 383}}","{'order': {'min': 6, 'median': 7.0, 'max': 7}, 'cells': {'min': 36, 'median': 49.0, 'max': 49}, 'givens': {'min': 0, 'median': 3.0, 'max': 6}, 'outer_clues': {'min': 11, 'median': 14.0, 'max': 19}, 'solution_count': {'min': 1, 'median': 1.0, 'max': 1}, 'search_nodes': {'min': 41, 'median': 57.0, 'max': 228}, 'search_branches': {'min': 20, 'median': 26.5, 'max': 107}, 'search_max_depth': {'min': 6, 'median': 9.0, 'max': 11}, 'basic_unfilled': {'min': 33, 'median': 42.0, 'max': 45}, 'advanced_unfilled': {'min': 33, 'median': 42.0, 'max': 45}, 'after_chains_unfilled': {'min': 0, 'median': 0.0, 'max': 0}, 'forcing_eliminations': {'min': 8, 'median': 12.5, 'max': 22}, 'forcing_probes': {'min': 25, 'median': 127.5, 'max': 383}}",,UNCHANGED
16,HITORI,EASY,"Duplicate conflicts, nonadjacent shading and white connectivity",30,"{'min': 4, 'median': 4.0, 'max': 4}","{'duplicate_pairs': {'min': 7, 'median': 9.0, 'max': 14}}",N/A,public-clue propagation and bounded search; algorithm-specific counts,"{'order': {'min': 4, 'median': 4.0, 'max': 4}, 'cells': {'min': 16, 'median': 16.0, 'max': 16}, 'duplicate_pairs': {'min': 7, 'median': 9.0, 'max': 14}, 'solution_count': {'min': 1, 'median': 1.0, 'max': 1}, 'search_nodes': {'min': 3, 'median': 3.0, 'max': 11}, 'search_branches': {'min': 1, 'median': 1.0, 'max': 5}, 'search_max_depth': {'min': 1, 'median': 1.0, 'max': 4}, 'basic_unfilled': {'min': 16, 'median': 16.0, 'max': 16}, 'advanced_unfilled': {'min': 16, 'median': 16.0, 'max': 16}, 'after_chains_unfilled': {'min': 0, 'median': 0.0, 'max': 0}, 'forcing_eliminations': {'min': 1, 'median': 1.0, 'max': 4}, 'forcing_probes': {'min': 1, 'median': 2.0, 'max': 9}}","{'with_other_levels': [{'difficulty': 'NORMAL', 'exact': 0, 'canonical': 0}, {'difficulty': 'HARD', 'exact': 0, 'canonical': 0}, {'difficulty': 'MASTER', 'exact': 0, 'canonical': 0}], 'search_range_overlaps_previous': None}",YES: structural/inference band; provisional human ranking,Structural/inference parameters differ; human difficulty remains provisional.,None; evidence/caveats documented,public-clue propagation and bounded search; algorithm-specific counts,"{'order': {'min': 4, 'median': 4.0, 'max': 4}, 'cells': {'min': 16, 'median': 16.0, 'max': 16}, 'duplicate_pairs': {'min': 7, 'median': 9.0, 'max': 14}, 'solution_count': {'min': 1, 'median': 1.0, 'max': 1}, 'search_nodes': {'min': 3, 'median': 3.0, 'max': 11}, 'search_branches': {'min': 1, 'median': 1.0, 'max': 5}, 'search_max_depth': {'min': 1, 'median': 1.0, 'max': 4}, 'basic_unfilled': {'min': 16, 'median': 16.0, 'max': 16}, 'advanced_unfilled': {'min': 16, 'median': 16.0, 'max': 16}, 'after_chains_unfilled': {'min': 0, 'median': 0.0, 'max': 0}, 'forcing_eliminations': {'min': 1, 'median': 1.0, 'max': 4}, 'forcing_probes': {'min': 1, 'median': 2.0, 'max': 9}}","{'order': {'min': 4, 'median': 4.0, 'max': 4}, 'cells': {'min': 16, 'median': 16.0, 'max': 16}, 'duplicate_pairs': {'min': 7, 'median': 9.0, 'max': 14}, 'solution_count': {'min': 1, 'median': 1.0, 'max': 1}, 'search_nodes': {'min': 3, 'median': 3.0, 'max': 11}, 'search_branches': {'min': 1, 'median': 1.0, 'max': 5}, 'search_max_depth': {'min': 1, 'median': 1.0, 'max': 4}, 'basic_unfilled': {'min': 16, 'median': 16.0, 'max': 16}, 'advanced_unfilled': {'min': 16, 'median': 16.0, 'max': 16}, 'after_chains_unfilled': {'min': 0, 'median': 0.0, 'max': 0}, 'forcing_eliminations': {'min': 1, 'median': 1.0, 'max': 4}, 'forcing_probes': {'min': 1, 'median': 2.0, 'max': 9}}",,UNCHANGED
16,HITORI,NORMAL,"Duplicate conflicts, nonadjacent shading and white connectivity",30,"{'min': 5, 'median': 5.0, 'max': 5}","{'duplicate_pairs': {'min': 11, 'median': 15.0, 'max': 19}}",N/A,public-clue propagation and bounded search; algorithm-specific counts,"{'order': {'min': 5, 'median': 5.0, 'max': 5}, 'cells': {'min': 25, 'median': 25.0, 'max': 25}, 'duplicate_pairs': {'min': 11, 'median': 15.0, 'max': 19}, 'solution_count': {'min': 1, 'median': 1.0, 'max': 1}, 'search_nodes': {'min': 3, 'median': 3.0, 'max': 13}, 'search_branches': {'min': 1, 'median': 1.0, 'max': 6}, 'search_max_depth': {'min': 1, 'median': 1.0, 'max': 6}, 'basic_unfilled': {'min': 25, 'median': 25.0, 'max': 25}, 'advanced_unfilled': {'min': 25, 'median': 25.0, 'max': 25}, 'after_chains_unfilled': {'min': 0, 'median': 0.0, 'max': 0}, 'forcing_eliminations': {'min': 1, 'median': 1.0, 'max': 6}, 'forcing_probes': {'min': 1, 'median': 2.0, 'max': 11}}","{'with_other_levels': [{'difficulty': 'EASY', 'exact': 0, 'canonical': 0}, {'difficulty': 'HARD', 'exact': 0, 'canonical': 0}, {'difficulty': 'MASTER', 'exact': 0, 'canonical': 0}], 'search_range_overlaps_previous': True}",YES: structural/inference band; provisional human ranking,Structural/inference parameters differ; human difficulty remains provisional. Search-node ranges overlap the previous level; no per-puzzle strict ranking claimed.,None; evidence/caveats documented,public-clue propagation and bounded search; algorithm-specific counts,"{'order': {'min': 5, 'median': 5.0, 'max': 5}, 'cells': {'min': 25, 'median': 25.0, 'max': 25}, 'duplicate_pairs': {'min': 11, 'median': 15.0, 'max': 19}, 'solution_count': {'min': 1, 'median': 1.0, 'max': 1}, 'search_nodes': {'min': 3, 'median': 3.0, 'max': 13}, 'search_branches': {'min': 1, 'median': 1.0, 'max': 6}, 'search_max_depth': {'min': 1, 'median': 1.0, 'max': 6}, 'basic_unfilled': {'min': 25, 'median': 25.0, 'max': 25}, 'advanced_unfilled': {'min': 25, 'median': 25.0, 'max': 25}, 'after_chains_unfilled': {'min': 0, 'median': 0.0, 'max': 0}, 'forcing_eliminations': {'min': 1, 'median': 1.0, 'max': 6}, 'forcing_probes': {'min': 1, 'median': 2.0, 'max': 11}}","{'order': {'min': 5, 'median': 5.0, 'max': 5}, 'cells': {'min': 25, 'median': 25.0, 'max': 25}, 'duplicate_pairs': {'min': 11, 'median': 15.0, 'max': 19}, 'solution_count': {'min': 1, 'median': 1.0, 'max': 1}, 'search_nodes': {'min': 3, 'median': 3.0, 'max': 13}, 'search_branches': {'min': 1, 'median': 1.0, 'max': 6}, 'search_max_depth': {'min': 1, 'median': 1.0, 'max': 6}, 'basic_unfilled': {'min': 25, 'median': 25.0, 'max': 25}, 'advanced_unfilled': {'min': 25, 'median': 25.0, 'max': 25}, 'after_chains_unfilled': {'min': 0, 'median': 0.0, 'max': 0}, 'forcing_eliminations': {'min': 1, 'median': 1.0, 'max': 6}, 'forcing_probes': {'min': 1, 'median': 2.0, 'max': 11}}",,UNCHANGED
16,HITORI,HARD,"Duplicate conflicts, nonadjacent shading and white connectivity",30,"{'min': 6, 'median': 6.0, 'max': 6}","{'duplicate_pairs': {'min': 15, 'median': 21.0, 'max': 28}}",N/A,public-clue propagation and bounded search; algorithm-specific counts,"{'order': {'min': 6, 'median': 6.0, 'max': 6}, 'cells': {'min': 36, 'median': 36.0, 'max': 36}, 'duplicate_pairs': {'min': 15, 'median': 21.0, 'max': 28}, 'solution_count': {'min': 1, 'median': 1.0, 'max': 1}, 'search_nodes': {'min': 3, 'median': 5.0, 'max': 13}, 'search_branches': {'min': 1, 'median': 2.0, 'max': 6}, 'search_max_depth': {'min': 1, 'median': 2.0, 'max': 6}, 'basic_unfilled': {'min': 36, 'median': 36.0, 'max': 36}, 'advanced_unfilled': {'min': 36, 'median': 36.0, 'max': 36}, 'after_chains_unfilled': {'min': 0, 'median': 0.0, 'max': 0}, 'forcing_eliminations': {'min': 1, 'median': 2.0, 'max': 6}, 'forcing_probes': {'min': 1, 'median': 3.0, 'max': 11}}","{'with_other_levels': [{'difficulty': 'EASY', 'exact': 0, 'canonical': 0}, {'difficulty': 'NORMAL', 'exact': 0, 'canonical': 0}, {'difficulty': 'MASTER', 'exact': 0, 'canonical': 0}], 'search_range_overlaps_previous': True}",YES: structural/inference band; provisional human ranking,Structural/inference parameters differ; human difficulty remains provisional. Search-node ranges overlap the previous level; no per-puzzle strict ranking claimed.,None; evidence/caveats documented,public-clue propagation and bounded search; algorithm-specific counts,"{'order': {'min': 6, 'median': 6.0, 'max': 6}, 'cells': {'min': 36, 'median': 36.0, 'max': 36}, 'duplicate_pairs': {'min': 15, 'median': 21.0, 'max': 28}, 'solution_count': {'min': 1, 'median': 1.0, 'max': 1}, 'search_nodes': {'min': 3, 'median': 5.0, 'max': 13}, 'search_branches': {'min': 1, 'median': 2.0, 'max': 6}, 'search_max_depth': {'min': 1, 'median': 2.0, 'max': 6}, 'basic_unfilled': {'min': 36, 'median': 36.0, 'max': 36}, 'advanced_unfilled': {'min': 36, 'median': 36.0, 'max': 36}, 'after_chains_unfilled': {'min': 0, 'median': 0.0, 'max': 0}, 'forcing_eliminations': {'min': 1, 'median': 2.0, 'max': 6}, 'forcing_probes': {'min': 1, 'median': 3.0, 'max': 11}}","{'order': {'min': 6, 'median': 6.0, 'max': 6}, 'cells': {'min': 36, 'median': 36.0, 'max': 36}, 'duplicate_pairs': {'min': 15, 'median': 21.0, 'max': 28}, 'solution_count': {'min': 1, 'median': 1.0, 'max': 1}, 'search_nodes': {'min': 3, 'median': 5.0, 'max': 13}, 'search_branches': {'min': 1, 'median': 2.0, 'max': 6}, 'search_max_depth': {'min': 1, 'median': 2.0, 'max': 6}, 'basic_unfilled': {'min': 36, 'median': 36.0, 'max': 36}, 'advanced_unfilled': {'min': 36, 'median': 36.0, 'max': 36}, 'after_chains_unfilled': {'min': 0, 'median': 0.0, 'max': 0}, 'forcing_eliminations': {'min': 1, 'median': 2.0, 'max': 6}, 'forcing_probes': {'min': 1, 'median': 3.0, 'max': 11}}",,UNCHANGED
16,HITORI,MASTER,"Duplicate conflicts, nonadjacent shading and white connectivity",30,"{'min': 6, 'median': 6.0, 'max': 6}","{'duplicate_pairs': {'min': 15, 'median': 19.0, 'max': 25}}",N/A,public-clue propagation and bounded search; algorithm-specific counts,"{'order': {'min': 6, 'median': 6.0, 'max': 6}, 'cells': {'min': 36, 'median': 36.0, 'max': 36}, 'duplicate_pairs': {'min': 15, 'median': 19.0, 'max': 25}, 'solution_count': {'min': 1, 'median': 1.0, 'max': 1}, 'search_nodes': {'min': 15, 'median': 17.0, 'max': 37}, 'search_branches': {'min': 7, 'median': 8.0, 'max': 18}, 'search_max_depth': {'min': 5, 'median': 7.0, 'max': 12}, 'basic_unfilled': {'min': 36, 'median': 36.0, 'max': 36}, 'advanced_unfilled': {'min': 36, 'median': 36.0, 'max': 36}, 'after_chains_unfilled': {'min': 0, 'median': 0.0, 'max': 0}, 'forcing_eliminations': {'min': 4, 'median': 6.0, 'max': 12}, 'forcing_probes': {'min': 11, 'median': 15.5, 'max': 43}}","{'with_other_levels': [{'difficulty': 'EASY', 'exact': 0, 'canonical': 0}, {'difficulty': 'NORMAL', 'exact': 0, 'canonical': 0}, {'difficulty': 'HARD', 'exact': 0, 'canonical': 0}], 'search_range_overlaps_previous': False}",YES: structural/inference band; provisional human ranking,Structural/inference parameters differ; human difficulty remains provisional.,None; evidence/caveats documented,public-clue propagation and bounded search; algorithm-specific counts,"{'order': {'min': 6, 'median': 6.0, 'max': 6}, 'cells': {'min': 36, 'median': 36.0, 'max': 36}, 'duplicate_pairs': {'min': 15, 'median': 19.0, 'max': 25}, 'solution_count': {'min': 1, 'median': 1.0, 'max': 1}, 'search_nodes': {'min': 15, 'median': 17.0, 'max': 37}, 'search_branches': {'min': 7, 'median': 8.0, 'max': 18}, 'search_max_depth': {'min': 5, 'median': 7.0, 'max': 12}, 'basic_unfilled': {'min': 36, 'median': 36.0, 'max': 36}, 'advanced_unfilled': {'min': 36, 'median': 36.0, 'max': 36}, 'after_chains_unfilled': {'min': 0, 'median': 0.0, 'max': 0}, 'forcing_eliminations': {'min': 4, 'median': 6.0, 'max': 12}, 'forcing_probes': {'min': 11, 'median': 15.5, 'max': 43}}","{'order': {'min': 6, 'median': 6.0, 'max': 6}, 'cells': {'min': 36, 'median': 36.0, 'max': 36}, 'duplicate_pairs': {'min': 15, 'median': 19.0, 'max': 25}, 'solution_count': {'min': 1, 'median': 1.0, 'max': 1}, 'search_nodes': {'min': 15, 'median': 17.0, 'max': 37}, 'search_branches': {'min': 7, 'median': 8.0, 'max': 18}, 'search_max_depth': {'min': 5, 'median': 7.0, 'max': 12}, 'basic_unfilled': {'min': 36, 'median': 36.0, 'max': 36}, 'advanced_unfilled': {'min': 36, 'median': 36.0, 'max': 36}, 'after_chains_unfilled': {'min': 0, 'median': 0.0, 'max': 0}, 'forcing_eliminations': {'min': 4, 'median': 6.0, 'max': 12}, 'forcing_probes': {'min': 11, 'median': 15.5, 'max': 43}}",,UNCHANGED
17,BINARY PUZZLE,EASY,"Balanced unique binary lines, no triples; order/givens/inference",30,"{'min': 6, 'median': 6.0, 'max': 6}","{'givens': {'min': 17, 'median': 17.0, 'max': 17}}",N/A,public-clue propagation and bounded search; algorithm-specific counts,"{'order': {'min': 6, 'median': 6.0, 'max': 6}, 'cells': {'min': 36, 'median': 36.0, 'max': 36}, 'givens': {'min': 17, 'median': 17.0, 'max': 17}, 'solution_count': {'min': 1, 'median': 1.0, 'max': 1}, 'search_nodes': {'min': 1, 'median': 1.0, 'max': 3}, 'search_branches': {'min': 0, 'median': 0.0, 'max': 1}, 'search_max_depth': {'min': 0, 'median': 0.0, 'max': 1}, 'basic_unfilled': {'min': 0, 'median': 0.0, 'max': 11}, 'advanced_unfilled': {'min': 0, 'median': 0.0, 'max': 11}, 'after_chains_unfilled': {'min': 0, 'median': 0.0, 'max': 0}, 'forcing_eliminations': {'min': 0, 'median': 0.0, 'max': 1}, 'forcing_probes': {'min': 0, 'median': 0.0, 'max': 2}}","{'with_other_levels': [{'difficulty': 'NORMAL', 'exact': 0, 'canonical': 0}, {'difficulty': 'HARD', 'exact': 0, 'canonical': 0}, {'difficulty': 'MASTER', 'exact': 0, 'canonical': 0}], 'search_range_overlaps_previous': None}",YES: structural/inference band; provisional human ranking,Structural/inference parameters differ; human difficulty remains provisional.,None; evidence/caveats documented,public-clue propagation and bounded search; algorithm-specific counts,"{'order': {'min': 6, 'median': 6.0, 'max': 6}, 'cells': {'min': 36, 'median': 36.0, 'max': 36}, 'givens': {'min': 17, 'median': 17.0, 'max': 17}, 'solution_count': {'min': 1, 'median': 1.0, 'max': 1}, 'search_nodes': {'min': 1, 'median': 1.0, 'max': 3}, 'search_branches': {'min': 0, 'median': 0.0, 'max': 1}, 'search_max_depth': {'min': 0, 'median': 0.0, 'max': 1}, 'basic_unfilled': {'min': 0, 'median': 0.0, 'max': 11}, 'advanced_unfilled': {'min': 0, 'median': 0.0, 'max': 11}, 'after_chains_unfilled': {'min': 0, 'median': 0.0, 'max': 0}, 'forcing_eliminations': {'min': 0, 'median': 0.0, 'max': 1}, 'forcing_probes': {'min': 0, 'median': 0.0, 'max': 2}}","{'order': {'min': 6, 'median': 6.0, 'max': 6}, 'cells': {'min': 36, 'median': 36.0, 'max': 36}, 'givens': {'min': 17, 'median': 17.0, 'max': 17}, 'solution_count': {'min': 1, 'median': 1.0, 'max': 1}, 'search_nodes': {'min': 1, 'median': 1.0, 'max': 3}, 'search_branches': {'min': 0, 'median': 0.0, 'max': 1}, 'search_max_depth': {'min': 0, 'median': 0.0, 'max': 1}, 'basic_unfilled': {'min': 0, 'median': 0.0, 'max': 11}, 'advanced_unfilled': {'min': 0, 'median': 0.0, 'max': 11}, 'after_chains_unfilled': {'min': 0, 'median': 0.0, 'max': 0}, 'forcing_eliminations': {'min': 0, 'median': 0.0, 'max': 1}, 'forcing_probes': {'min': 0, 'median': 0.0, 'max': 2}}",,UNCHANGED
17,BINARY PUZZLE,NORMAL,"Balanced unique binary lines, no triples; order/givens/inference",30,"{'min': 6, 'median': 6.0, 'max': 6}","{'givens': {'min': 11, 'median': 11.0, 'max': 11}}",N/A,public-clue propagation and bounded search; algorithm-specific counts,"{'order': {'min': 6, 'median': 6.0, 'max': 6}, 'cells': {'min': 36, 'median': 36.0, 'max': 36}, 'givens': {'min': 11, 'median': 11.0, 'max': 11}, 'solution_count': {'min': 1, 'median': 1.0, 'max': 1}, 'search_nodes': {'min': 1, 'median': 1.0, 'max': 5}, 'search_branches': {'min': 0, 'median': 0.0, 'max': 2}, 'search_max_depth': {'min': 0, 'median': 0.0, 'max': 2}, 'basic_unfilled': {'min': 0, 'median': 9.0, 'max': 19}, 'advanced_unfilled': {'min': 0, 'median': 0.0, 'max': 19}, 'after_chains_unfilled': {'min': 0, 'median': 0.0, 'max': 0}, 'forcing_eliminations': {'min': 0, 'median': 0.0, 'max': 2}, 'forcing_probes': {'min': 0, 'median': 0.0, 'max': 2}}","{'with_other_levels': [{'difficulty': 'EASY', 'exact': 0, 'canonical': 0}, {'difficulty': 'HARD', 'exact': 0, 'canonical': 0}, {'difficulty': 'MASTER', 'exact': 0, 'canonical': 0}], 'search_range_overlaps_previous': True}",YES: structural/inference band; provisional human ranking,Structural/inference parameters differ; human difficulty remains provisional. Search-node ranges overlap the previous level; no per-puzzle strict ranking claimed.,None; evidence/caveats documented,public-clue propagation and bounded search; algorithm-specific counts,"{'order': {'min': 6, 'median': 6.0, 'max': 6}, 'cells': {'min': 36, 'median': 36.0, 'max': 36}, 'givens': {'min': 11, 'median': 11.0, 'max': 11}, 'solution_count': {'min': 1, 'median': 1.0, 'max': 1}, 'search_nodes': {'min': 1, 'median': 1.0, 'max': 5}, 'search_branches': {'min': 0, 'median': 0.0, 'max': 2}, 'search_max_depth': {'min': 0, 'median': 0.0, 'max': 2}, 'basic_unfilled': {'min': 0, 'median': 9.0, 'max': 19}, 'advanced_unfilled': {'min': 0, 'median': 0.0, 'max': 19}, 'after_chains_unfilled': {'min': 0, 'median': 0.0, 'max': 0}, 'forcing_eliminations': {'min': 0, 'median': 0.0, 'max': 2}, 'forcing_probes': {'min': 0, 'median': 0.0, 'max': 2}}","{'order': {'min': 6, 'median': 6.0, 'max': 6}, 'cells': {'min': 36, 'median': 36.0, 'max': 36}, 'givens': {'min': 11, 'median': 11.0, 'max': 11}, 'solution_count': {'min': 1, 'median': 1.0, 'max': 1}, 'search_nodes': {'min': 1, 'median': 1.0, 'max': 5}, 'search_branches': {'min': 0, 'median': 0.0, 'max': 2}, 'search_max_depth': {'min': 0, 'median': 0.0, 'max': 2}, 'basic_unfilled': {'min': 0, 'median': 9.0, 'max': 19}, 'advanced_unfilled': {'min': 0, 'median': 0.0, 'max': 19}, 'after_chains_unfilled': {'min': 0, 'median': 0.0, 'max': 0}, 'forcing_eliminations': {'min': 0, 'median': 0.0, 'max': 2}, 'forcing_probes': {'min': 0, 'median': 0.0, 'max': 2}}",,UNCHANGED
17,BINARY PUZZLE,HARD,"Balanced unique binary lines, no triples; order/givens/inference",30,"{'min': 8, 'median': 8.0, 'max': 8}","{'givens': {'min': 20, 'median': 20.0, 'max': 20}}",N/A,public-clue propagation and bounded search; algorithm-specific counts,"{'order': {'min': 8, 'median': 8.0, 'max': 8}, 'cells': {'min': 64, 'median': 64.0, 'max': 64}, 'givens': {'min': 20, 'median': 20.0, 'max': 20}, 'solution_count': {'min': 1, 'median': 1.0, 'max': 1}, 'search_nodes': {'min': 1, 'median': 1.0, 'max': 9}, 'search_branches': {'min': 0, 'median': 0.0, 'max': 4}, 'search_max_depth': {'min': 0, 'median': 0.0, 'max': 3}, 'basic_unfilled': {'min': 0, 'median': 15.0, 'max': 34}, 'advanced_unfilled': {'min': 0, 'median': 0.0, 'max': 34}, 'after_chains_unfilled': {'min': 0, 'median': 0.0, 'max': 0}, 'forcing_eliminations': {'min': 0, 'median': 0.0, 'max': 3}, 'forcing_probes': {'min': 0, 'median': 0.0, 'max': 22}}","{'with_other_levels': [{'difficulty': 'EASY', 'exact': 0, 'canonical': 0}, {'difficulty': 'NORMAL', 'exact': 0, 'canonical': 0}, {'difficulty': 'MASTER', 'exact': 0, 'canonical': 0}], 'search_range_overlaps_previous': True}",YES: structural/inference band; provisional human ranking,Structural/inference parameters differ; human difficulty remains provisional. Search-node ranges overlap the previous level; no per-puzzle strict ranking claimed.,None; evidence/caveats documented,public-clue propagation and bounded search; algorithm-specific counts,"{'order': {'min': 8, 'median': 8.0, 'max': 8}, 'cells': {'min': 64, 'median': 64.0, 'max': 64}, 'givens': {'min': 20, 'median': 20.0, 'max': 20}, 'solution_count': {'min': 1, 'median': 1.0, 'max': 1}, 'search_nodes': {'min': 1, 'median': 1.0, 'max': 9}, 'search_branches': {'min': 0, 'median': 0.0, 'max': 4}, 'search_max_depth': {'min': 0, 'median': 0.0, 'max': 3}, 'basic_unfilled': {'min': 0, 'median': 15.0, 'max': 34}, 'advanced_unfilled': {'min': 0, 'median': 0.0, 'max': 34}, 'after_chains_unfilled': {'min': 0, 'median': 0.0, 'max': 0}, 'forcing_eliminations': {'min': 0, 'median': 0.0, 'max': 3}, 'forcing_probes': {'min': 0, 'median': 0.0, 'max': 22}}","{'order': {'min': 8, 'median': 8.0, 'max': 8}, 'cells': {'min': 64, 'median': 64.0, 'max': 64}, 'givens': {'min': 20, 'median': 20.0, 'max': 20}, 'solution_count': {'min': 1, 'median': 1.0, 'max': 1}, 'search_nodes': {'min': 1, 'median': 1.0, 'max': 9}, 'search_branches': {'min': 0, 'median': 0.0, 'max': 4}, 'search_max_depth': {'min': 0, 'median': 0.0, 'max': 3}, 'basic_unfilled': {'min': 0, 'median': 15.0, 'max': 34}, 'advanced_unfilled': {'min': 0, 'median': 0.0, 'max': 34}, 'after_chains_unfilled': {'min': 0, 'median': 0.0, 'max': 0}, 'forcing_eliminations': {'min': 0, 'median': 0.0, 'max': 3}, 'forcing_probes': {'min': 0, 'median': 0.0, 'max': 22}}",,UNCHANGED
17,BINARY PUZZLE,MASTER,"Balanced unique binary lines, no triples; order/givens/inference",30,"{'min': 8, 'median': 8.0, 'max': 8}","{'givens': {'min': 12, 'median': 14.0, 'max': 18}}",N/A,public-clue propagation and bounded search; algorithm-specific counts,"{'order': {'min': 8, 'median': 8.0, 'max': 8}, 'cells': {'min': 64, 'median': 64.0, 'max': 64}, 'givens': {'min': 12, 'median': 14.0, 'max': 18}, 'solution_count': {'min': 1, 'median': 1.0, 'max': 1}, 'search_nodes': {'min': 11, 'median': 15.0, 'max': 39}, 'search_branches': {'min': 5, 'median': 7.0, 'max': 19}, 'search_max_depth': {'min': 3, 'median': 5.0, 'max': 8}, 'basic_unfilled': {'min': 25, 'median': 33.0, 'max': 46}, 'advanced_unfilled': {'min': 22, 'median': 33.0, 'max': 46}, 'after_chains_unfilled': {'min': 0, 'median': 0.0, 'max': 0}, 'forcing_eliminations': {'min': 3, 'median': 5.0, 'max': 12}, 'forcing_probes': {'min': 6, 'median': 22.0, 'max': 148}}","{'with_other_levels': [{'difficulty': 'EASY', 'exact': 0, 'canonical': 0}, {'difficulty': 'NORMAL', 'exact': 0, 'canonical': 0}, {'difficulty': 'HARD', 'exact': 0, 'canonical': 0}], 'search_range_overlaps_previous': False}",YES: structural/inference band; provisional human ranking,Structural/inference parameters differ; human difficulty remains provisional.,None; evidence/caveats documented,public-clue propagation and bounded search; algorithm-specific counts,"{'order': {'min': 8, 'median': 8.0, 'max': 8}, 'cells': {'min': 64, 'median': 64.0, 'max': 64}, 'givens': {'min': 12, 'median': 14.0, 'max': 18}, 'solution_count': {'min': 1, 'median': 1.0, 'max': 1}, 'search_nodes': {'min': 11, 'median': 15.0, 'max': 39}, 'search_branches': {'min': 5, 'median': 7.0, 'max': 19}, 'search_max_depth': {'min': 3, 'median': 5.0, 'max': 8}, 'basic_unfilled': {'min': 25, 'median': 33.0, 'max': 46}, 'advanced_unfilled': {'min': 22, 'median': 33.0, 'max': 46}, 'after_chains_unfilled': {'min': 0, 'median': 0.0, 'max': 0}, 'forcing_eliminations': {'min': 3, 'median': 5.0, 'max': 12}, 'forcing_probes': {'min': 6, 'median': 22.0, 'max': 148}}","{'order': {'min': 8, 'median': 8.0, 'max': 8}, 'cells': {'min': 64, 'median': 64.0, 'max': 64}, 'givens': {'min': 12, 'median': 14.0, 'max': 18}, 'solution_count': {'min': 1, 'median': 1.0, 'max': 1}, 'search_nodes': {'min': 11, 'median': 15.0, 'max': 39}, 'search_branches': {'min': 5, 'median': 7.0, 'max': 19}, 'search_max_depth': {'min': 3, 'median': 5.0, 'max': 8}, 'basic_unfilled': {'min': 25, 'median': 33.0, 'max': 46}, 'advanced_unfilled': {'min': 22, 'median': 33.0, 'max': 46}, 'after_chains_unfilled': {'min': 0, 'median': 0.0, 'max': 0}, 'forcing_eliminations': {'min': 3, 'median': 5.0, 'max': 12}, 'forcing_probes': {'min': 6, 'median': 22.0, 'max': 148}}",,UNCHANGED
18,NUMBRIX,EASY,Orthogonal consecutive-number path; order/givens/path inference,30,"{'min': 4, 'median': 4.0, 'max': 4}","{'givens': {'min': 8, 'median': 8.0, 'max': 8}}",N/A,public-clue propagation and bounded search; algorithm-specific counts,"{'order': {'min': 4, 'median': 4.0, 'max': 4}, 'cells': {'min': 16, 'median': 16.0, 'max': 16}, 'givens': {'min': 8, 'median': 8.0, 'max': 8}, 'solution_count': {'min': 1, 'median': 1.0, 'max': 1}, 'search_nodes': {'min': 1, 'median': 1.0, 'max': 3}, 'search_branches': {'min': 0, 'median': 0.0, 'max': 1}, 'search_max_depth': {'min': 0, 'median': 0.0, 'max': 1}, 'basic_unfilled': {'min': 0, 'median': 0.0, 'max': 4}, 'advanced_unfilled': {'min': 0, 'median': 0.0, 'max': 4}, 'after_chains_unfilled': {'min': 0, 'median': 0.0, 'max': 0}, 'forcing_eliminations': {'min': 0, 'median': 0.0, 'max': 1}, 'forcing_probes': {'min': 0, 'median': 0.0, 'max': 1}}","{'with_other_levels': [{'difficulty': 'NORMAL', 'exact': 0, 'canonical': 0}, {'difficulty': 'HARD', 'exact': 0, 'canonical': 0}, {'difficulty': 'MASTER', 'exact': 0, 'canonical': 0}], 'search_range_overlaps_previous': None}",YES: structural/inference band; provisional human ranking,Structural/inference parameters differ; human difficulty remains provisional.,None; evidence/caveats documented,public-clue propagation and bounded search; algorithm-specific counts,"{'order': {'min': 4, 'median': 4.0, 'max': 4}, 'cells': {'min': 16, 'median': 16.0, 'max': 16}, 'givens': {'min': 8, 'median': 8.0, 'max': 8}, 'solution_count': {'min': 1, 'median': 1.0, 'max': 1}, 'search_nodes': {'min': 1, 'median': 1.0, 'max': 3}, 'search_branches': {'min': 0, 'median': 0.0, 'max': 1}, 'search_max_depth': {'min': 0, 'median': 0.0, 'max': 1}, 'basic_unfilled': {'min': 0, 'median': 0.0, 'max': 4}, 'advanced_unfilled': {'min': 0, 'median': 0.0, 'max': 4}, 'after_chains_unfilled': {'min': 0, 'median': 0.0, 'max': 0}, 'forcing_eliminations': {'min': 0, 'median': 0.0, 'max': 1}, 'forcing_probes': {'min': 0, 'median': 0.0, 'max': 1}}","{'order': {'min': 4, 'median': 4.0, 'max': 4}, 'cells': {'min': 16, 'median': 16.0, 'max': 16}, 'givens': {'min': 8, 'median': 8.0, 'max': 8}, 'solution_count': {'min': 1, 'median': 1.0, 'max': 1}, 'search_nodes': {'min': 1, 'median': 1.0, 'max': 3}, 'search_branches': {'min': 0, 'median': 0.0, 'max': 1}, 'search_max_depth': {'min': 0, 'median': 0.0, 'max': 1}, 'basic_unfilled': {'min': 0, 'median': 0.0, 'max': 4}, 'advanced_unfilled': {'min': 0, 'median': 0.0, 'max': 4}, 'after_chains_unfilled': {'min': 0, 'median': 0.0, 'max': 0}, 'forcing_eliminations': {'min': 0, 'median': 0.0, 'max': 1}, 'forcing_probes': {'min': 0, 'median': 0.0, 'max': 1}}",,UNCHANGED
18,NUMBRIX,NORMAL,Orthogonal consecutive-number path; order/givens/path inference,30,"{'min': 5, 'median': 5.0, 'max': 5}","{'givens': {'min': 10, 'median': 10.0, 'max': 10}}",N/A,public-clue propagation and bounded search; algorithm-specific counts,"{'order': {'min': 5, 'median': 5.0, 'max': 5}, 'cells': {'min': 25, 'median': 25.0, 'max': 25}, 'givens': {'min': 10, 'median': 10.0, 'max': 10}, 'solution_count': {'min': 1, 'median': 1.0, 'max': 1}, 'search_nodes': {'min': 1, 'median': 1.0, 'max': 5}, 'search_branches': {'min': 0, 'median': 0.0, 'max': 2}, 'search_max_depth': {'min': 0, 'median': 0.0, 'max': 2}, 'basic_unfilled': {'min': 0, 'median': 0.0, 'max': 9}, 'advanced_unfilled': {'min': 0, 'median': 0.0, 'max': 9}, 'after_chains_unfilled': {'min': 0, 'median': 0.0, 'max': 0}, 'forcing_eliminations': {'min': 0, 'median': 0.0, 'max': 2}, 'forcing_probes': {'min': 0, 'median': 0.0, 'max': 5}}","{'with_other_levels': [{'difficulty': 'EASY', 'exact': 0, 'canonical': 0}, {'difficulty': 'HARD', 'exact': 0, 'canonical': 0}, {'difficulty': 'MASTER', 'exact': 0, 'canonical': 0}], 'search_range_overlaps_previous': True}",YES: structural/inference band; provisional human ranking,Structural/inference parameters differ; human difficulty remains provisional. Search-node ranges overlap the previous level; no per-puzzle strict ranking claimed.,None; evidence/caveats documented,public-clue propagation and bounded search; algorithm-specific counts,"{'order': {'min': 5, 'median': 5.0, 'max': 5}, 'cells': {'min': 25, 'median': 25.0, 'max': 25}, 'givens': {'min': 10, 'median': 10.0, 'max': 10}, 'solution_count': {'min': 1, 'median': 1.0, 'max': 1}, 'search_nodes': {'min': 1, 'median': 1.0, 'max': 5}, 'search_branches': {'min': 0, 'median': 0.0, 'max': 2}, 'search_max_depth': {'min': 0, 'median': 0.0, 'max': 2}, 'basic_unfilled': {'min': 0, 'median': 0.0, 'max': 9}, 'advanced_unfilled': {'min': 0, 'median': 0.0, 'max': 9}, 'after_chains_unfilled': {'min': 0, 'median': 0.0, 'max': 0}, 'forcing_eliminations': {'min': 0, 'median': 0.0, 'max': 2}, 'forcing_probes': {'min': 0, 'median': 0.0, 'max': 5}}","{'order': {'min': 5, 'median': 5.0, 'max': 5}, 'cells': {'min': 25, 'median': 25.0, 'max': 25}, 'givens': {'min': 10, 'median': 10.0, 'max': 10}, 'solution_count': {'min': 1, 'median': 1.0, 'max': 1}, 'search_nodes': {'min': 1, 'median': 1.0, 'max': 5}, 'search_branches': {'min': 0, 'median': 0.0, 'max': 2}, 'search_max_depth': {'min': 0, 'median': 0.0, 'max': 2}, 'basic_unfilled': {'min': 0, 'median': 0.0, 'max': 9}, 'advanced_unfilled': {'min': 0, 'median': 0.0, 'max': 9}, 'after_chains_unfilled': {'min': 0, 'median': 0.0, 'max': 0}, 'forcing_eliminations': {'min': 0, 'median': 0.0, 'max': 2}, 'forcing_probes': {'min': 0, 'median': 0.0, 'max': 5}}",,UNCHANGED
18,NUMBRIX,HARD,Orthogonal consecutive-number path; order/givens/path inference,30,"{'min': 6, 'median': 6.0, 'max': 6}","{'givens': {'min': 12, 'median': 12.0, 'max': 12}}",N/A,public-clue propagation and bounded search; algorithm-specific counts,"{'order': {'min': 6, 'median': 6.0, 'max': 6}, 'cells': {'min': 36, 'median': 36.0, 'max': 36}, 'givens': {'min': 12, 'median': 12.0, 'max': 12}, 'solution_count': {'min': 1, 'median': 1.0, 'max': 1}, 'search_nodes': {'min': 1, 'median': 3.0, 'max': 20}, 'search_branches': {'min': 0, 'median': 1.0, 'max': 9}, 'search_max_depth': {'min': 0, 'median': 1.0, 'max': 5}, 'basic_unfilled': {'min': 0, 'median': 9.0, 'max': 19}, 'advanced_unfilled': {'min': 0, 'median': 4.0, 'max': 17}, 'after_chains_unfilled': {'min': 0, 'median': 0.0, 'max': 0}, 'forcing_eliminations': {'min': 0, 'median': 1.0, 'max': 6}, 'forcing_probes': {'min': 0, 'median': 2.0, 'max': 14}}","{'with_other_levels': [{'difficulty': 'EASY', 'exact': 0, 'canonical': 0}, {'difficulty': 'NORMAL', 'exact': 0, 'canonical': 0}, {'difficulty': 'MASTER', 'exact': 0, 'canonical': 0}], 'search_range_overlaps_previous': True}",YES: structural/inference band; provisional human ranking,Structural/inference parameters differ; human difficulty remains provisional. Search-node ranges overlap the previous level; no per-puzzle strict ranking claimed.,None; evidence/caveats documented,public-clue propagation and bounded search; algorithm-specific counts,"{'order': {'min': 6, 'median': 6.0, 'max': 6}, 'cells': {'min': 36, 'median': 36.0, 'max': 36}, 'givens': {'min': 12, 'median': 12.0, 'max': 12}, 'solution_count': {'min': 1, 'median': 1.0, 'max': 1}, 'search_nodes': {'min': 1, 'median': 3.0, 'max': 20}, 'search_branches': {'min': 0, 'median': 1.0, 'max': 9}, 'search_max_depth': {'min': 0, 'median': 1.0, 'max': 5}, 'basic_unfilled': {'min': 0, 'median': 9.0, 'max': 19}, 'advanced_unfilled': {'min': 0, 'median': 4.0, 'max': 17}, 'after_chains_unfilled': {'min': 0, 'median': 0.0, 'max': 0}, 'forcing_eliminations': {'min': 0, 'median': 1.0, 'max': 6}, 'forcing_probes': {'min': 0, 'median': 2.0, 'max': 14}}","{'order': {'min': 6, 'median': 6.0, 'max': 6}, 'cells': {'min': 36, 'median': 36.0, 'max': 36}, 'givens': {'min': 12, 'median': 12.0, 'max': 12}, 'solution_count': {'min': 1, 'median': 1.0, 'max': 1}, 'search_nodes': {'min': 1, 'median': 3.0, 'max': 20}, 'search_branches': {'min': 0, 'median': 1.0, 'max': 9}, 'search_max_depth': {'min': 0, 'median': 1.0, 'max': 5}, 'basic_unfilled': {'min': 0, 'median': 9.0, 'max': 19}, 'advanced_unfilled': {'min': 0, 'median': 4.0, 'max': 17}, 'after_chains_unfilled': {'min': 0, 'median': 0.0, 'max': 0}, 'forcing_eliminations': {'min': 0, 'median': 1.0, 'max': 6}, 'forcing_probes': {'min': 0, 'median': 2.0, 'max': 14}}",,UNCHANGED
18,NUMBRIX,MASTER,Orthogonal consecutive-number path; order/givens/path inference,30,"{'min': 6, 'median': 6.0, 'max': 6}","{'givens': {'min': 7, 'median': 7.0, 'max': 7}}",N/A,public-clue propagation and bounded search; algorithm-specific counts,"{'order': {'min': 6, 'median': 6.0, 'max': 6}, 'cells': {'min': 36, 'median': 36.0, 'max': 36}, 'givens': {'min': 7, 'median': 7.0, 'max': 7}, 'solution_count': {'min': 1, 'median': 1.0, 'max': 1}, 'search_nodes': {'min': 21, 'median': 31.0, 'max': 119}, 'search_branches': {'min': 10, 'median': 15.0, 'max': 58}, 'search_max_depth': {'min': 5, 'median': 8.0, 'max': 12}, 'basic_unfilled': {'min': 12, 'median': 26.5, 'max': 29}, 'advanced_unfilled': {'min': 12, 'median': 25.5, 'max': 29}, 'after_chains_unfilled': {'min': 0, 'median': 0.0, 'max': 0}, 'forcing_eliminations': {'min': 6, 'median': 10.0, 'max': 20}, 'forcing_probes': {'min': 11, 'median': 44.0, 'max': 244}}","{'with_other_levels': [{'difficulty': 'EASY', 'exact': 0, 'canonical': 0}, {'difficulty': 'NORMAL', 'exact': 0, 'canonical': 0}, {'difficulty': 'HARD', 'exact': 0, 'canonical': 0}], 'search_range_overlaps_previous': False}",YES: structural/inference band; provisional human ranking,Structural/inference parameters differ; human difficulty remains provisional.,None; evidence/caveats documented,public-clue propagation and bounded search; algorithm-specific counts,"{'order': {'min': 6, 'median': 6.0, 'max': 6}, 'cells': {'min': 36, 'median': 36.0, 'max': 36}, 'givens': {'min': 7, 'median': 7.0, 'max': 7}, 'solution_count': {'min': 1, 'median': 1.0, 'max': 1}, 'search_nodes': {'min': 21, 'median': 31.0, 'max': 119}, 'search_branches': {'min': 10, 'median': 15.0, 'max': 58}, 'search_max_depth': {'min': 5, 'median': 8.0, 'max': 12}, 'basic_unfilled': {'min': 12, 'median': 26.5, 'max': 29}, 'advanced_unfilled': {'min': 12, 'median': 25.5, 'max': 29}, 'after_chains_unfilled': {'min': 0, 'median': 0.0, 'max': 0}, 'forcing_eliminations': {'min': 6, 'median': 10.0, 'max': 20}, 'forcing_probes': {'min': 11, 'median': 44.0, 'max': 244}}","{'order': {'min': 6, 'median': 6.0, 'max': 6}, 'cells': {'min': 36, 'median': 36.0, 'max': 36}, 'givens': {'min': 7, 'median': 7.0, 'max': 7}, 'solution_count': {'min': 1, 'median': 1.0, 'max': 1}, 'search_nodes': {'min': 21, 'median': 31.0, 'max': 119}, 'search_branches': {'min': 10, 'median': 15.0, 'max': 58}, 'search_max_depth': {'min': 5, 'median': 8.0, 'max': 12}, 'basic_unfilled': {'min': 12, 'median': 26.5, 'max': 29}, 'advanced_unfilled': {'min': 12, 'median': 25.5, 'max': 29}, 'after_chains_unfilled': {'min': 0, 'median': 0.0, 'max': 0}, 'forcing_eliminations': {'min': 6, 'median': 10.0, 'max': 20}, 'forcing_probes': {'min': 11, 'median': 44.0, 'max': 244}}",,UNCHANGED
19,MAGIC SQUARE,EASY,"PARTIAL: order/givens, MASTER PAN wrapped diagonals; FREE: normal orders 3/4/5/6",30,"{'PARTIAL': {'min': 3, 'median': 3.0, 'max': 3}, 'FREE': 3}","{'givens': {'min': 0, 'median': 4.5, 'max': 7}, 'FREE': {'givens': 0, 'range': [1, 9], 'magic_sum': 15, 'bank_size': 0, 'wrapped_diagonals': False}}",N/A,public normal/PAN rules and board order; no solver uniqueness rating,"{'order': {'min': 3, 'median': 3.0, 'max': 3}, 'cells': {'min': 9, 'median': 9.0, 'max': 9}, 'givens': {'min': 0, 'median': 4.5, 'max': 7}}","{'with_other_levels': [{'difficulty': 'NORMAL', 'exact': 0, 'canonical': 0}, {'difficulty': 'HARD', 'exact': 0, 'canonical': 0}, {'difficulty': 'MASTER', 'exact': 0, 'canonical': 0}], 'search_range_overlaps_previous': None}",YES: structural/inference band; provisional human ranking,PARTIAL allows multiple solutions. Legacy FREE E/N were both 3x3; new FREE fixes that no-op with 3/4/5/6 orders.,FREE rev3 normal orders 3/4/5/6; old FREE orders/rules preserved,public normal/PAN rules and board order; no solver uniqueness rating,"{'order': {'min': 3, 'median': 3.0, 'max': 3}, 'cells': {'min': 9, 'median': 9.0, 'max': 9}, 'givens': {'min': 0, 'median': 4.5, 'max': 7}}","{'order': {'min': 3, 'median': 3.0, 'max': 3}, 'cells': {'min': 9, 'median': 9.0, 'max': 9}, 'givens': {'min': 0, 'median': 4.5, 'max': 7}}",,UNCHANGED
19,MAGIC SQUARE,NORMAL,"PARTIAL: order/givens, MASTER PAN wrapped diagonals; FREE: normal orders 3/4/5/6",30,"{'PARTIAL': {'min': 3, 'median': 3.0, 'max': 3}, 'FREE': 4}","{'givens': {'min': 1, 'median': 2.0, 'max': 5}, 'FREE': {'givens': 0, 'range': [1, 16], 'magic_sum': 34, 'bank_size': 0, 'wrapped_diagonals': False}}",N/A,public normal/PAN rules and board order; no solver uniqueness rating,"{'order': {'min': 3, 'median': 3.0, 'max': 3}, 'cells': {'min': 9, 'median': 9.0, 'max': 9}, 'givens': {'min': 1, 'median': 2.0, 'max': 5}}","{'with_other_levels': [{'difficulty': 'EASY', 'exact': 0, 'canonical': 0}, {'difficulty': 'HARD', 'exact': 0, 'canonical': 0}, {'difficulty': 'MASTER', 'exact': 0, 'canonical': 0}], 'search_range_overlaps_previous': None}",YES: structural/inference band; provisional human ranking,PARTIAL allows multiple solutions. Legacy FREE E/N were both 3x3; new FREE fixes that no-op with 3/4/5/6 orders.,FREE rev3 normal orders 3/4/5/6; old FREE orders/rules preserved,public normal/PAN rules and board order; no solver uniqueness rating,"{'order': {'min': 3, 'median': 3.0, 'max': 3}, 'cells': {'min': 9, 'median': 9.0, 'max': 9}, 'givens': {'min': 1, 'median': 2.0, 'max': 5}}","{'order': {'min': 3, 'median': 3.0, 'max': 3}, 'cells': {'min': 9, 'median': 9.0, 'max': 9}, 'givens': {'min': 1, 'median': 2.0, 'max': 5}}",,UNCHANGED
19,MAGIC SQUARE,HARD,"PARTIAL: order/givens, MASTER PAN wrapped diagonals; FREE: normal orders 3/4/5/6",30,"{'PARTIAL': {'min': 4, 'median': 4.0, 'max': 4}, 'FREE': 5}","{'givens': {'min': 3, 'median': 7.0, 'max': 10}, 'FREE': {'givens': 0, 'range': [1, 25], 'magic_sum': 65, 'bank_size': 0, 'wrapped_diagonals': False}}",N/A,public normal/PAN rules and board order; no solver uniqueness rating,"{'order': {'min': 4, 'median': 4.0, 'max': 4}, 'cells': {'min': 16, 'median': 16.0, 'max': 16}, 'givens': {'min': 3, 'median': 7.0, 'max': 10}}","{'with_other_levels': [{'difficulty': 'EASY', 'exact': 0, 'canonical': 0}, {'difficulty': 'NORMAL', 'exact': 0, 'canonical': 0}, {'difficulty': 'MASTER', 'exact': 0, 'canonical': 0}], 'search_range_overlaps_previous': None}",YES: structural/inference band; provisional human ranking,PARTIAL allows multiple solutions. Legacy FREE E/N were both 3x3; new FREE fixes that no-op with 3/4/5/6 orders.,FREE rev3 normal orders 3/4/5/6; old FREE orders/rules preserved,public normal/PAN rules and board order; no solver uniqueness rating,"{'order': {'min': 4, 'median': 4.0, 'max': 4}, 'cells': {'min': 16, 'median': 16.0, 'max': 16}, 'givens': {'min': 3, 'median': 7.0, 'max': 10}}","{'order': {'min': 4, 'median': 4.0, 'max': 4}, 'cells': {'min': 16, 'median': 16.0, 'max': 16}, 'givens': {'min': 3, 'median': 7.0, 'max': 10}}",,UNCHANGED
19,MAGIC SQUARE,MASTER,"PARTIAL: order/givens, MASTER PAN wrapped diagonals; FREE: normal orders 3/4/5/6",30,"{'PARTIAL': {'min': 4, 'median': 4.0, 'max': 4}, 'FREE': 6}","{'givens': {'min': 4, 'median': 4.0, 'max': 4}, 'FREE': {'givens': 0, 'range': [1, 36], 'magic_sum': 111, 'bank_size': 0, 'wrapped_diagonals': False}}",N/A,public normal/PAN rules and board order; no solver uniqueness rating,"{'order': {'min': 4, 'median': 4.0, 'max': 4}, 'cells': {'min': 16, 'median': 16.0, 'max': 16}, 'givens': {'min': 4, 'median': 4.0, 'max': 4}}","{'with_other_levels': [{'difficulty': 'EASY', 'exact': 0, 'canonical': 0}, {'difficulty': 'NORMAL', 'exact': 0, 'canonical': 0}, {'difficulty': 'HARD', 'exact': 0, 'canonical': 0}], 'search_range_overlaps_previous': None}",YES: structural/inference band; provisional human ranking,PARTIAL allows multiple solutions. Legacy FREE E/N were both 3x3; new FREE fixes that no-op with 3/4/5/6 orders.,FREE rev3 normal orders 3/4/5/6; old FREE orders/rules preserved,public normal/PAN rules and board order; no solver uniqueness rating,"{'order': {'min': 4, 'median': 4.0, 'max': 4}, 'cells': {'min': 16, 'median': 16.0, 'max': 16}, 'givens': {'min': 4, 'median': 4.0, 'max': 4}}","{'order': {'min': 4, 'median': 4.0, 'max': 4}, 'cells': {'min': 16, 'median': 16.0, 'max': 16}, 'givens': {'min': 4, 'median': 4.0, 'max': 4}}",,UNCHANGED
20,SUM GRID,EASY,Weighted row/column subset sums; order/weights and crossing inference,30,"{'min': 5, 'median': 5.0, 'max': 5}","{'maximum_value': {'min': 5, 'median': 5.0, 'max': 5}, 'maximum_target': {'min': 9, 'median': 13.5, 'max': 17}}",N/A,public-clue propagation and bounded search; algorithm-specific counts,"{'order': {'min': 5, 'median': 5.0, 'max': 5}, 'cells': {'min': 25, 'median': 25.0, 'max': 25}, 'maximum_value': {'min': 5, 'median': 5.0, 'max': 5}, 'maximum_target': {'min': 9, 'median': 13.5, 'max': 17}, 'solution_count': {'min': 1, 'median': 1.0, 'max': 1}, 'search_nodes': {'min': 1, 'median': 1.0, 'max': 1}, 'search_branches': {'min': 0, 'median': 0.0, 'max': 0}, 'search_max_depth': {'min': 0, 'median': 0.0, 'max': 0}, 'basic_unfilled': {'min': 0, 'median': 0.0, 'max': 0}, 'advanced_unfilled': {'min': 0, 'median': 0.0, 'max': 0}, 'after_chains_unfilled': {'min': 0, 'median': 0.0, 'max': 0}, 'forcing_eliminations': {'min': 0, 'median': 0.0, 'max': 0}, 'forcing_probes': {'min': 0, 'median': 0.0, 'max': 0}}","{'with_other_levels': [{'difficulty': 'NORMAL', 'exact': 0, 'canonical': 0}, {'difficulty': 'HARD', 'exact': 0, 'canonical': 0}, {'difficulty': 'MASTER', 'exact': 0, 'canonical': 0}], 'search_range_overlaps_previous': None}",YES: structural/inference band; provisional human ranking,"Structural/inference parameters differ; human difficulty remains provisional. Every sample finishes by basic propagation; its distinction is structural or arithmetic, not a need for advanced inference.",None; evidence/caveats documented,public-clue propagation and bounded search; algorithm-specific counts,"{'order': {'min': 5, 'median': 5.0, 'max': 5}, 'cells': {'min': 25, 'median': 25.0, 'max': 25}, 'maximum_value': {'min': 5, 'median': 5.0, 'max': 5}, 'maximum_target': {'min': 9, 'median': 13.5, 'max': 17}, 'solution_count': {'min': 1, 'median': 1.0, 'max': 1}, 'search_nodes': {'min': 1, 'median': 1.0, 'max': 1}, 'search_branches': {'min': 0, 'median': 0.0, 'max': 0}, 'search_max_depth': {'min': 0, 'median': 0.0, 'max': 0}, 'basic_unfilled': {'min': 0, 'median': 0.0, 'max': 0}, 'advanced_unfilled': {'min': 0, 'median': 0.0, 'max': 0}, 'after_chains_unfilled': {'min': 0, 'median': 0.0, 'max': 0}, 'forcing_eliminations': {'min': 0, 'median': 0.0, 'max': 0}, 'forcing_probes': {'min': 0, 'median': 0.0, 'max': 0}}","{'order': {'min': 5, 'median': 5.0, 'max': 5}, 'cells': {'min': 25, 'median': 25.0, 'max': 25}, 'maximum_value': {'min': 5, 'median': 5.0, 'max': 5}, 'maximum_target': {'min': 9, 'median': 13.5, 'max': 17}, 'solution_count': {'min': 1, 'median': 1.0, 'max': 1}, 'search_nodes': {'min': 1, 'median': 1.0, 'max': 1}, 'search_branches': {'min': 0, 'median': 0.0, 'max': 0}, 'search_max_depth': {'min': 0, 'median': 0.0, 'max': 0}, 'basic_unfilled': {'min': 0, 'median': 0.0, 'max': 0}, 'advanced_unfilled': {'min': 0, 'median': 0.0, 'max': 0}, 'after_chains_unfilled': {'min': 0, 'median': 0.0, 'max': 0}, 'forcing_eliminations': {'min': 0, 'median': 0.0, 'max': 0}, 'forcing_probes': {'min': 0, 'median': 0.0, 'max': 0}}",,UNCHANGED
20,SUM GRID,NORMAL,Weighted row/column subset sums; order/weights and crossing inference,30,"{'min': 5, 'median': 5.0, 'max': 5}","{'maximum_value': {'min': 9, 'median': 9.0, 'max': 9}, 'maximum_target': {'min': 11, 'median': 25.0, 'max': 34}}",N/A,public-clue propagation and bounded search; algorithm-specific counts,"{'order': {'min': 5, 'median': 5.0, 'max': 5}, 'cells': {'min': 25, 'median': 25.0, 'max': 25}, 'maximum_value': {'min': 9, 'median': 9.0, 'max': 9}, 'maximum_target': {'min': 11, 'median': 25.0, 'max': 34}, 'solution_count': {'min': 1, 'median': 1.0, 'max': 1}, 'search_nodes': {'min': 1, 'median': 1.0, 'max': 1}, 'search_branches': {'min': 0, 'median': 0.0, 'max': 0}, 'search_max_depth': {'min': 0, 'median': 0.0, 'max': 0}, 'basic_unfilled': {'min': 0, 'median': 0.0, 'max': 0}, 'advanced_unfilled': {'min': 0, 'median': 0.0, 'max': 0}, 'after_chains_unfilled': {'min': 0, 'median': 0.0, 'max': 0}, 'forcing_eliminations': {'min': 0, 'median': 0.0, 'max': 0}, 'forcing_probes': {'min': 0, 'median': 0.0, 'max': 0}}","{'with_other_levels': [{'difficulty': 'EASY', 'exact': 0, 'canonical': 0}, {'difficulty': 'HARD', 'exact': 0, 'canonical': 0}, {'difficulty': 'MASTER', 'exact': 0, 'canonical': 0}], 'search_range_overlaps_previous': True}",YES: structural/inference band; provisional human ranking,"Structural/inference parameters differ; human difficulty remains provisional. Search-node ranges overlap the previous level; no per-puzzle strict ranking claimed. Every sample finishes by basic propagation; its distinction is structural or arithmetic, not a need for advanced inference.",None; evidence/caveats documented,public-clue propagation and bounded search; algorithm-specific counts,"{'order': {'min': 5, 'median': 5.0, 'max': 5}, 'cells': {'min': 25, 'median': 25.0, 'max': 25}, 'maximum_value': {'min': 9, 'median': 9.0, 'max': 9}, 'maximum_target': {'min': 11, 'median': 25.0, 'max': 34}, 'solution_count': {'min': 1, 'median': 1.0, 'max': 1}, 'search_nodes': {'min': 1, 'median': 1.0, 'max': 1}, 'search_branches': {'min': 0, 'median': 0.0, 'max': 0}, 'search_max_depth': {'min': 0, 'median': 0.0, 'max': 0}, 'basic_unfilled': {'min': 0, 'median': 0.0, 'max': 0}, 'advanced_unfilled': {'min': 0, 'median': 0.0, 'max': 0}, 'after_chains_unfilled': {'min': 0, 'median': 0.0, 'max': 0}, 'forcing_eliminations': {'min': 0, 'median': 0.0, 'max': 0}, 'forcing_probes': {'min': 0, 'median': 0.0, 'max': 0}}","{'order': {'min': 5, 'median': 5.0, 'max': 5}, 'cells': {'min': 25, 'median': 25.0, 'max': 25}, 'maximum_value': {'min': 9, 'median': 9.0, 'max': 9}, 'maximum_target': {'min': 11, 'median': 25.0, 'max': 34}, 'solution_count': {'min': 1, 'median': 1.0, 'max': 1}, 'search_nodes': {'min': 1, 'median': 1.0, 'max': 1}, 'search_branches': {'min': 0, 'median': 0.0, 'max': 0}, 'search_max_depth': {'min': 0, 'median': 0.0, 'max': 0}, 'basic_unfilled': {'min': 0, 'median': 0.0, 'max': 0}, 'advanced_unfilled': {'min': 0, 'median': 0.0, 'max': 0}, 'after_chains_unfilled': {'min': 0, 'median': 0.0, 'max': 0}, 'forcing_eliminations': {'min': 0, 'median': 0.0, 'max': 0}, 'forcing_probes': {'min': 0, 'median': 0.0, 'max': 0}}",,UNCHANGED
20,SUM GRID,HARD,Weighted row/column subset sums; order/weights and crossing inference,30,"{'min': 6, 'median': 6.0, 'max': 6}","{'maximum_value': {'min': 11, 'median': 12.0, 'max': 12}, 'maximum_target': {'min': 26, 'median': 35.5, 'max': 48}}",N/A,public-clue propagation and bounded search; algorithm-specific counts,"{'order': {'min': 6, 'median': 6.0, 'max': 6}, 'cells': {'min': 36, 'median': 36.0, 'max': 36}, 'maximum_value': {'min': 11, 'median': 12.0, 'max': 12}, 'maximum_target': {'min': 26, 'median': 35.5, 'max': 48}, 'solution_count': {'min': 1, 'median': 1.0, 'max': 1}, 'search_nodes': {'min': 1, 'median': 1.0, 'max': 1}, 'search_branches': {'min': 0, 'median': 0.0, 'max': 0}, 'search_max_depth': {'min': 0, 'median': 0.0, 'max': 0}, 'basic_unfilled': {'min': 0, 'median': 0.0, 'max': 0}, 'advanced_unfilled': {'min': 0, 'median': 0.0, 'max': 0}, 'after_chains_unfilled': {'min': 0, 'median': 0.0, 'max': 0}, 'forcing_eliminations': {'min': 0, 'median': 0.0, 'max': 0}, 'forcing_probes': {'min': 0, 'median': 0.0, 'max': 0}}","{'with_other_levels': [{'difficulty': 'EASY', 'exact': 0, 'canonical': 0}, {'difficulty': 'NORMAL', 'exact': 0, 'canonical': 0}, {'difficulty': 'MASTER', 'exact': 0, 'canonical': 0}], 'search_range_overlaps_previous': True}",YES: structural/inference band; provisional human ranking,"Structural/inference parameters differ; human difficulty remains provisional. Search-node ranges overlap the previous level; no per-puzzle strict ranking claimed. Every sample finishes by basic propagation; its distinction is structural or arithmetic, not a need for advanced inference.",None; evidence/caveats documented,public-clue propagation and bounded search; algorithm-specific counts,"{'order': {'min': 6, 'median': 6.0, 'max': 6}, 'cells': {'min': 36, 'median': 36.0, 'max': 36}, 'maximum_value': {'min': 11, 'median': 12.0, 'max': 12}, 'maximum_target': {'min': 26, 'median': 35.5, 'max': 48}, 'solution_count': {'min': 1, 'median': 1.0, 'max': 1}, 'search_nodes': {'min': 1, 'median': 1.0, 'max': 1}, 'search_branches': {'min': 0, 'median': 0.0, 'max': 0}, 'search_max_depth': {'min': 0, 'median': 0.0, 'max': 0}, 'basic_unfilled': {'min': 0, 'median': 0.0, 'max': 0}, 'advanced_unfilled': {'min': 0, 'median': 0.0, 'max': 0}, 'after_chains_unfilled': {'min': 0, 'median': 0.0, 'max': 0}, 'forcing_eliminations': {'min': 0, 'median': 0.0, 'max': 0}, 'forcing_probes': {'min': 0, 'median': 0.0, 'max': 0}}","{'order': {'min': 6, 'median': 6.0, 'max': 6}, 'cells': {'min': 36, 'median': 36.0, 'max': 36}, 'maximum_value': {'min': 11, 'median': 12.0, 'max': 12}, 'maximum_target': {'min': 26, 'median': 35.5, 'max': 48}, 'solution_count': {'min': 1, 'median': 1.0, 'max': 1}, 'search_nodes': {'min': 1, 'median': 1.0, 'max': 1}, 'search_branches': {'min': 0, 'median': 0.0, 'max': 0}, 'search_max_depth': {'min': 0, 'median': 0.0, 'max': 0}, 'basic_unfilled': {'min': 0, 'median': 0.0, 'max': 0}, 'advanced_unfilled': {'min': 0, 'median': 0.0, 'max': 0}, 'after_chains_unfilled': {'min': 0, 'median': 0.0, 'max': 0}, 'forcing_eliminations': {'min': 0, 'median': 0.0, 'max': 0}, 'forcing_probes': {'min': 0, 'median': 0.0, 'max': 0}}",,UNCHANGED
20,SUM GRID,MASTER,Weighted row/column subset sums; order/weights and crossing inference,30,"{'min': 7, 'median': 7.0, 'max': 7}","{'maximum_value': {'min': 5, 'median': 5.0, 'max': 5}, 'maximum_target': {'min': 13, 'median': 19.0, 'max': 24}}",N/A,public-clue propagation and bounded search; algorithm-specific counts,"{'order': {'min': 7, 'median': 7.0, 'max': 7}, 'cells': {'min': 49, 'median': 49.0, 'max': 49}, 'maximum_value': {'min': 5, 'median': 5.0, 'max': 5}, 'maximum_target': {'min': 13, 'median': 19.0, 'max': 24}, 'solution_count': {'min': 1, 'median': 1.0, 'max': 1}, 'search_nodes': {'min': 3, 'median': 5.0, 'max': 19}, 'search_branches': {'min': 1, 'median': 2.0, 'max': 9}, 'search_max_depth': {'min': 1, 'median': 2.0, 'max': 8}, 'basic_unfilled': {'min': 20, 'median': 34.5, 'max': 45}, 'advanced_unfilled': {'min': 20, 'median': 34.5, 'max': 45}, 'after_chains_unfilled': {'min': 0, 'median': 0.0, 'max': 0}, 'forcing_eliminations': {'min': 1, 'median': 2.0, 'max': 8}, 'forcing_probes': {'min': 1, 'median': 3.5, 'max': 53}}","{'with_other_levels': [{'difficulty': 'EASY', 'exact': 0, 'canonical': 0}, {'difficulty': 'NORMAL', 'exact': 0, 'canonical': 0}, {'difficulty': 'HARD', 'exact': 0, 'canonical': 0}], 'search_range_overlaps_previous': False}",YES: structural/inference band; provisional human ranking,Structural/inference parameters differ; human difficulty remains provisional.,None; evidence/caveats documented,public-clue propagation and bounded search; algorithm-specific counts,"{'order': {'min': 7, 'median': 7.0, 'max': 7}, 'cells': {'min': 49, 'median': 49.0, 'max': 49}, 'maximum_value': {'min': 5, 'median': 5.0, 'max': 5}, 'maximum_target': {'min': 13, 'median': 19.0, 'max': 24}, 'solution_count': {'min': 1, 'median': 1.0, 'max': 1}, 'search_nodes': {'min': 3, 'median': 5.0, 'max': 19}, 'search_branches': {'min': 1, 'median': 2.0, 'max': 9}, 'search_max_depth': {'min': 1, 'median': 2.0, 'max': 8}, 'basic_unfilled': {'min': 20, 'median': 34.5, 'max': 45}, 'advanced_unfilled': {'min': 20, 'median': 34.5, 'max': 45}, 'after_chains_unfilled': {'min': 0, 'median': 0.0, 'max': 0}, 'forcing_eliminations': {'min': 1, 'median': 2.0, 'max': 8}, 'forcing_probes': {'min': 1, 'median': 3.5, 'max': 53}}","{'order': {'min': 7, 'median': 7.0, 'max': 7}, 'cells': {'min': 49, 'median': 49.0, 'max': 49}, 'maximum_value': {'min': 5, 'median': 5.0, 'max': 5}, 'maximum_target': {'min': 13, 'median': 19.0, 'max': 24}, 'solution_count': {'min': 1, 'median': 1.0, 'max': 1}, 'search_nodes': {'min': 3, 'median': 5.0, 'max': 19}, 'search_branches': {'min': 1, 'median': 2.0, 'max': 9}, 'search_max_depth': {'min': 1, 'median': 2.0, 'max': 8}, 'basic_unfilled': {'min': 20, 'median': 34.5, 'max': 45}, 'advanced_unfilled': {'min': 20, 'median': 34.5, 'max': 45}, 'after_chains_unfilled': {'min': 0, 'median': 0.0, 'max': 0}, 'forcing_eliminations': {'min': 1, 'median': 2.0, 'max': 8}, 'forcing_probes': {'min': 1, 'median': 3.5, 'max': 53}}",,UNCHANGED
21,NIM,EASY,CPU policy and initial position,mode 0: 0; mode 1: 0,mode 0: 1x3; mode 1: 1x3,3 piles 1..7,random legal move,Optimal decisions only where legal choices differ in outcome; pre-existing independent exact-table audit,6/106 optimal on common decision opportunities; 128 total positions,Random branch may choose an optimal move; 75% branch rate is not 75% success rate,YES,PASS,None,Optimal decisions only where legal choices differ in outcome; pre-existing independent exact-table audit,6/106 optimal on common decision opportunities; 128 total positions,6/106 optimal on common decision opportunities; 128 total positions,,UNCHANGED
21,NIM,NORMAL,CPU policy and initial position,mode 0: 0; mode 1: 0,mode 0: 1x3; mode 1: 1x3,3 piles 1..15,75% exact-policy branch; 25% random,Optimal decisions only where legal choices differ in outcome; pre-existing independent exact-table audit,79/106 optimal on common decision opportunities; 128 total positions,Random branch may choose an optimal move; 75% branch rate is not 75% success rate,YES,PASS,None,Optimal decisions only where legal choices differ in outcome; pre-existing independent exact-table audit,79/106 optimal on common decision opportunities; 128 total positions,79/106 optimal on common decision opportunities; 128 total positions,,UNCHANGED
21,NIM,HARD,CPU policy and initial position,mode 0: 0; mode 1: 0,mode 0: 1x4; mode 1: 1x4,4 piles 1..31,exact outcome-optimal policy,Optimal decisions only where legal choices differ in outcome; pre-existing independent exact-table audit,106/106 optimal on common decision opportunities; 128 total positions,HARD/MASTER CPU deliberately identical: 128/128 board and RNG decisions match; starts differ,YES,PASS,None,Optimal decisions only where legal choices differ in outcome; pre-existing independent exact-table audit,106/106 optimal on common decision opportunities; 128 total positions,106/106 optimal on common decision opportunities; 128 total positions,,UNCHANGED
21,NIM,MASTER,Verified forced-win tactical starts; CPU identical to HARD,mode 0: 30; mode 1: 30,mode 0: 1x4; mode 1: 1x4,Full enumerated mode-specific bank; human can force a win,same exact policy as HARD,Optimal decisions only where legal choices differ in outcome; pre-existing independent exact-table audit,106/106 optimal on common decision opportunities; 128 total positions,HARD/MASTER CPU deliberately identical: 128/128 board and RNG decisions match; starts differ,YES,PASS,None,Optimal decisions only where legal choices differ in outcome; pre-existing independent exact-table audit,106/106 optimal on common decision opportunities; 128 total positions,106/106 optimal on common decision opportunities; 128 total positions,,UNCHANGED
22,WYTHOFF,EASY,CPU policy and initial position,mode 0: 0; mode 1: 0,mode 0: 1x3; mode 1: 1x3,piles 1..10,random legal move,Optimal decisions only where legal choices differ in outcome; pre-existing independent exact-table audit,9/111 optimal on common decision opportunities; 128 total positions,Random branch may choose an optimal move; 75% branch rate is not 75% success rate,YES,PASS,None,Optimal decisions only where legal choices differ in outcome; pre-existing independent exact-table audit,9/111 optimal on common decision opportunities; 128 total positions,9/111 optimal on common decision opportunities; 128 total positions,,UNCHANGED
22,WYTHOFF,NORMAL,CPU policy and initial position,mode 0: 0; mode 1: 0,mode 0: 1x3; mode 1: 1x3,piles 1..24,75% exact-policy branch; 25% random,Optimal decisions only where legal choices differ in outcome; pre-existing independent exact-table audit,87/111 optimal on common decision opportunities; 128 total positions,Random branch may choose an optimal move; 75% branch rate is not 75% success rate,YES,PASS,None,Optimal decisions only where legal choices differ in outcome; pre-existing independent exact-table audit,87/111 optimal on common decision opportunities; 128 total positions,87/111 optimal on common decision opportunities; 128 total positions,,UNCHANGED
22,WYTHOFF,HARD,CPU policy and initial position,mode 0: 0; mode 1: 0,mode 0: 1x3; mode 1: 1x3,piles 1..40,exact outcome-optimal policy,Optimal decisions only where legal choices differ in outcome; pre-existing independent exact-table audit,111/111 optimal on common decision opportunities; 128 total positions,HARD/MASTER CPU deliberately identical: 128/128 board and RNG decisions match; starts differ,YES,PASS,None,Optimal decisions only where legal choices differ in outcome; pre-existing independent exact-table audit,111/111 optimal on common decision opportunities; 128 total positions,111/111 optimal on common decision opportunities; 128 total positions,,UNCHANGED
22,WYTHOFF,MASTER,Verified forced-win tactical starts; CPU identical to HARD,mode 0: 30; mode 1: 12,mode 0: 1x3; mode 1: 1x3,Full enumerated mode-specific bank; human can force a win,same exact policy as HARD,Optimal decisions only where legal choices differ in outcome; pre-existing independent exact-table audit,111/111 optimal on common decision opportunities; 128 total positions,HARD/MASTER CPU deliberately identical: 128/128 board and RNG decisions match; starts differ,YES,PASS,None,Optimal decisions only where legal choices differ in outcome; pre-existing independent exact-table audit,111/111 optimal on common decision opportunities; 128 total positions,111/111 optimal on common decision opportunities; 128 total positions,,UNCHANGED
23,EUCLID,EASY,CPU policy and initial position,mode 0: 0; mode 1: 0,mode 0: 1x2; mode 1: 1x2,values 1..12,random legal move,Optimal decisions only where legal choices differ in outcome; pre-existing independent exact-table audit,22/89 optimal on common decision opportunities; 128 total positions,Random branch may choose an optimal move; 75% branch rate is not 75% success rate,YES,PASS,None,Optimal decisions only where legal choices differ in outcome; pre-existing independent exact-table audit,22/89 optimal on common decision opportunities; 128 total positions,22/89 optimal on common decision opportunities; 128 total positions,,UNCHANGED
23,EUCLID,NORMAL,CPU policy and initial position,mode 0: 0; mode 1: 0,mode 0: 1x2; mode 1: 1x2,values 1..40,75% exact-policy branch; 25% random,Optimal decisions only where legal choices differ in outcome; pre-existing independent exact-table audit,69/89 optimal on common decision opportunities; 128 total positions,Random branch may choose an optimal move; 75% branch rate is not 75% success rate,YES,PASS,None,Optimal decisions only where legal choices differ in outcome; pre-existing independent exact-table audit,69/89 optimal on common decision opportunities; 128 total positions,69/89 optimal on common decision opportunities; 128 total positions,,UNCHANGED
23,EUCLID,HARD,CPU policy and initial position,mode 0: 0; mode 1: 0,mode 0: 1x2; mode 1: 1x2,values 1..99,exact outcome-optimal policy,Optimal decisions only where legal choices differ in outcome; pre-existing independent exact-table audit,89/89 optimal on common decision opportunities; 128 total positions,HARD/MASTER CPU deliberately identical: 128/128 board and RNG decisions match; starts differ,YES,PASS,None,Optimal decisions only where legal choices differ in outcome; pre-existing independent exact-table audit,89/89 optimal on common decision opportunities; 128 total positions,89/89 optimal on common decision opportunities; 128 total positions,,UNCHANGED
23,EUCLID,MASTER,Verified forced-win tactical starts; CPU identical to HARD,mode 0: 30; mode 1: 30,mode 0: 1x2; mode 1: 1x2,Full enumerated mode-specific bank; human can force a win,same exact policy as HARD,Optimal decisions only where legal choices differ in outcome; pre-existing independent exact-table audit,89/89 optimal on common decision opportunities; 128 total positions,HARD/MASTER CPU deliberately identical: 128/128 board and RNG decisions match; starts differ,YES,PASS,None,Optimal decisions only where legal choices differ in outcome; pre-existing independent exact-table audit,89/89 optimal on common decision opportunities; 128 total positions,89/89 optimal on common decision opportunities; 128 total positions,,UNCHANGED
24,MAKE FIFTEEN,EASY,CPU policy and initial position,mode 0: 0; mode 1: 0,mode 0: 3x3; mode 1: 3x3,empty 9-card opening,random legal move,Optimal decisions only where legal choices differ in outcome; pre-existing independent exact-table audit,31/67 optimal on common decision opportunities; 128 total positions,Random branch may choose an optimal move; 75% branch rate is not 75% success rate,YES,PASS,None,Optimal decisions only where legal choices differ in outcome; pre-existing independent exact-table audit,31/67 optimal on common decision opportunities; 128 total positions,31/67 optimal on common decision opportunities; 128 total positions,,UNCHANGED
24,MAKE FIFTEEN,NORMAL,CPU policy and initial position,mode 0: 0; mode 1: 0,mode 0: 3x3; mode 1: 3x3,empty 9-card opening,75% exact-policy branch; 25% random,Optimal decisions only where legal choices differ in outcome; pre-existing independent exact-table audit,53/67 optimal on common decision opportunities; 128 total positions,Random branch may choose an optimal move; 75% branch rate is not 75% success rate,YES,PASS,None,Optimal decisions only where legal choices differ in outcome; pre-existing independent exact-table audit,53/67 optimal on common decision opportunities; 128 total positions,53/67 optimal on common decision opportunities; 128 total positions,,UNCHANGED
24,MAKE FIFTEEN,HARD,CPU policy and initial position,mode 0: 0; mode 1: 0,mode 0: 3x3; mode 1: 3x3,empty 9-card opening,exact outcome-optimal policy,Optimal decisions only where legal choices differ in outcome; pre-existing independent exact-table audit,67/67 optimal on common decision opportunities; 128 total positions,HARD/MASTER CPU deliberately identical: 128/128 board and RNG decisions match; starts differ,YES,PASS,None,Optimal decisions only where legal choices differ in outcome; pre-existing independent exact-table audit,67/67 optimal on common decision opportunities; 128 total positions,67/67 optimal on common decision opportunities; 128 total positions,,UNCHANGED
24,MAKE FIFTEEN,MASTER,Verified forced-win tactical starts; CPU identical to HARD,mode 0: 30; mode 1: 5,mode 0: 3x3; mode 1: 3x3,Full enumerated mode-specific bank; human can force a win,same exact policy as HARD,Optimal decisions only where legal choices differ in outcome; pre-existing independent exact-table audit,67/67 optimal on common decision opportunities; 128 total positions,HARD/MASTER CPU deliberately identical: 128/128 board and RNG decisions match; starts differ,YES,PASS,None,Optimal decisions only where legal choices differ in outcome; pre-existing independent exact-table audit,67/67 optimal on common decision opportunities; 128 total positions,67/67 optimal on common decision opportunities; 128 total positions,,UNCHANGED
25,RACE TO TARGET,EASY,CPU policy and initial position,mode 0: 0; mode 1: 0,mode 0: 1x1; mode 1: 1x1,target 21/add 1..3,random legal move,Optimal decisions only where legal choices differ in outcome; pre-existing independent exact-table audit,27/102 optimal on common decision opportunities; 128 total positions,Random branch may choose an optimal move; 75% branch rate is not 75% success rate,YES,PASS,None,Optimal decisions only where legal choices differ in outcome; pre-existing independent exact-table audit,27/102 optimal on common decision opportunities; 128 total positions,27/102 optimal on common decision opportunities; 128 total positions,,UNCHANGED
25,RACE TO TARGET,NORMAL,CPU policy and initial position,mode 0: 0; mode 1: 0,mode 0: 1x1; mode 1: 1x1,target 31/add 1..3,75% exact-policy branch; 25% random,Optimal decisions only where legal choices differ in outcome; pre-existing independent exact-table audit,84/102 optimal on common decision opportunities; 128 total positions,Random branch may choose an optimal move; 75% branch rate is not 75% success rate,YES,PASS,None,Optimal decisions only where legal choices differ in outcome; pre-existing independent exact-table audit,84/102 optimal on common decision opportunities; 128 total positions,84/102 optimal on common decision opportunities; 128 total positions,,UNCHANGED
25,RACE TO TARGET,HARD,CPU policy and initial position,mode 0: 0; mode 1: 0,mode 0: 1x1; mode 1: 1x1,target 23/add 1..4,exact outcome-optimal policy,Optimal decisions only where legal choices differ in outcome; pre-existing independent exact-table audit,102/102 optimal on common decision opportunities; 128 total positions,HARD/MASTER CPU deliberately identical: 128/128 board and RNG decisions match; starts differ,YES,PASS,None,Optimal decisions only where legal choices differ in outcome; pre-existing independent exact-table audit,102/102 optimal on common decision opportunities; 128 total positions,102/102 optimal on common decision opportunities; 128 total positions,,UNCHANGED
25,RACE TO TARGET,MASTER,Verified forced-win tactical starts; CPU identical to HARD,mode 0: 30; mode 1: 30,mode 0: 1x1; mode 1: 1x1,Full enumerated mode-specific bank; human can force a win,same exact policy as HARD,Optimal decisions only where legal choices differ in outcome; pre-existing independent exact-table audit,102/102 optimal on common decision opportunities; 128 total positions,HARD/MASTER CPU deliberately identical: 128/128 board and RNG decisions match; starts differ,YES,PASS,None,Optimal decisions only where legal choices differ in outcome; pre-existing independent exact-table audit,102/102 optimal on common decision opportunities; 128 total positions,102/102 optimal on common decision opportunities; 128 total positions,,UNCHANGED
26,2048,EASY,TARGET terminal goal; CLASSIC fixed rules,mode 0: 0; mode 1: 0,mode 0: 4x4; mode 1: 4x4,TARGET=512; CLASSIC keeps playing after 2048,None,"Exact terminal goal, not altered spawn rate",Identical initial board/RNG at equal seed across levels; 90% 2 / 10% 4 spawn rule unchanged,CLASSIC level is an intentional no-op; app hides level and starts NORMAL; old E/N/H preserved,TARGET YES; CLASSIC FIXED EXCEPTION,FIXED EXCEPTION,Removed stale rules claim that cumulative records persist,"Exact terminal goal, not altered spawn rate",Identical initial board/RNG at equal seed across levels; 90% 2 / 10% 4 spawn rule unchanged,Identical initial board/RNG at equal seed across levels; 90% 2 / 10% 4 spawn rule unchanged,,UNCHANGED
26,2048,NORMAL,TARGET terminal goal; CLASSIC fixed rules,mode 0: 0; mode 1: 0,mode 0: 4x4; mode 1: 4x4,TARGET=1024; CLASSIC keeps playing after 2048,None,"Exact terminal goal, not altered spawn rate",Identical initial board/RNG at equal seed across levels; 90% 2 / 10% 4 spawn rule unchanged,CLASSIC level is an intentional no-op; app hides level and starts NORMAL; old E/N/H preserved,TARGET YES; CLASSIC FIXED EXCEPTION,FIXED EXCEPTION,Removed stale rules claim that cumulative records persist,"Exact terminal goal, not altered spawn rate",Identical initial board/RNG at equal seed across levels; 90% 2 / 10% 4 spawn rule unchanged,Identical initial board/RNG at equal seed across levels; 90% 2 / 10% 4 spawn rule unchanged,,UNCHANGED
26,2048,HARD,TARGET terminal goal; CLASSIC fixed rules,mode 0: 0; mode 1: 0,mode 0: 4x4; mode 1: 4x4,TARGET=2048; CLASSIC keeps playing after 2048,None,"Exact terminal goal, not altered spawn rate",Identical initial board/RNG at equal seed across levels; 90% 2 / 10% 4 spawn rule unchanged,CLASSIC level is an intentional no-op; app hides level and starts NORMAL; old E/N/H preserved,TARGET YES; CLASSIC FIXED EXCEPTION,FIXED EXCEPTION,Removed stale rules claim that cumulative records persist,"Exact terminal goal, not altered spawn rate",Identical initial board/RNG at equal seed across levels; 90% 2 / 10% 4 spawn rule unchanged,Identical initial board/RNG at equal seed across levels; 90% 2 / 10% 4 spawn rule unchanged,,UNCHANGED
26,2048,MASTER,TARGET terminal goal; CLASSIC fixed rules,mode 0: 0; mode 1: 0,mode 0: 4x4; mode 1: 4x4,TARGET=8192; CLASSIC keeps playing after 2048,None,"Exact terminal goal, not altered spawn rate",Identical initial board/RNG at equal seed across levels; 90% 2 / 10% 4 spawn rule unchanged,CLASSIC level is an intentional no-op; app hides level and starts NORMAL; old E/N/H preserved,TARGET YES; CLASSIC FIXED EXCEPTION,FIXED EXCEPTION,Removed stale rules claim that cumulative records persist,"Exact terminal goal, not altered spawn rate",Identical initial board/RNG at equal seed across levels; 90% 2 / 10% 4 spawn rule unchanged,Identical initial board/RNG at equal seed across levels; 90% 2 / 10% 4 spawn rule unchanged,,UNCHANGED
27,SLIDING,EASY,Exact shortest-distance banks for both board sizes,mode 0: 128; mode 1: 128,mode 0: 3x3; mode 1: 4x4,"128 originals per size, exact band (8, 14)",None,"3x3 full BFS; 4x4 E/N/H independently certified IDA* optima; MASTER4x4 lower bound, not exact optimum","[{""certified_start_distance"": {""distinct"": 7, ""max"": 14, ""mean"": 10.9609, ""median"": 11.0, ""min"": 8}, ""exact_shortest_moves"": {""distinct"": 7, ""max"": 14, ""mean"": 10.9609, ""median"": 11.0, ""min"": 8}, ""manhattan_lower_bound"": {""distinct"": 11, ""max"": 14, ""mean"": 8.8203, ""median"": 9.0, ""min"": 4}, ""mode"": 0}, {""certified_start_distance"": {""distinct"": 7, ""max"": 14, ""mean"": 10.9609, ""median"": 11.0, ""min"": 8}, ""manhattan_lower_bound"": {""distinct"": 10, ""max"": 14, ""mean"": 10.3203, ""median"": 10.0, ""min"": 5}, ""mode"": 1}]","Zero: E8-14 / N15-20 / H21-26; M3x3=31, M4x4>=48",YES: certified disjoint shortest-distance ranges,RESOLVED / EXACT DISTANCE BANDS,Revision4 banks; revisions<=3 preserve old board/RNG/INIT; MASTER counts and identities retained,"3x3 full BFS; 4x4 E/N/H independently certified IDA* optima; MASTER4x4 lower bound, not exact optimum","[{""exact_shortest_moves"": {""distinct"": 10, ""max"": 28, ""mean"": 21.9219, ""median"": 22.0, ""min"": 10}, ""manhattan_lower_bound"": {""distinct"": 8, ""max"": 20, ""mean"": 14.0938, ""median"": 14.0, ""min"": 6}, ""mode"": 0}, {""manhattan_lower_bound"": {""distinct"": 12, ""max"": 40, ""mean"": 28.3125, ""median"": 28.0, ""min"": 18}, ""mode"": 1}]","[{""certified_start_distance"": {""distinct"": 7, ""max"": 14, ""mean"": 10.9609, ""median"": 11.0, ""min"": 8}, ""exact_shortest_moves"": {""distinct"": 7, ""max"": 14, ""mean"": 10.9609, ""median"": 11.0, ""min"": 8}, ""manhattan_lower_bound"": {""distinct"": 11, ""max"": 14, ""mean"": 8.8203, ""median"": 9.0, ""min"": 4}, ""mode"": 0}, {""certified_start_distance"": {""distinct"": 7, ""max"": 14, ""mean"": 10.9609, ""median"": 11.0, ""min"": 8}, ""manhattan_lower_bound"": {""distinct"": 10, ""max"": 14, ""mean"": 10.3203, ""median"": 10.0, ""min"": 5}, ""mode"": 1}]",,RESOLVED / EXACT DISTANCE BANDS
27,SLIDING,NORMAL,Exact shortest-distance banks for both board sizes,mode 0: 128; mode 1: 128,mode 0: 3x3; mode 1: 4x4,"128 originals per size, exact band (15, 20)",None,"3x3 full BFS; 4x4 E/N/H independently certified IDA* optima; MASTER4x4 lower bound, not exact optimum","[{""certified_start_distance"": {""distinct"": 6, ""max"": 20, ""mean"": 17.4688, ""median"": 17.0, ""min"": 15}, ""exact_shortest_moves"": {""distinct"": 6, ""max"": 20, ""mean"": 17.4688, ""median"": 17.0, ""min"": 15}, ""manhattan_lower_bound"": {""distinct"": 12, ""max"": 18, ""mean"": 12.2031, ""median"": 12.0, ""min"": 7}, ""mode"": 0}, {""certified_start_distance"": {""distinct"": 6, ""max"": 20, ""mean"": 17.4688, ""median"": 17.0, ""min"": 15}, ""manhattan_lower_bound"": {""distinct"": 10, ""max"": 20, ""mean"": 15.7031, ""median"": 16.0, ""min"": 11}, ""mode"": 1}]","Zero: E8-14 / N15-20 / H21-26; M3x3=31, M4x4>=48",YES: certified disjoint shortest-distance ranges,RESOLVED / EXACT DISTANCE BANDS,Revision4 banks; revisions<=3 preserve old board/RNG/INIT; MASTER counts and identities retained,"3x3 full BFS; 4x4 E/N/H independently certified IDA* optima; MASTER4x4 lower bound, not exact optimum","[{""exact_shortest_moves"": {""distinct"": 9, ""max"": 28, ""mean"": 22.1875, ""median"": 22.0, ""min"": 12}, ""manhattan_lower_bound"": {""distinct"": 6, ""max"": 20, ""mean"": 14.375, ""median"": 14.0, ""min"": 10}, ""mode"": 0}, {""manhattan_lower_bound"": {""distinct"": 13, ""max"": 46, ""mean"": 34.0938, ""median"": 34.0, ""min"": 20}, ""mode"": 1}]","[{""certified_start_distance"": {""distinct"": 6, ""max"": 20, ""mean"": 17.4688, ""median"": 17.0, ""min"": 15}, ""exact_shortest_moves"": {""distinct"": 6, ""max"": 20, ""mean"": 17.4688, ""median"": 17.0, ""min"": 15}, ""manhattan_lower_bound"": {""distinct"": 12, ""max"": 18, ""mean"": 12.2031, ""median"": 12.0, ""min"": 7}, ""mode"": 0}, {""certified_start_distance"": {""distinct"": 6, ""max"": 20, ""mean"": 17.4688, ""median"": 17.0, ""min"": 15}, ""manhattan_lower_bound"": {""distinct"": 10, ""max"": 20, ""mean"": 15.7031, ""median"": 16.0, ""min"": 11}, ""mode"": 1}]",,RESOLVED / EXACT DISTANCE BANDS
27,SLIDING,HARD,Exact shortest-distance banks for both board sizes,mode 0: 128; mode 1: 128,mode 0: 3x3; mode 1: 4x4,"128 originals per size, exact band (21, 26)",None,"3x3 full BFS; 4x4 E/N/H independently certified IDA* optima; MASTER4x4 lower bound, not exact optimum","[{""certified_start_distance"": {""distinct"": 6, ""max"": 26, ""mean"": 23.4688, ""median"": 23.0, ""min"": 21}, ""exact_shortest_moves"": {""distinct"": 6, ""max"": 26, ""mean"": 23.4688, ""median"": 23.0, ""min"": 21}, ""manhattan_lower_bound"": {""distinct"": 13, ""max"": 20, ""mean"": 14.3281, ""median"": 14.0, ""min"": 6}, ""mode"": 0}, {""certified_start_distance"": {""distinct"": 6, ""max"": 26, ""mean"": 23.4688, ""median"": 23.0, ""min"": 21}, ""manhattan_lower_bound"": {""distinct"": 10, ""max"": 26, ""mean"": 20.5625, ""median"": 21.0, ""min"": 17}, ""mode"": 1}]","Zero: E8-14 / N15-20 / H21-26; M3x3=31, M4x4>=48",YES: certified disjoint shortest-distance ranges,RESOLVED / EXACT DISTANCE BANDS,Revision4 banks; revisions<=3 preserve old board/RNG/INIT; MASTER counts and identities retained,"3x3 full BFS; 4x4 E/N/H independently certified IDA* optima; MASTER4x4 lower bound, not exact optimum","[{""exact_shortest_moves"": {""distinct"": 8, ""max"": 28, ""mean"": 23.25, ""median"": 24.0, ""min"": 14}, ""manhattan_lower_bound"": {""distinct"": 4, ""max"": 20, ""mean"": 15.8438, ""median"": 16.0, ""min"": 14}, ""mode"": 0}, {""manhattan_lower_bound"": {""distinct"": 14, ""max"": 50, ""mean"": 36.25, ""median"": 36.0, ""min"": 24}, ""mode"": 1}]","[{""certified_start_distance"": {""distinct"": 6, ""max"": 26, ""mean"": 23.4688, ""median"": 23.0, ""min"": 21}, ""exact_shortest_moves"": {""distinct"": 6, ""max"": 26, ""mean"": 23.4688, ""median"": 23.0, ""min"": 21}, ""manhattan_lower_bound"": {""distinct"": 13, ""max"": 20, ""mean"": 14.3281, ""median"": 14.0, ""min"": 6}, ""mode"": 0}, {""certified_start_distance"": {""distinct"": 6, ""max"": 26, ""mean"": 23.4688, ""median"": 23.0, ""min"": 21}, ""manhattan_lower_bound"": {""distinct"": 10, ""max"": 26, ""mean"": 20.5625, ""median"": 21.0, ""min"": 17}, ""mode"": 1}]",,RESOLVED / EXACT DISTANCE BANDS
27,SLIDING,MASTER,Original certified MASTER starts retained,mode 0: 2; mode 1: 30,mode 0: 3x3; mode 1: 4x4,3x3 exact31 (2); 4x4 lower-bound>=48 (30); unchanged IDs/content,None,"3x3 full BFS; 4x4 E/N/H independently certified IDA* optima; MASTER4x4 lower bound, not exact optimum","[{""exact_shortest_moves"": {""distinct"": 1, ""max"": 31, ""mean"": 31, ""median"": 31.0, ""min"": 31}, ""manhattan_lower_bound"": {""distinct"": 1, ""max"": 21, ""mean"": 21, ""median"": 21.0, ""min"": 21}, ""mode"": 0}, {""manhattan_lower_bound"": {""distinct"": 3, ""max"": 52, ""mean"": 49.0667, ""median"": 48.0, ""min"": 48}, ""mode"": 1}]","Zero: E8-14 / N15-20 / H21-26; M3x3=31, M4x4>=48",YES: certified disjoint shortest-distance ranges,RESOLVED / EXACT DISTANCE BANDS,Revision4 banks; revisions<=3 preserve old board/RNG/INIT; MASTER counts and identities retained,"3x3 full BFS; 4x4 E/N/H independently certified IDA* optima; MASTER4x4 lower bound, not exact optimum","[{""exact_shortest_moves"": {""distinct"": 1, ""max"": 31, ""mean"": 31, ""median"": 31.0, ""min"": 31}, ""manhattan_lower_bound"": {""distinct"": 1, ""max"": 21, ""mean"": 21, ""median"": 21.0, ""min"": 21}, ""mode"": 0}, {""manhattan_lower_bound"": {""distinct"": 3, ""max"": 52, ""mean"": 49.0667, ""median"": 48.0, ""min"": 48}, ""mode"": 1}]","[{""exact_shortest_moves"": {""distinct"": 1, ""max"": 31, ""mean"": 31, ""median"": 31.0, ""min"": 31}, ""manhattan_lower_bound"": {""distinct"": 1, ""max"": 21, ""mean"": 21, ""median"": 21.0, ""min"": 21}, ""mode"": 0}, {""manhattan_lower_bound"": {""distinct"": 3, ""max"": 52, ""mean"": 49.0667, ""median"": 48.0, ""min"": 48}, ""mode"": 1}]",,UNCHANGED / CERTIFIED MASTER RETAINED
28,LIGHTS OUT,EASY,4x4 certified minimum presses; 5x5 constructive pressing,mode 0: 0; mode 1: 0,mode 0: 4x4; mode 1: 5x5,revision 3 4x4 minimum 2; 5x5 4 generating presses,No CPU; GF(2) hint does not promise fewest presses,Independent exhaustive first-row row-chasing minimum,"[{""exact_minimum_presses"": {""distinct"": 1, ""max"": 2, ""mean"": 2, ""median"": 2.0, ""min"": 2}, ""mode"": 0}, {""exact_minimum_presses"": {""distinct"": 1, ""max"": 4, ""mean"": 4, ""median"": 4.0, ""min"": 4}, ""mode"": 1}]",4x4 new E/N/H/M 2/4/5/6 do not overlap; 5x5 H/M ranges overlap,"4x4 YES; 5x5 distribution YES, human ranking uncalibrated",FIXED,Revision 3 fixes 4x4 inverse grading; revision <=2 preserves initial boards and RNG; <=16 candidates plus verified fallback,Independent exhaustive first-row row-chasing minimum,"[{""exact_minimum_presses"": {""distinct"": 1, ""max"": 2, ""mean"": 2, ""median"": 2.0, ""min"": 2}, ""mode"": 0}, {""exact_minimum_presses"": {""distinct"": 1, ""max"": 4, ""mean"": 4, ""median"": 4.0, ""min"": 4}, ""mode"": 1}]","[{""exact_minimum_presses"": {""distinct"": 1, ""max"": 2, ""mean"": 2, ""median"": 2.0, ""min"": 2}, ""mode"": 0}, {""exact_minimum_presses"": {""distinct"": 1, ""max"": 4, ""mean"": 4, ""median"": 4.0, ""min"": 4}, ""mode"": 1}]",,UNCHANGED
28,LIGHTS OUT,NORMAL,4x4 certified minimum presses; 5x5 constructive pressing,mode 0: 0; mode 1: 0,mode 0: 4x4; mode 1: 5x5,revision 3 4x4 minimum 4; 5x5 8 generating presses,No CPU; GF(2) hint does not promise fewest presses,Independent exhaustive first-row row-chasing minimum,"[{""exact_minimum_presses"": {""distinct"": 1, ""max"": 4, ""mean"": 4, ""median"": 4.0, ""min"": 4}, ""mode"": 0}, {""exact_minimum_presses"": {""distinct"": 2, ""max"": 8, ""mean"": 7.9844, ""median"": 8.0, ""min"": 6}, ""mode"": 1}]",4x4 new E/N/H/M 2/4/5/6 do not overlap; 5x5 H/M ranges overlap,"4x4 YES; 5x5 distribution YES, human ranking uncalibrated",FIXED,Revision 3 fixes 4x4 inverse grading; revision <=2 preserves initial boards and RNG; <=16 candidates plus verified fallback,Independent exhaustive first-row row-chasing minimum,"[{""exact_minimum_presses"": {""distinct"": 1, ""max"": 4, ""mean"": 4, ""median"": 4.0, ""min"": 4}, ""mode"": 0}, {""exact_minimum_presses"": {""distinct"": 2, ""max"": 8, ""mean"": 7.9844, ""median"": 8.0, ""min"": 6}, ""mode"": 1}]","[{""exact_minimum_presses"": {""distinct"": 1, ""max"": 4, ""mean"": 4, ""median"": 4.0, ""min"": 4}, ""mode"": 0}, {""exact_minimum_presses"": {""distinct"": 2, ""max"": 8, ""mean"": 7.9844, ""median"": 8.0, ""min"": 6}, ""mode"": 1}]",,UNCHANGED
28,LIGHTS OUT,HARD,4x4 certified minimum presses; 5x5 constructive pressing,mode 0: 0; mode 1: 0,mode 0: 4x4; mode 1: 5x5,revision 3 4x4 minimum 5; 5x5 18 generating presses,No CPU; GF(2) hint does not promise fewest presses,Independent exhaustive first-row row-chasing minimum,"[{""exact_minimum_presses"": {""distinct"": 1, ""max"": 5, ""mean"": 5, ""median"": 5.0, ""min"": 5}, ""mode"": 0}, {""exact_minimum_presses"": {""distinct"": 5, ""max"": 14, ""mean"": 10.0781, ""median"": 10.0, ""min"": 6}, ""mode"": 1}]",4x4 new E/N/H/M 2/4/5/6 do not overlap; 5x5 H/M ranges overlap,"4x4 YES; 5x5 distribution YES, human ranking uncalibrated",FIXED,Revision 3 fixes 4x4 inverse grading; revision <=2 preserves initial boards and RNG; <=16 candidates plus verified fallback,Independent exhaustive first-row row-chasing minimum,"[{""exact_minimum_presses"": {""distinct"": 1, ""max"": 5, ""mean"": 5, ""median"": 5.0, ""min"": 5}, ""mode"": 0}, {""exact_minimum_presses"": {""distinct"": 5, ""max"": 14, ""mean"": 10.0781, ""median"": 10.0, ""min"": 6}, ""mode"": 1}]","[{""exact_minimum_presses"": {""distinct"": 1, ""max"": 5, ""mean"": 5, ""median"": 5.0, ""min"": 5}, ""mode"": 0}, {""exact_minimum_presses"": {""distinct"": 5, ""max"": 14, ""mean"": 10.0781, ""median"": 10.0, ""min"": 6}, ""mode"": 1}]",,UNCHANGED
28,LIGHTS OUT,MASTER,Certified minimum-press banks,mode 0: 30; mode 1: 30,mode 0: 4x4; mode 1: 5x5,4x4 exact 6; 5x5 exact 12..14,No CPU; GF(2) hint does not promise fewest presses,Independent exhaustive first-row row-chasing minimum,"[{""exact_minimum_presses"": {""distinct"": 1, ""max"": 6, ""mean"": 6, ""median"": 6.0, ""min"": 6}, ""mode"": 0}, {""exact_minimum_presses"": {""distinct"": 3, ""max"": 14, ""mean"": 12.2667, ""median"": 12.0, ""min"": 12}, ""mode"": 1}]",4x4 new E/N/H/M 2/4/5/6 do not overlap; 5x5 H/M ranges overlap,"4x4 YES; 5x5 distribution YES, human ranking uncalibrated",PASS,Revision 3 fixes 4x4 inverse grading; revision <=2 preserves initial boards and RNG; <=16 candidates plus verified fallback,Independent exhaustive first-row row-chasing minimum,"[{""exact_minimum_presses"": {""distinct"": 1, ""max"": 6, ""mean"": 6, ""median"": 6.0, ""min"": 6}, ""mode"": 0}, {""exact_minimum_presses"": {""distinct"": 3, ""max"": 14, ""mean"": 12.2667, ""median"": 12.0, ""min"": 12}, ""mode"": 1}]","[{""exact_minimum_presses"": {""distinct"": 1, ""max"": 6, ""mean"": 6, ""median"": 6.0, ""min"": 6}, ""mode"": 0}, {""exact_minimum_presses"": {""distinct"": 3, ""max"": 14, ""mean"": 12.2667, ""median"": 12.0, ""min"": 12}, ""mode"": 1}]",,UNCHANGED
31,SHIKAKU,EASY,BOARD_SIZE,30,5x5,original host bank,none,independent public-clue reference solver nodes,clues=6..9 mean=7.17; reference_nodes=8..17,exact=0;D4=0 across levels,True,none,none,independent public-clue reference solver nodes,clues=6..9 mean=7.17; reference_nodes=8..17,clues=6..9 mean=7.17; reference_nodes=8..17,,UNCHANGED
31,SHIKAKU,NORMAL,BOARD_SIZE,30,6x6,original host bank,none,independent public-clue reference solver nodes,clues=8..13 mean=10.30; reference_nodes=9..54,exact=0;D4=0 across levels,True,none,none,independent public-clue reference solver nodes,clues=8..13 mean=10.30; reference_nodes=9..54,clues=8..13 mean=10.30; reference_nodes=9..54,,UNCHANGED
31,SHIKAKU,HARD,BANK_DIFFERENCE,30,8x8,original host bank,none,independent public-clue reference solver nodes,clues=12..19 mean=14.57; reference_nodes=15..76,exact=0;D4=0 across levels,True,none,none,independent public-clue reference solver nodes,clues=12..19 mean=14.57; reference_nodes=15..76,clues=12..19 mean=14.57; reference_nodes=15..76,,UNCHANGED
31,SHIKAKU,MASTER,COMPOSITE,30,8x8,original host bank; MASTER structural filter,none,independent public-clue reference solver nodes,clues=10..15 mean=13.10; reference_nodes=21..125,exact=0;D4=0 across levels,True,"MASTER shares 8x8 with HARD; structural search filters, not every-human-order proof",none,independent public-clue reference solver nodes,clues=10..15 mean=13.10; reference_nodes=21..125,clues=10..15 mean=13.10; reference_nodes=21..125,,UNCHANGED
32,SLITHERLINK,EASY,BOARD_SIZE,30,5x5,original host bank,none,independent public-clue reference solver nodes,clues=18..18 mean=18.00; reference_nodes=1..5,exact=0;D4=0 across levels,True,none,none,independent public-clue reference solver nodes,clues=18..18 mean=18.00; reference_nodes=1..5,clues=18..18 mean=18.00; reference_nodes=1..5,,UNCHANGED
32,SLITHERLINK,NORMAL,BOARD_SIZE,30,6x6,original host bank,none,independent public-clue reference solver nodes,clues=23..23 mean=23.00; reference_nodes=1..7,exact=0;D4=0 across levels,True,none,none,independent public-clue reference solver nodes,clues=23..23 mean=23.00; reference_nodes=1..7,clues=23..23 mean=23.00; reference_nodes=1..7,,UNCHANGED
32,SLITHERLINK,HARD,BANK_DIFFERENCE,30,8x8,original host bank,none,independent public-clue reference solver nodes,clues=34..34 mean=34.00; reference_nodes=1..199,exact=0;D4=0 across levels,True,none,none,independent public-clue reference solver nodes,clues=34..34 mean=34.00; reference_nodes=1..199,clues=34..34 mean=34.00; reference_nodes=1..199,,UNCHANGED
32,SLITHERLINK,MASTER,COMPOSITE,30,8x8,original host bank; MASTER structural filter,none,independent public-clue reference solver nodes,clues=25..26 mean=25.03; reference_nodes=5..1317,exact=0;D4=0 across levels,True,"MASTER shares 8x8 with HARD; structural search filters, not every-human-order proof",none,independent public-clue reference solver nodes,clues=25..26 mean=25.03; reference_nodes=5..1317,clues=25..26 mean=25.03; reference_nodes=5..1317,,UNCHANGED
33,BLACK BOX,EASY,5×5; 3 atoms; 20 ports,0,5x5,"{""atom_layout_domain"":2300,""atoms"":3,""board_side"":5,""ports"":20,""ray_checks"":5120,""unique_hidden_layout_guarantee"":false,""unique_sample_D4_layouts"":171,""unique_sample_full_ray_vectors"":244}",N/A; no AI opponent,Structural metric; human rating NOT MEASURED,"{""after"":{""atom_layout_domain"":2300,""atoms"":3,""board_side"":5,""ports"":20,""ray_checks"":5120,""unique_hidden_layout_guarantee"":false,""unique_sample_D4_layouts"":171,""unique_sample_full_ray_vectors"":244},""before"":{""atom_layout_domain"":2300,""atoms"":3,""board_side"":5,""ports"":20,""ray_checks"":5120,""unique_hidden_layout_guarantee"":false,""unique_sample_D4_layouts"":171,""unique_sample_full_ray_vectors"":244}}","{""counts"":{""HARD"":0,""MASTER"":0,""NORMAL"":0},""scope"":""bounded runtime sample only, not full generator domain""}",Objective structural grading verified;not a universal human ranking,Human difficulty uncalibrated; measured structural parameters only.,No demonstrated selector no-op; generation and legacy banks preserved,Structural metric; human rating NOT MEASURED,"{""bank_per_mode"":0,""metrics"":{""atom_layout_domain"":2300,""atoms"":3,""board_side"":5,""ports"":20,""ray_checks"":5120,""unique_hidden_layout_guarantee"":false,""unique_sample_D4_layouts"":171,""unique_sample_full_ray_vectors"":244},""modes"":1,""unique"":244,""unique_bank"":null,""validated_initializations"":256}","{""after"":{""atom_layout_domain"":2300,""atoms"":3,""board_side"":5,""ports"":20,""ray_checks"":5120,""unique_hidden_layout_guarantee"":false,""unique_sample_D4_layouts"":171,""unique_sample_full_ray_vectors"":244},""before"":{""atom_layout_domain"":2300,""atoms"":3,""board_side"":5,""ports"":20,""ray_checks"":5120,""unique_hidden_layout_guarantee"":false,""unique_sample_D4_layouts"":171,""unique_sample_full_ray_vectors"":244}}",,UNCHANGED
33,BLACK BOX,NORMAL,6×6; 4 atoms; 24 ports,0,6x6,"{""atom_layout_domain"":58905,""atoms"":4,""board_side"":6,""ports"":24,""ray_checks"":6144,""unique_hidden_layout_guarantee"":false,""unique_sample_D4_layouts"":250,""unique_sample_full_ray_vectors"":256}",N/A; no AI opponent,Structural metric; human rating NOT MEASURED,"{""after"":{""atom_layout_domain"":58905,""atoms"":4,""board_side"":6,""ports"":24,""ray_checks"":6144,""unique_hidden_layout_guarantee"":false,""unique_sample_D4_layouts"":250,""unique_sample_full_ray_vectors"":256},""before"":{""atom_layout_domain"":58905,""atoms"":4,""board_side"":6,""ports"":24,""ray_checks"":6144,""unique_hidden_layout_guarantee"":false,""unique_sample_D4_layouts"":250,""unique_sample_full_ray_vectors"":256}}","{""counts"":{""EASY"":0,""HARD"":0,""MASTER"":0},""scope"":""bounded runtime sample only, not full generator domain""}",Objective structural grading verified;not a universal human ranking,Human difficulty uncalibrated; measured structural parameters only.,No demonstrated selector no-op; generation and legacy banks preserved,Structural metric; human rating NOT MEASURED,"{""bank_per_mode"":0,""metrics"":{""atom_layout_domain"":58905,""atoms"":4,""board_side"":6,""ports"":24,""ray_checks"":6144,""unique_hidden_layout_guarantee"":false,""unique_sample_D4_layouts"":250,""unique_sample_full_ray_vectors"":256},""modes"":1,""unique"":256,""unique_bank"":null,""validated_initializations"":256}","{""after"":{""atom_layout_domain"":58905,""atoms"":4,""board_side"":6,""ports"":24,""ray_checks"":6144,""unique_hidden_layout_guarantee"":false,""unique_sample_D4_layouts"":250,""unique_sample_full_ray_vectors"":256},""before"":{""atom_layout_domain"":58905,""atoms"":4,""board_side"":6,""ports"":24,""ray_checks"":6144,""unique_hidden_layout_guarantee"":false,""unique_sample_D4_layouts"":250,""unique_sample_full_ray_vectors"":256}}",,UNCHANGED
33,BLACK BOX,HARD,7×7; 5 atoms; 28 ports,0,7x7,"{""atom_layout_domain"":1906884,""atoms"":5,""board_side"":7,""ports"":28,""ray_checks"":7168,""unique_hidden_layout_guarantee"":false,""unique_sample_D4_layouts"":256,""unique_sample_full_ray_vectors"":256}",N/A; no AI opponent,Structural metric; human rating NOT MEASURED,"{""after"":{""atom_layout_domain"":1906884,""atoms"":5,""board_side"":7,""ports"":28,""ray_checks"":7168,""unique_hidden_layout_guarantee"":false,""unique_sample_D4_layouts"":256,""unique_sample_full_ray_vectors"":256},""before"":{""atom_layout_domain"":1906884,""atoms"":5,""board_side"":7,""ports"":28,""ray_checks"":7168,""unique_hidden_layout_guarantee"":false,""unique_sample_D4_layouts"":256,""unique_sample_full_ray_vectors"":256}}","{""counts"":{""EASY"":0,""MASTER"":0,""NORMAL"":0},""scope"":""bounded runtime sample only, not full generator domain""}",Objective structural grading verified;not a universal human ranking,Human difficulty uncalibrated; measured structural parameters only.,No demonstrated selector no-op; generation and legacy banks preserved,Structural metric; human rating NOT MEASURED,"{""bank_per_mode"":0,""metrics"":{""atom_layout_domain"":1906884,""atoms"":5,""board_side"":7,""ports"":28,""ray_checks"":7168,""unique_hidden_layout_guarantee"":false,""unique_sample_D4_layouts"":256,""unique_sample_full_ray_vectors"":256},""modes"":1,""unique"":256,""unique_bank"":null,""validated_initializations"":256}","{""after"":{""atom_layout_domain"":1906884,""atoms"":5,""board_side"":7,""ports"":28,""ray_checks"":7168,""unique_hidden_layout_guarantee"":false,""unique_sample_D4_layouts"":256,""unique_sample_full_ray_vectors"":256},""before"":{""atom_layout_domain"":1906884,""atoms"":5,""board_side"":7,""ports"":28,""ray_checks"":7168,""unique_hidden_layout_guarantee"":false,""unique_sample_D4_layouts"":256,""unique_sample_full_ray_vectors"":256}}",,UNCHANGED
33,BLACK BOX,MASTER,8×8; 6 atoms; 32 ports,0,8x8,"{""atom_layout_domain"":74974368,""atoms"":6,""board_side"":8,""ports"":32,""ray_checks"":8192,""unique_hidden_layout_guarantee"":false,""unique_sample_D4_layouts"":256,""unique_sample_full_ray_vectors"":256}",N/A; no AI opponent,Structural metric; human rating NOT MEASURED,"{""after"":{""atom_layout_domain"":74974368,""atoms"":6,""board_side"":8,""ports"":32,""ray_checks"":8192,""unique_hidden_layout_guarantee"":false,""unique_sample_D4_layouts"":256,""unique_sample_full_ray_vectors"":256},""before"":{""atom_layout_domain"":74974368,""atoms"":6,""board_side"":8,""ports"":32,""ray_checks"":8192,""unique_hidden_layout_guarantee"":false,""unique_sample_D4_layouts"":256,""unique_sample_full_ray_vectors"":256}}","{""counts"":{""EASY"":0,""HARD"":0,""NORMAL"":0},""scope"":""bounded runtime sample only, not full generator domain""}",Objective structural grading verified;not a universal human ranking,Human difficulty uncalibrated; measured structural parameters only.,No demonstrated selector no-op; generation and legacy banks preserved,Structural metric; human rating NOT MEASURED,"{""bank_per_mode"":0,""metrics"":{""atom_layout_domain"":74974368,""atoms"":6,""board_side"":8,""ports"":32,""ray_checks"":8192,""unique_hidden_layout_guarantee"":false,""unique_sample_D4_layouts"":256,""unique_sample_full_ray_vectors"":256},""modes"":1,""unique"":256,""unique_bank"":null,""validated_initializations"":256}","{""after"":{""atom_layout_domain"":74974368,""atoms"":6,""board_side"":8,""ports"":32,""ray_checks"":8192,""unique_hidden_layout_guarantee"":false,""unique_sample_D4_layouts"":256,""unique_sample_full_ray_vectors"":256},""before"":{""atom_layout_domain"":74974368,""atoms"":6,""board_side"":8,""ports"":32,""ray_checks"":8192,""unique_hidden_layout_guarantee"":false,""unique_sample_D4_layouts"":256,""unique_sample_full_ray_vectors"":256}}",,UNCHANGED
34,CRYPTARITHM,EASY,two 2-digit addends; 3..5 letters,30,N/A; see generator_params,"{""addend_length"":2,""carry_columns"":{""max"":2,""median"":2.0,""min"":1},""column_solver_nodes"":{""max"":119,""median"":71.5,""min"":4},""letters"":{""max"":4,""median"":3.0,""min"":3},""solution_count_declared_and_independently_verified"":1}",N/A; no AI opponent,Structural metric; human rating NOT MEASURED,"{""after"":{""addend_length"":2,""carry_columns"":{""max"":2,""median"":2.0,""min"":1},""column_solver_nodes"":{""max"":119,""median"":71.5,""min"":4},""letters"":{""max"":4,""median"":3.0,""min"":3},""solution_count_declared_and_independently_verified"":1},""before"":{""addend_length"":2,""carry_columns"":{""max"":2,""median"":2.0,""min"":1},""column_solver_nodes"":{""max"":119,""median"":71.5,""min"":4},""letters"":{""max"":4,""median"":3.0,""min"":3},""solution_count_declared_and_independently_verified"":1}}","{""counts"":{""HARD"":0,""MASTER"":0,""NORMAL"":0},""scope"":""complete current bank""}",Objective structural grading verified;not a universal human ranking,GC-D06 ACCEPTED / OVERLAP DOCUMENTED,"Unique-solution bank unchanged;increasing medians,overlapping ranges accepted",unique solution;letters;carry columns;column-search nodes,"{""addend_length"":2,""carry_columns"":{""max"":2,""median"":2.0,""min"":1},""column_solver_nodes"":{""max"":119,""median"":71.5,""min"":4},""letters"":{""max"":4,""median"":3.0,""min"":3},""solution_count_declared_and_independently_verified"":1}","{""addend_length"":2,""carry_columns"":{""max"":2,""median"":2.0,""min"":1},""column_solver_nodes"":{""max"":119,""median"":71.5,""min"":4},""letters"":{""max"":4,""median"":3.0,""min"":3},""solution_count_declared_and_independently_verified"":1}",GC-D06,ACCEPTED / OVERLAP DOCUMENTED
34,CRYPTARITHM,NORMAL,two 3-digit addends; 5..7 letters,30,N/A; see generator_params,"{""addend_length"":3,""carry_columns"":{""max"":3,""median"":2.0,""min"":1},""column_solver_nodes"":{""max"":385,""median"":125.0,""min"":19},""letters"":{""max"":6,""median"":5.0,""min"":5},""solution_count_declared_and_independently_verified"":1}",N/A; no AI opponent,Structural metric; human rating NOT MEASURED,"{""after"":{""addend_length"":3,""carry_columns"":{""max"":3,""median"":2.0,""min"":1},""column_solver_nodes"":{""max"":385,""median"":125.0,""min"":19},""letters"":{""max"":6,""median"":5.0,""min"":5},""solution_count_declared_and_independently_verified"":1},""before"":{""addend_length"":3,""carry_columns"":{""max"":3,""median"":2.0,""min"":1},""column_solver_nodes"":{""max"":385,""median"":125.0,""min"":19},""letters"":{""max"":6,""median"":5.0,""min"":5},""solution_count_declared_and_independently_verified"":1}}","{""counts"":{""EASY"":0,""HARD"":0,""MASTER"":0},""scope"":""complete current bank""}",Objective structural grading verified;not a universal human ranking,GC-D06 ACCEPTED / OVERLAP DOCUMENTED,"Unique-solution bank unchanged;increasing medians,overlapping ranges accepted",unique solution;letters;carry columns;column-search nodes,"{""addend_length"":3,""carry_columns"":{""max"":3,""median"":2.0,""min"":1},""column_solver_nodes"":{""max"":385,""median"":125.0,""min"":19},""letters"":{""max"":6,""median"":5.0,""min"":5},""solution_count_declared_and_independently_verified"":1}","{""addend_length"":3,""carry_columns"":{""max"":3,""median"":2.0,""min"":1},""column_solver_nodes"":{""max"":385,""median"":125.0,""min"":19},""letters"":{""max"":6,""median"":5.0,""min"":5},""solution_count_declared_and_independently_verified"":1}",GC-D06,ACCEPTED / OVERLAP DOCUMENTED
34,CRYPTARITHM,HARD,two 4-digit addends; 7..9 letters,30,N/A; see generator_params,"{""addend_length"":4,""carry_columns"":{""max"":4,""median"":3.0,""min"":1},""column_solver_nodes"":{""max"":2055,""median"":535.5,""min"":120},""letters"":{""max"":7,""median"":7.0,""min"":7},""solution_count_declared_and_independently_verified"":1}",N/A; no AI opponent,Structural metric; human rating NOT MEASURED,"{""after"":{""addend_length"":4,""carry_columns"":{""max"":4,""median"":3.0,""min"":1},""column_solver_nodes"":{""max"":2055,""median"":535.5,""min"":120},""letters"":{""max"":7,""median"":7.0,""min"":7},""solution_count_declared_and_independently_verified"":1},""before"":{""addend_length"":4,""carry_columns"":{""max"":4,""median"":3.0,""min"":1},""column_solver_nodes"":{""max"":2055,""median"":535.5,""min"":120},""letters"":{""max"":7,""median"":7.0,""min"":7},""solution_count_declared_and_independently_verified"":1}}","{""counts"":{""EASY"":0,""MASTER"":0,""NORMAL"":0},""scope"":""complete current bank""}",Objective structural grading verified;not a universal human ranking,GC-D06 ACCEPTED / OVERLAP DOCUMENTED,"Unique-solution bank unchanged;increasing medians,overlapping ranges accepted",unique solution;letters;carry columns;column-search nodes,"{""addend_length"":4,""carry_columns"":{""max"":4,""median"":3.0,""min"":1},""column_solver_nodes"":{""max"":2055,""median"":535.5,""min"":120},""letters"":{""max"":7,""median"":7.0,""min"":7},""solution_count_declared_and_independently_verified"":1}","{""addend_length"":4,""carry_columns"":{""max"":4,""median"":3.0,""min"":1},""column_solver_nodes"":{""max"":2055,""median"":535.5,""min"":120},""letters"":{""max"":7,""median"":7.0,""min"":7},""solution_count_declared_and_independently_verified"":1}",GC-D06,ACCEPTED / OVERLAP DOCUMENTED
34,CRYPTARITHM,MASTER,two 5-digit addends; 8..10 letters,30,N/A; see generator_params,"{""addend_length"":5,""carry_columns"":{""max"":5,""median"":3.0,""min"":1},""column_solver_nodes"":{""max"":3190,""median"":639.5,""min"":142},""letters"":{""max"":10,""median"":8.0,""min"":8},""solution_count_declared_and_independently_verified"":1}",N/A; no AI opponent,Structural metric; human rating NOT MEASURED,"{""after"":{""addend_length"":5,""carry_columns"":{""max"":5,""median"":3.0,""min"":1},""column_solver_nodes"":{""max"":3190,""median"":639.5,""min"":142},""letters"":{""max"":10,""median"":8.0,""min"":8},""solution_count_declared_and_independently_verified"":1},""before"":{""addend_length"":5,""carry_columns"":{""max"":5,""median"":3.0,""min"":1},""column_solver_nodes"":{""max"":3190,""median"":639.5,""min"":142},""letters"":{""max"":10,""median"":8.0,""min"":8},""solution_count_declared_and_independently_verified"":1}}","{""counts"":{""EASY"":0,""HARD"":0,""NORMAL"":0},""scope"":""complete current bank""}",Objective structural grading verified;not a universal human ranking,GC-D06 ACCEPTED / OVERLAP DOCUMENTED,"Unique-solution bank unchanged;increasing medians,overlapping ranges accepted",unique solution;letters;carry columns;column-search nodes,"{""addend_length"":5,""carry_columns"":{""max"":5,""median"":3.0,""min"":1},""column_solver_nodes"":{""max"":3190,""median"":639.5,""min"":142},""letters"":{""max"":10,""median"":8.0,""min"":8},""solution_count_declared_and_independently_verified"":1}","{""addend_length"":5,""carry_columns"":{""max"":5,""median"":3.0,""min"":1},""column_solver_nodes"":{""max"":3190,""median"":639.5,""min"":142},""letters"":{""max"":10,""median"":8.0,""min"":8},""solution_count_declared_and_independently_verified"":1}",GC-D06,ACCEPTED / OVERLAP DOCUMENTED
35,HASHI,EASY,"Nearest-island degree graph, no crossings, connectivity; geometry/inference bands",30,"{'min': 5, 'median': 5.0, 'max': 5}","{'islands': {'min': 6, 'median': 6.0, 'max': 6}, 'candidate_edges': {'min': 6, 'median': 6.0, 'max': 7}, 'largest_degree': {'min': 3, 'median': 4.5, 'max': 7}}",N/A,public-clue propagation and bounded search; algorithm-specific counts,"{'order': {'min': 5, 'median': 5.0, 'max': 5}, 'cells': {'min': 25, 'median': 25.0, 'max': 25}, 'islands': {'min': 6, 'median': 6.0, 'max': 6}, 'candidate_edges': {'min': 6, 'median': 6.0, 'max': 7}, 'largest_degree': {'min': 3, 'median': 4.5, 'max': 7}, 'search_nodes': {'min': 1, 'median': 1.0, 'max': 1}, 'connectivity_deductions': {'min': 0, 'median': 0.0, 'max': 4}, 'basic_unresolved': {'min': 0, 'median': 0.0, 'max': 0}, 'advanced_unresolved': {'min': 0, 'median': 0.0, 'max': 0}}","{'with_other_levels': [{'difficulty': 'NORMAL', 'exact': 0, 'canonical': 0}, {'difficulty': 'HARD', 'exact': 0, 'canonical': 0}, {'difficulty': 'MASTER', 'exact': 0, 'canonical': 0}, {'difficulty': 'HELL', 'exact': 0, 'canonical': 0}], 'search_range_overlaps_previous': None}",YES: structural/inference band; provisional human ranking,Structural/inference parameters differ; human difficulty remains provisional.,None; evidence/caveats documented,public-clue propagation and bounded search; algorithm-specific counts,"{'order': {'min': 5, 'median': 5.0, 'max': 5}, 'cells': {'min': 25, 'median': 25.0, 'max': 25}, 'islands': {'min': 6, 'median': 6.0, 'max': 6}, 'candidate_edges': {'min': 6, 'median': 6.0, 'max': 7}, 'largest_degree': {'min': 3, 'median': 4.5, 'max': 7}, 'search_nodes': {'min': 1, 'median': 1.0, 'max': 1}, 'connectivity_deductions': {'min': 0, 'median': 0.0, 'max': 4}, 'basic_unresolved': {'min': 0, 'median': 0.0, 'max': 0}, 'advanced_unresolved': {'min': 0, 'median': 0.0, 'max': 0}}","{'order': {'min': 5, 'median': 5.0, 'max': 5}, 'cells': {'min': 25, 'median': 25.0, 'max': 25}, 'islands': {'min': 6, 'median': 6.0, 'max': 6}, 'candidate_edges': {'min': 6, 'median': 6.0, 'max': 7}, 'largest_degree': {'min': 3, 'median': 4.5, 'max': 7}, 'search_nodes': {'min': 1, 'median': 1.0, 'max': 1}, 'connectivity_deductions': {'min': 0, 'median': 0.0, 'max': 4}, 'basic_unresolved': {'min': 0, 'median': 0.0, 'max': 0}, 'advanced_unresolved': {'min': 0, 'median': 0.0, 'max': 0}}",,UNCHANGED
35,HASHI,NORMAL,"Nearest-island degree graph, no crossings, connectivity; geometry/inference bands",30,"{'min': 7, 'median': 7.0, 'max': 7}","{'islands': {'min': 9, 'median': 9.0, 'max': 9}, 'candidate_edges': {'min': 10, 'median': 10.0, 'max': 11}, 'largest_degree': {'min': 4, 'median': 5.0, 'max': 7}}",N/A,public-clue propagation and bounded search; algorithm-specific counts,"{'order': {'min': 7, 'median': 7.0, 'max': 7}, 'cells': {'min': 49, 'median': 49.0, 'max': 49}, 'islands': {'min': 9, 'median': 9.0, 'max': 9}, 'candidate_edges': {'min': 10, 'median': 10.0, 'max': 11}, 'largest_degree': {'min': 4, 'median': 5.0, 'max': 7}, 'search_nodes': {'min': 1, 'median': 1.0, 'max': 3}, 'connectivity_deductions': {'min': 0, 'median': 0.0, 'max': 4}, 'basic_unresolved': {'min': 0, 'median': 0.0, 'max': 6}, 'advanced_unresolved': {'min': 0, 'median': 0.0, 'max': 6}}","{'with_other_levels': [{'difficulty': 'EASY', 'exact': 0, 'canonical': 0}, {'difficulty': 'HARD', 'exact': 0, 'canonical': 0}, {'difficulty': 'MASTER', 'exact': 0, 'canonical': 0}, {'difficulty': 'HELL', 'exact': 0, 'canonical': 0}], 'search_range_overlaps_previous': True}",YES: structural/inference band; provisional human ranking,Structural/inference parameters differ; human difficulty remains provisional. Search-node ranges overlap the previous level; no per-puzzle strict ranking claimed.,None; evidence/caveats documented,public-clue propagation and bounded search; algorithm-specific counts,"{'order': {'min': 7, 'median': 7.0, 'max': 7}, 'cells': {'min': 49, 'median': 49.0, 'max': 49}, 'islands': {'min': 9, 'median': 9.0, 'max': 9}, 'candidate_edges': {'min': 10, 'median': 10.0, 'max': 11}, 'largest_degree': {'min': 4, 'median': 5.0, 'max': 7}, 'search_nodes': {'min': 1, 'median': 1.0, 'max': 3}, 'connectivity_deductions': {'min': 0, 'median': 0.0, 'max': 4}, 'basic_unresolved': {'min': 0, 'median': 0.0, 'max': 6}, 'advanced_unresolved': {'min': 0, 'median': 0.0, 'max': 6}}","{'order': {'min': 7, 'median': 7.0, 'max': 7}, 'cells': {'min': 49, 'median': 49.0, 'max': 49}, 'islands': {'min': 9, 'median': 9.0, 'max': 9}, 'candidate_edges': {'min': 10, 'median': 10.0, 'max': 11}, 'largest_degree': {'min': 4, 'median': 5.0, 'max': 7}, 'search_nodes': {'min': 1, 'median': 1.0, 'max': 3}, 'connectivity_deductions': {'min': 0, 'median': 0.0, 'max': 4}, 'basic_unresolved': {'min': 0, 'median': 0.0, 'max': 6}, 'advanced_unresolved': {'min': 0, 'median': 0.0, 'max': 6}}",,UNCHANGED
35,HASHI,HARD,"Nearest-island degree graph, no crossings, connectivity; geometry/inference bands",30,"{'min': 7, 'median': 7.0, 'max': 7}","{'islands': {'min': 12, 'median': 12.0, 'max': 12}, 'candidate_edges': {'min': 16, 'median': 16.0, 'max': 16}, 'largest_degree': {'min': 4, 'median': 5.0, 'max': 8}}",N/A,public-clue propagation and bounded search; algorithm-specific counts,"{'order': {'min': 7, 'median': 7.0, 'max': 7}, 'cells': {'min': 49, 'median': 49.0, 'max': 49}, 'islands': {'min': 12, 'median': 12.0, 'max': 12}, 'candidate_edges': {'min': 16, 'median': 16.0, 'max': 16}, 'largest_degree': {'min': 4, 'median': 5.0, 'max': 8}, 'search_nodes': {'min': 3, 'median': 3.0, 'max': 12}, 'connectivity_deductions': {'min': 0, 'median': 0.0, 'max': 6}, 'basic_unresolved': {'min': 4, 'median': 8.0, 'max': 16}, 'advanced_unresolved': {'min': 4, 'median': 8.0, 'max': 16}}","{'with_other_levels': [{'difficulty': 'EASY', 'exact': 0, 'canonical': 0}, {'difficulty': 'NORMAL', 'exact': 0, 'canonical': 0}, {'difficulty': 'MASTER', 'exact': 0, 'canonical': 0}, {'difficulty': 'HELL', 'exact': 0, 'canonical': 0}], 'search_range_overlaps_previous': True}",YES: structural/inference band; provisional human ranking,Structural/inference parameters differ; human difficulty remains provisional. Search-node ranges overlap the previous level; no per-puzzle strict ranking claimed.,None; evidence/caveats documented,public-clue propagation and bounded search; algorithm-specific counts,"{'order': {'min': 7, 'median': 7.0, 'max': 7}, 'cells': {'min': 49, 'median': 49.0, 'max': 49}, 'islands': {'min': 12, 'median': 12.0, 'max': 12}, 'candidate_edges': {'min': 16, 'median': 16.0, 'max': 16}, 'largest_degree': {'min': 4, 'median': 5.0, 'max': 8}, 'search_nodes': {'min': 3, 'median': 3.0, 'max': 12}, 'connectivity_deductions': {'min': 0, 'median': 0.0, 'max': 6}, 'basic_unresolved': {'min': 4, 'median': 8.0, 'max': 16}, 'advanced_unresolved': {'min': 4, 'median': 8.0, 'max': 16}}","{'order': {'min': 7, 'median': 7.0, 'max': 7}, 'cells': {'min': 49, 'median': 49.0, 'max': 49}, 'islands': {'min': 12, 'median': 12.0, 'max': 12}, 'candidate_edges': {'min': 16, 'median': 16.0, 'max': 16}, 'largest_degree': {'min': 4, 'median': 5.0, 'max': 8}, 'search_nodes': {'min': 3, 'median': 3.0, 'max': 12}, 'connectivity_deductions': {'min': 0, 'median': 0.0, 'max': 6}, 'basic_unresolved': {'min': 4, 'median': 8.0, 'max': 16}, 'advanced_unresolved': {'min': 4, 'median': 8.0, 'max': 16}}",,UNCHANGED
35,HASHI,MASTER,"Nearest-island degree graph, no crossings, connectivity; geometry/inference bands",30,"{'min': 9, 'median': 9.0, 'max': 9}","{'islands': {'min': 16, 'median': 16.0, 'max': 16}, 'candidate_edges': {'min': 22, 'median': 22.0, 'max': 22}, 'largest_degree': {'min': 4, 'median': 6.0, 'max': 8}}",N/A,public-clue propagation and bounded search; algorithm-specific counts,"{'order': {'min': 9, 'median': 9.0, 'max': 9}, 'cells': {'min': 81, 'median': 81.0, 'max': 81}, 'islands': {'min': 16, 'median': 16.0, 'max': 16}, 'candidate_edges': {'min': 22, 'median': 22.0, 'max': 22}, 'largest_degree': {'min': 4, 'median': 6.0, 'max': 8}, 'search_nodes': {'min': 3, 'median': 5.0, 'max': 23}, 'connectivity_deductions': {'min': 1, 'median': 2.0, 'max': 8}, 'basic_unresolved': {'min': 4, 'median': 12.0, 'max': 22}, 'advanced_unresolved': {'min': 4, 'median': 12.0, 'max': 22}}","{'with_other_levels': [{'difficulty': 'EASY', 'exact': 0, 'canonical': 0}, {'difficulty': 'NORMAL', 'exact': 0, 'canonical': 0}, {'difficulty': 'HARD', 'exact': 0, 'canonical': 0}, {'difficulty': 'HELL', 'exact': 0, 'canonical': 0}], 'search_range_overlaps_previous': True}",YES: structural/inference band; provisional human ranking,Structural/inference parameters differ; human difficulty remains provisional. Search-node ranges overlap the previous level; no per-puzzle strict ranking claimed.,None; evidence/caveats documented,public-clue propagation and bounded search; algorithm-specific counts,"{'order': {'min': 9, 'median': 9.0, 'max': 9}, 'cells': {'min': 81, 'median': 81.0, 'max': 81}, 'islands': {'min': 16, 'median': 16.0, 'max': 16}, 'candidate_edges': {'min': 22, 'median': 22.0, 'max': 22}, 'largest_degree': {'min': 4, 'median': 6.0, 'max': 8}, 'search_nodes': {'min': 3, 'median': 5.0, 'max': 23}, 'connectivity_deductions': {'min': 1, 'median': 2.0, 'max': 8}, 'basic_unresolved': {'min': 4, 'median': 12.0, 'max': 22}, 'advanced_unresolved': {'min': 4, 'median': 12.0, 'max': 22}}","{'order': {'min': 9, 'median': 9.0, 'max': 9}, 'cells': {'min': 81, 'median': 81.0, 'max': 81}, 'islands': {'min': 16, 'median': 16.0, 'max': 16}, 'candidate_edges': {'min': 22, 'median': 22.0, 'max': 22}, 'largest_degree': {'min': 4, 'median': 6.0, 'max': 8}, 'search_nodes': {'min': 3, 'median': 5.0, 'max': 23}, 'connectivity_deductions': {'min': 1, 'median': 2.0, 'max': 8}, 'basic_unresolved': {'min': 4, 'median': 12.0, 'max': 22}, 'advanced_unresolved': {'min': 4, 'median': 12.0, 'max': 22}}",,UNCHANGED
35,HASHI,HELL,"Nearest-island degree graph, no crossings, connectivity; geometry/inference bands",30,"{'min': 9, 'median': 9.0, 'max': 9}","{'islands': {'min': 21, 'median': 21.0, 'max': 21}, 'candidate_edges': {'min': 32, 'median': 32.0, 'max': 32}, 'largest_degree': {'min': 4, 'median': 6.0, 'max': 8}}",N/A,public-clue propagation and bounded search; algorithm-specific counts,"{'order': {'min': 9, 'median': 9.0, 'max': 9}, 'cells': {'min': 81, 'median': 81.0, 'max': 81}, 'islands': {'min': 21, 'median': 21.0, 'max': 21}, 'candidate_edges': {'min': 32, 'median': 32.0, 'max': 32}, 'largest_degree': {'min': 4, 'median': 6.0, 'max': 8}, 'search_nodes': {'min': 7, 'median': 9.0, 'max': 31}, 'connectivity_deductions': {'min': 0, 'median': 1.5, 'max': 14}, 'basic_unresolved': {'min': 10, 'median': 19.5, 'max': 30}, 'advanced_unresolved': {'min': 10, 'median': 19.5, 'max': 30}}","{'with_other_levels': [{'difficulty': 'EASY', 'exact': 0, 'canonical': 0}, {'difficulty': 'NORMAL', 'exact': 0, 'canonical': 0}, {'difficulty': 'HARD', 'exact': 0, 'canonical': 0}, {'difficulty': 'MASTER', 'exact': 0, 'canonical': 0}], 'search_range_overlaps_previous': True}",YES: structural/inference band; provisional human ranking,Structural/inference parameters differ; human difficulty remains provisional. Search-node ranges overlap the previous level; no per-puzzle strict ranking claimed.,None; evidence/caveats documented,public-clue propagation and bounded search; algorithm-specific counts,"{'order': {'min': 9, 'median': 9.0, 'max': 9}, 'cells': {'min': 81, 'median': 81.0, 'max': 81}, 'islands': {'min': 21, 'median': 21.0, 'max': 21}, 'candidate_edges': {'min': 32, 'median': 32.0, 'max': 32}, 'largest_degree': {'min': 4, 'median': 6.0, 'max': 8}, 'search_nodes': {'min': 7, 'median': 9.0, 'max': 31}, 'connectivity_deductions': {'min': 0, 'median': 1.5, 'max': 14}, 'basic_unresolved': {'min': 10, 'median': 19.5, 'max': 30}, 'advanced_unresolved': {'min': 10, 'median': 19.5, 'max': 30}}","{'order': {'min': 9, 'median': 9.0, 'max': 9}, 'cells': {'min': 81, 'median': 81.0, 'max': 81}, 'islands': {'min': 21, 'median': 21.0, 'max': 21}, 'candidate_edges': {'min': 32, 'median': 32.0, 'max': 32}, 'largest_degree': {'min': 4, 'median': 6.0, 'max': 8}, 'search_nodes': {'min': 7, 'median': 9.0, 'max': 31}, 'connectivity_deductions': {'min': 0, 'median': 1.5, 'max': 14}, 'basic_unresolved': {'min': 10, 'median': 19.5, 'max': 30}, 'advanced_unresolved': {'min': 10, 'median': 19.5, 'max': 30}}",,UNCHANGED
36,NONOGRAM,EASY,Ordered row/column runs; order and line-pattern interaction/search bands,30,"{'min': 5, 'median': 5.0, 'max': 5}","{'runs': {'min': 10, 'median': 15.0, 'max': 19}, 'zero_lines': {'min': 0, 'median': 0.0, 'max': 2}, 'longest_clue_list': {'min': 2, 'median': 2.0, 'max': 3}}",N/A,public-clue propagation and bounded search; algorithm-specific counts,"{'order': {'min': 5, 'median': 5.0, 'max': 5}, 'cells': {'min': 25, 'median': 25.0, 'max': 25}, 'runs': {'min': 10, 'median': 15.0, 'max': 19}, 'zero_lines': {'min': 0, 'median': 0.0, 'max': 2}, 'longest_clue_list': {'min': 2, 'median': 2.0, 'max': 3}, 'search_nodes': {'min': 1, 'median': 1.0, 'max': 1}, 'line_rounds': {'min': 4, 'median': 6.0, 'max': 8}, 'basic_unresolved': {'min': 0, 'median': 0.0, 'max': 0}, 'basic_rounds': {'min': 2, 'median': 3.0, 'max': 4}}","{'with_other_levels': [{'difficulty': 'NORMAL', 'exact': 0, 'canonical': 0}, {'difficulty': 'HARD', 'exact': 0, 'canonical': 0}, {'difficulty': 'MASTER', 'exact': 0, 'canonical': 0}], 'search_range_overlaps_previous': None}",YES: structural/inference band; provisional human ranking,Structural/inference parameters differ; human difficulty remains provisional.,Optional X/blank completion; inference/packs unchanged,public-clue propagation and bounded search; algorithm-specific counts,"{'order': {'min': 5, 'median': 5.0, 'max': 5}, 'cells': {'min': 25, 'median': 25.0, 'max': 25}, 'runs': {'min': 10, 'median': 15.0, 'max': 19}, 'zero_lines': {'min': 0, 'median': 0.0, 'max': 2}, 'longest_clue_list': {'min': 2, 'median': 2.0, 'max': 3}, 'search_nodes': {'min': 1, 'median': 1.0, 'max': 1}, 'line_rounds': {'min': 4, 'median': 6.0, 'max': 8}, 'basic_unresolved': {'min': 0, 'median': 0.0, 'max': 0}, 'basic_rounds': {'min': 2, 'median': 3.0, 'max': 4}}","{'order': {'min': 5, 'median': 5.0, 'max': 5}, 'cells': {'min': 25, 'median': 25.0, 'max': 25}, 'runs': {'min': 10, 'median': 15.0, 'max': 19}, 'zero_lines': {'min': 0, 'median': 0.0, 'max': 2}, 'longest_clue_list': {'min': 2, 'median': 2.0, 'max': 3}, 'search_nodes': {'min': 1, 'median': 1.0, 'max': 1}, 'line_rounds': {'min': 4, 'median': 6.0, 'max': 8}, 'basic_unresolved': {'min': 0, 'median': 0.0, 'max': 0}, 'basic_rounds': {'min': 2, 'median': 3.0, 'max': 4}}",,UNCHANGED
36,NONOGRAM,NORMAL,Ordered row/column runs; order and line-pattern interaction/search bands,30,"{'min': 6, 'median': 6.0, 'max': 6}","{'runs': {'min': 15, 'median': 21.0, 'max': 25}, 'zero_lines': {'min': 0, 'median': 0.0, 'max': 2}, 'longest_clue_list': {'min': 2, 'median': 3.0, 'max': 3}}",N/A,public-clue propagation and bounded search; algorithm-specific counts,"{'order': {'min': 6, 'median': 6.0, 'max': 6}, 'cells': {'min': 36, 'median': 36.0, 'max': 36}, 'runs': {'min': 15, 'median': 21.0, 'max': 25}, 'zero_lines': {'min': 0, 'median': 0.0, 'max': 2}, 'longest_clue_list': {'min': 2, 'median': 3.0, 'max': 3}, 'search_nodes': {'min': 1, 'median': 1.0, 'max': 1}, 'line_rounds': {'min': 4, 'median': 6.0, 'max': 8}, 'basic_unresolved': {'min': 0, 'median': 0.0, 'max': 0}, 'basic_rounds': {'min': 2, 'median': 3.0, 'max': 4}}","{'with_other_levels': [{'difficulty': 'EASY', 'exact': 0, 'canonical': 0}, {'difficulty': 'HARD', 'exact': 0, 'canonical': 0}, {'difficulty': 'MASTER', 'exact': 0, 'canonical': 0}], 'search_range_overlaps_previous': True}",YES: structural/inference band; provisional human ranking,Structural/inference parameters differ; human difficulty remains provisional. Search-node ranges overlap the previous level; no per-puzzle strict ranking claimed.,Optional X/blank completion; inference/packs unchanged,public-clue propagation and bounded search; algorithm-specific counts,"{'order': {'min': 6, 'median': 6.0, 'max': 6}, 'cells': {'min': 36, 'median': 36.0, 'max': 36}, 'runs': {'min': 15, 'median': 21.0, 'max': 25}, 'zero_lines': {'min': 0, 'median': 0.0, 'max': 2}, 'longest_clue_list': {'min': 2, 'median': 3.0, 'max': 3}, 'search_nodes': {'min': 1, 'median': 1.0, 'max': 1}, 'line_rounds': {'min': 4, 'median': 6.0, 'max': 8}, 'basic_unresolved': {'min': 0, 'median': 0.0, 'max': 0}, 'basic_rounds': {'min': 2, 'median': 3.0, 'max': 4}}","{'order': {'min': 6, 'median': 6.0, 'max': 6}, 'cells': {'min': 36, 'median': 36.0, 'max': 36}, 'runs': {'min': 15, 'median': 21.0, 'max': 25}, 'zero_lines': {'min': 0, 'median': 0.0, 'max': 2}, 'longest_clue_list': {'min': 2, 'median': 3.0, 'max': 3}, 'search_nodes': {'min': 1, 'median': 1.0, 'max': 1}, 'line_rounds': {'min': 4, 'median': 6.0, 'max': 8}, 'basic_unresolved': {'min': 0, 'median': 0.0, 'max': 0}, 'basic_rounds': {'min': 2, 'median': 3.0, 'max': 4}}",,UNCHANGED
36,NONOGRAM,HARD,Ordered row/column runs; order and line-pattern interaction/search bands,30,"{'min': 7, 'median': 7.0, 'max': 7}","{'runs': {'min': 23, 'median': 27.0, 'max': 31}, 'zero_lines': {'min': 0, 'median': 0.0, 'max': 1}, 'longest_clue_list': {'min': 3, 'median': 3.0, 'max': 4}}",N/A,public-clue propagation and bounded search; algorithm-specific counts,"{'order': {'min': 7, 'median': 7.0, 'max': 7}, 'cells': {'min': 49, 'median': 49.0, 'max': 49}, 'runs': {'min': 23, 'median': 27.0, 'max': 31}, 'zero_lines': {'min': 0, 'median': 0.0, 'max': 1}, 'longest_clue_list': {'min': 3, 'median': 3.0, 'max': 4}, 'search_nodes': {'min': 1, 'median': 1.0, 'max': 3}, 'line_rounds': {'min': 8, 'median': 8.0, 'max': 12}, 'basic_unresolved': {'min': 0, 'median': 0.0, 'max': 20}, 'basic_rounds': {'min': 4, 'median': 4.0, 'max': 6}}","{'with_other_levels': [{'difficulty': 'EASY', 'exact': 0, 'canonical': 0}, {'difficulty': 'NORMAL', 'exact': 0, 'canonical': 0}, {'difficulty': 'MASTER', 'exact': 0, 'canonical': 0}], 'search_range_overlaps_previous': True}",YES: structural/inference band; provisional human ranking,Structural/inference parameters differ; human difficulty remains provisional. Search-node ranges overlap the previous level; no per-puzzle strict ranking claimed.,Optional X/blank completion; inference/packs unchanged,public-clue propagation and bounded search; algorithm-specific counts,"{'order': {'min': 7, 'median': 7.0, 'max': 7}, 'cells': {'min': 49, 'median': 49.0, 'max': 49}, 'runs': {'min': 23, 'median': 27.0, 'max': 31}, 'zero_lines': {'min': 0, 'median': 0.0, 'max': 1}, 'longest_clue_list': {'min': 3, 'median': 3.0, 'max': 4}, 'search_nodes': {'min': 1, 'median': 1.0, 'max': 3}, 'line_rounds': {'min': 8, 'median': 8.0, 'max': 12}, 'basic_unresolved': {'min': 0, 'median': 0.0, 'max': 20}, 'basic_rounds': {'min': 4, 'median': 4.0, 'max': 6}}","{'order': {'min': 7, 'median': 7.0, 'max': 7}, 'cells': {'min': 49, 'median': 49.0, 'max': 49}, 'runs': {'min': 23, 'median': 27.0, 'max': 31}, 'zero_lines': {'min': 0, 'median': 0.0, 'max': 1}, 'longest_clue_list': {'min': 3, 'median': 3.0, 'max': 4}, 'search_nodes': {'min': 1, 'median': 1.0, 'max': 3}, 'line_rounds': {'min': 8, 'median': 8.0, 'max': 12}, 'basic_unresolved': {'min': 0, 'median': 0.0, 'max': 20}, 'basic_rounds': {'min': 4, 'median': 4.0, 'max': 6}}",,UNCHANGED
36,NONOGRAM,MASTER,Ordered row/column runs; order and line-pattern interaction/search bands,30,"{'min': 9, 'median': 9.0, 'max': 9}","{'runs': {'min': 34, 'median': 42.0, 'max': 53}, 'zero_lines': {'min': 0, 'median': 0.0, 'max': 1}, 'longest_clue_list': {'min': 3, 'median': 4.0, 'max': 5}}",N/A,public-clue propagation and bounded search; algorithm-specific counts,"{'order': {'min': 9, 'median': 9.0, 'max': 9}, 'cells': {'min': 81, 'median': 81.0, 'max': 81}, 'runs': {'min': 34, 'median': 42.0, 'max': 53}, 'zero_lines': {'min': 0, 'median': 0.0, 'max': 1}, 'longest_clue_list': {'min': 3, 'median': 4.0, 'max': 5}, 'search_nodes': {'min': 3, 'median': 4.0, 'max': 25}, 'line_rounds': {'min': 10, 'median': 22.0, 'max': 58}, 'basic_unresolved': {'min': 8, 'median': 44.0, 'max': 80}, 'basic_rounds': {'min': 2, 'median': 4.0, 'max': 9}}","{'with_other_levels': [{'difficulty': 'EASY', 'exact': 0, 'canonical': 0}, {'difficulty': 'NORMAL', 'exact': 0, 'canonical': 0}, {'difficulty': 'HARD', 'exact': 0, 'canonical': 0}], 'search_range_overlaps_previous': True}",YES: structural/inference band; provisional human ranking,Structural/inference parameters differ; human difficulty remains provisional. Search-node ranges overlap the previous level; no per-puzzle strict ranking claimed.,Optional X/blank completion; inference/packs unchanged,public-clue propagation and bounded search; algorithm-specific counts,"{'order': {'min': 9, 'median': 9.0, 'max': 9}, 'cells': {'min': 81, 'median': 81.0, 'max': 81}, 'runs': {'min': 34, 'median': 42.0, 'max': 53}, 'zero_lines': {'min': 0, 'median': 0.0, 'max': 1}, 'longest_clue_list': {'min': 3, 'median': 4.0, 'max': 5}, 'search_nodes': {'min': 3, 'median': 4.0, 'max': 25}, 'line_rounds': {'min': 10, 'median': 22.0, 'max': 58}, 'basic_unresolved': {'min': 8, 'median': 44.0, 'max': 80}, 'basic_rounds': {'min': 2, 'median': 4.0, 'max': 9}}","{'order': {'min': 9, 'median': 9.0, 'max': 9}, 'cells': {'min': 81, 'median': 81.0, 'max': 81}, 'runs': {'min': 34, 'median': 42.0, 'max': 53}, 'zero_lines': {'min': 0, 'median': 0.0, 'max': 1}, 'longest_clue_list': {'min': 3, 'median': 4.0, 'max': 5}, 'search_nodes': {'min': 3, 'median': 4.0, 'max': 25}, 'line_rounds': {'min': 10, 'median': 22.0, 'max': 58}, 'basic_unresolved': {'min': 8, 'median': 44.0, 'max': 80}, 'basic_rounds': {'min': 2, 'median': 4.0, 'max': 9}}",,UNCHANGED
37,REVERSI,EASY,Bounded CPU search depth/node budget; common opening,mode 0: 0; mode 1: 0,mode 0: 8x8; mode 1: 8x8,Standard 8x8 opening for every level,random legal,"Actual visited nodes, completed depth and chosen-move changes on common reachable positions","{""completed_depth"": {""distinct"": 1, ""max"": 0, ""mean"": 0, ""median"": 0.0, ""min"": 0}, ""different_choice_from_previous_level"": null, ""level"": 0, ""nodes"": {""distinct"": 1, ""max"": 0, ""mean"": 0, ""median"": 0.0, ""min"": 0}, ""positions"": 64}",Some positions choose the same move; higher budgets are not proof of universally stronger play,YES,PASS,None; no full-game exact or human-skill claim,"Actual visited nodes, completed depth and chosen-move changes on common reachable positions","{""completed_depth"": {""distinct"": 1, ""max"": 0, ""mean"": 0, ""median"": 0.0, ""min"": 0}, ""different_choice_from_previous_level"": null, ""level"": 0, ""nodes"": {""distinct"": 1, ""max"": 0, ""mean"": 0, ""median"": 0.0, ""min"": 0}, ""positions"": 64}","{""completed_depth"": {""distinct"": 1, ""max"": 0, ""mean"": 0, ""median"": 0.0, ""min"": 0}, ""different_choice_from_previous_level"": null, ""level"": 0, ""nodes"": {""distinct"": 1, ""max"": 0, ""mean"": 0, ""median"": 0.0, ""min"": 0}, ""positions"": 64}",,UNCHANGED
37,REVERSI,NORMAL,Bounded CPU search depth/node budget; common opening,mode 0: 0; mode 1: 0,mode 0: 8x8; mode 1: 8x8,Standard 8x8 opening for every level,1 ply / 256 nodes,"Actual visited nodes, completed depth and chosen-move changes on common reachable positions","{""completed_depth"": {""distinct"": 1, ""max"": 1, ""mean"": 1, ""median"": 1.0, ""min"": 1}, ""different_choice_from_previous_level"": 54, ""level"": 1, ""nodes"": {""distinct"": 16, ""max"": 16, ""mean"": 7.5625, ""median"": 7.0, ""min"": 1}, ""positions"": 64}",Some positions choose the same move; higher budgets are not proof of universally stronger play,YES,PASS,None; no full-game exact or human-skill claim,"Actual visited nodes, completed depth and chosen-move changes on common reachable positions","{""completed_depth"": {""distinct"": 1, ""max"": 1, ""mean"": 1, ""median"": 1.0, ""min"": 1}, ""different_choice_from_previous_level"": 54, ""level"": 1, ""nodes"": {""distinct"": 16, ""max"": 16, ""mean"": 7.5625, ""median"": 7.0, ""min"": 1}, ""positions"": 64}","{""completed_depth"": {""distinct"": 1, ""max"": 1, ""mean"": 1, ""median"": 1.0, ""min"": 1}, ""different_choice_from_previous_level"": 54, ""level"": 1, ""nodes"": {""distinct"": 16, ""max"": 16, ""mean"": 7.5625, ""median"": 7.0, ""min"": 1}, ""positions"": 64}",,UNCHANGED
37,REVERSI,HARD,Bounded CPU search depth/node budget; common opening,mode 0: 0; mode 1: 0,mode 0: 8x8; mode 1: 8x8,Standard 8x8 opening for every level,up to 3 plies / 1500 nodes,"Actual visited nodes, completed depth and chosen-move changes on common reachable positions","{""completed_depth"": {""distinct"": 2, ""max"": 3, ""mean"": 2.9531, ""median"": 3.0, ""min"": 2}, ""different_choice_from_previous_level"": 29, ""level"": 2, ""nodes"": {""distinct"": 59, ""max"": 1500, ""mean"": 544.4062, ""median"": 456.5, ""min"": 5}, ""positions"": 64}",Some positions choose the same move; higher budgets are not proof of universally stronger play,YES,PASS,None; no full-game exact or human-skill claim,"Actual visited nodes, completed depth and chosen-move changes on common reachable positions","{""completed_depth"": {""distinct"": 2, ""max"": 3, ""mean"": 2.9531, ""median"": 3.0, ""min"": 2}, ""different_choice_from_previous_level"": 29, ""level"": 2, ""nodes"": {""distinct"": 59, ""max"": 1500, ""mean"": 544.4062, ""median"": 456.5, ""min"": 5}, ""positions"": 64}","{""completed_depth"": {""distinct"": 2, ""max"": 3, ""mean"": 2.9531, ""median"": 3.0, ""min"": 2}, ""different_choice_from_previous_level"": 29, ""level"": 2, ""nodes"": {""distinct"": 59, ""max"": 1500, ""mean"": 544.4062, ""median"": 456.5, ""min"": 5}, ""positions"": 64}",,UNCHANGED
37,REVERSI,MASTER,Bounded CPU search depth/node budget; common opening,mode 0: 0; mode 1: 0,mode 0: 8x8; mode 1: 8x8,Standard 8x8 opening for every level,up to 5 plies / 6000 nodes,"Actual visited nodes, completed depth and chosen-move changes on common reachable positions","{""completed_depth"": {""distinct"": 3, ""max"": 5, ""mean"": 4.0469, ""median"": 4.0, ""min"": 3}, ""different_choice_from_previous_level"": 22, ""level"": 3, ""nodes"": {""distinct"": 20, ""max"": 6000, ""mean"": 4848.9062, ""median"": 6000.0, ""min"": 9}, ""positions"": 64}",Some positions choose the same move; higher budgets are not proof of universally stronger play,YES,PASS,None; no full-game exact or human-skill claim,"Actual visited nodes, completed depth and chosen-move changes on common reachable positions","{""completed_depth"": {""distinct"": 3, ""max"": 5, ""mean"": 4.0469, ""median"": 4.0, ""min"": 3}, ""different_choice_from_previous_level"": 22, ""level"": 3, ""nodes"": {""distinct"": 20, ""max"": 6000, ""mean"": 4848.9062, ""median"": 6000.0, ""min"": 9}, ""positions"": 64}","{""completed_depth"": {""distinct"": 3, ""max"": 5, ""mean"": 4.0469, ""median"": 4.0, ""min"": 3}, ""different_choice_from_previous_level"": 22, ""level"": 3, ""nodes"": {""distinct"": 20, ""max"": 6000, ""mean"": 4848.9062, ""median"": 6000.0, ""min"": 9}, ""positions"": 64}",,UNCHANGED
38,NET,EASY,Larger seeded tree-rotation puzzle,mode 0: 0,mode 0: 3x3,9 cells; nonwrapping tree plus rotations,None,"Cells, leaves and degree>=3 junctions; no human rating or uniqueness guarantee","{""cells"": 9, ""junctions_degree_at_least_3"": {""distinct"": 3, ""max"": 3, ""mean"": 1.9688, ""median"": 2.0, ""min"": 1}, ""leaves"": {""distinct"": 4, ""max"": 6, ""mean"": 4.3281, ""median"": 4.0, ""min"": 3}}","Same construction algorithm; larger area is a structural difference, not calibrated human difficulty",YES,PASS,None,"Cells, leaves and degree>=3 junctions; no human rating or uniqueness guarantee","{""cells"": 9, ""junctions_degree_at_least_3"": {""distinct"": 3, ""max"": 3, ""mean"": 1.9688, ""median"": 2.0, ""min"": 1}, ""leaves"": {""distinct"": 4, ""max"": 6, ""mean"": 4.3281, ""median"": 4.0, ""min"": 3}}","{""cells"": 9, ""junctions_degree_at_least_3"": {""distinct"": 3, ""max"": 3, ""mean"": 1.9688, ""median"": 2.0, ""min"": 1}, ""leaves"": {""distinct"": 4, ""max"": 6, ""mean"": 4.3281, ""median"": 4.0, ""min"": 3}}",,UNCHANGED
38,NET,NORMAL,Larger seeded tree-rotation puzzle,mode 0: 0,mode 0: 4x4,16 cells; nonwrapping tree plus rotations,None,"Cells, leaves and degree>=3 junctions; no human rating or uniqueness guarantee","{""cells"": 16, ""junctions_degree_at_least_3"": {""distinct"": 5, ""max"": 6, ""mean"": 3.8281, ""median"": 4.0, ""min"": 2}, ""leaves"": {""distinct"": 6, ""max"": 9, ""mean"": 6.5469, ""median"": 6.5, ""min"": 4}}","Same construction algorithm; larger area is a structural difference, not calibrated human difficulty",YES,PASS,None,"Cells, leaves and degree>=3 junctions; no human rating or uniqueness guarantee","{""cells"": 16, ""junctions_degree_at_least_3"": {""distinct"": 5, ""max"": 6, ""mean"": 3.8281, ""median"": 4.0, ""min"": 2}, ""leaves"": {""distinct"": 6, ""max"": 9, ""mean"": 6.5469, ""median"": 6.5, ""min"": 4}}","{""cells"": 16, ""junctions_degree_at_least_3"": {""distinct"": 5, ""max"": 6, ""mean"": 3.8281, ""median"": 4.0, ""min"": 2}, ""leaves"": {""distinct"": 6, ""max"": 9, ""mean"": 6.5469, ""median"": 6.5, ""min"": 4}}",,UNCHANGED
38,NET,HARD,Larger seeded tree-rotation puzzle,mode 0: 0,mode 0: 5x5,25 cells; nonwrapping tree plus rotations,None,"Cells, leaves and degree>=3 junctions; no human rating or uniqueness guarantee","{""cells"": 25, ""junctions_degree_at_least_3"": {""distinct"": 7, ""max"": 9, ""mean"": 6.1406, ""median"": 6.0, ""min"": 3}, ""leaves"": {""distinct"": 7, ""max"": 12, ""mean"": 9.5938, ""median"": 10.0, ""min"": 6}}","Same construction algorithm; larger area is a structural difference, not calibrated human difficulty",YES,PASS,None,"Cells, leaves and degree>=3 junctions; no human rating or uniqueness guarantee","{""cells"": 25, ""junctions_degree_at_least_3"": {""distinct"": 7, ""max"": 9, ""mean"": 6.1406, ""median"": 6.0, ""min"": 3}, ""leaves"": {""distinct"": 7, ""max"": 12, ""mean"": 9.5938, ""median"": 10.0, ""min"": 6}}","{""cells"": 25, ""junctions_degree_at_least_3"": {""distinct"": 7, ""max"": 9, ""mean"": 6.1406, ""median"": 6.0, ""min"": 3}, ""leaves"": {""distinct"": 7, ""max"": 12, ""mean"": 9.5938, ""median"": 10.0, ""min"": 6}}",,UNCHANGED
38,NET,MASTER,Larger seeded tree-rotation puzzle,mode 0: 0,mode 0: 6x6,36 cells; nonwrapping tree plus rotations,None,"Cells, leaves and degree>=3 junctions; no human rating or uniqueness guarantee","{""cells"": 36, ""junctions_degree_at_least_3"": {""distinct"": 9, ""max"": 14, ""mean"": 9.0391, ""median"": 9.0, ""min"": 6}, ""leaves"": {""distinct"": 9, ""max"": 17, ""mean"": 12.9453, ""median"": 13.0, ""min"": 8}}","Same construction algorithm; larger area is a structural difference, not calibrated human difficulty",YES,PASS,None,"Cells, leaves and degree>=3 junctions; no human rating or uniqueness guarantee","{""cells"": 36, ""junctions_degree_at_least_3"": {""distinct"": 9, ""max"": 14, ""mean"": 9.0391, ""median"": 9.0, ""min"": 6}, ""leaves"": {""distinct"": 9, ""max"": 17, ""mean"": 12.9453, ""median"": 13.0, ""min"": 8}}","{""cells"": 36, ""junctions_degree_at_least_3"": {""distinct"": 9, ""max"": 14, ""mean"": 9.0391, ""median"": 9.0, ""min"": 6}, ""leaves"": {""distinct"": 9, ""max"": 17, ""mean"": 12.9453, ""median"": 13.0, ""min"": 8}}",,UNCHANGED
