game_id,name,difficulty,mechanism,bank_size,board_size,generator_params,AI_policy,rating_metric,observed_distribution,overlap,meaningfully_distinct,finding,fix
1,NUMBER BASEBALL,EASY,4 digits; repeats and leading zero allowed; 16 guesses,0,N/A; see generator_params,"{""code_domain"":10000,""digits"":4,""guess_limit"":16,""samples_with_repeated_digit"":148}",N/A; no AI opponent,Structural metric; human rating NOT MEASURED,"{""bank_per_mode"":0,""metrics"":{""code_domain"":10000,""digits"":4,""guess_limit"":16,""samples_with_repeated_digit"":148},""modes"":1,""unique"":251,""unique_bank"":null,""validated_initializations"":256}","{""counts"":{""HARD"":0,""MASTER"":0,""NORMAL"":0},""scope"":""bounded runtime sample only, not full generator domain""}",STRUCTURAL YES; human rating uncalibrated,Human difficulty uncalibrated; measured structural parameters only.,No demonstrated selector no-op; generation and legacy banks preserved
1,NUMBER BASEBALL,NORMAL,5 digits; 12 guesses,0,N/A; see generator_params,"{""code_domain"":100000,""digits"":5,""guess_limit"":12,""samples_with_repeated_digit"":214}",N/A; no AI opponent,Structural metric; human rating NOT MEASURED,"{""bank_per_mode"":0,""metrics"":{""code_domain"":100000,""digits"":5,""guess_limit"":12,""samples_with_repeated_digit"":214},""modes"":1,""unique"":254,""unique_bank"":null,""validated_initializations"":256}","{""counts"":{""EASY"":0,""HARD"":0,""MASTER"":0},""scope"":""bounded runtime sample only, not full generator domain""}",STRUCTURAL YES; human rating uncalibrated,Human difficulty uncalibrated; measured structural parameters only.,No demonstrated selector no-op; generation and legacy banks preserved
1,NUMBER BASEBALL,HARD,6 digits; 10 guesses,0,N/A; see generator_params,"{""code_domain"":1000000,""digits"":6,""guess_limit"":10,""samples_with_repeated_digit"":238}",N/A; no AI opponent,Structural metric; human rating NOT MEASURED,"{""bank_per_mode"":0,""metrics"":{""code_domain"":1000000,""digits"":6,""guess_limit"":10,""samples_with_repeated_digit"":238},""modes"":1,""unique"":256,""unique_bank"":null,""validated_initializations"":256}","{""counts"":{""EASY"":0,""MASTER"":0,""NORMAL"":0},""scope"":""bounded runtime sample only, not full generator domain""}",STRUCTURAL YES; human rating uncalibrated,Human difficulty uncalibrated; measured structural parameters only.,No demonstrated selector no-op; generation and legacy banks preserved
1,NUMBER BASEBALL,MASTER,7 digits; 16 guesses,0,N/A; see generator_params,"{""code_domain"":10000000,""digits"":7,""guess_limit"":16,""samples_with_repeated_digit"":251}",N/A; no AI opponent,Structural metric; human rating NOT MEASURED,"{""bank_per_mode"":0,""metrics"":{""code_domain"":10000000,""digits"":7,""guess_limit"":16,""samples_with_repeated_digit"":251},""modes"":1,""unique"":256,""unique_bank"":null,""validated_initializations"":256}","{""counts"":{""EASY"":0,""HARD"":0,""NORMAL"":0},""scope"":""bounded runtime sample only, not full generator domain""}",STRUCTURAL YES; human rating uncalibrated,Human difficulty uncalibrated; measured structural parameters only. REVIEW REQUIRED: longer secret but more permitted guesses than HARD.,No demonstrated selector no-op; generation and legacy banks preserved
2,EQUATION GUESS,EASY,one + or -; mode lengths 7/6/8; 12 guesses,90,N/A; see generator_params,"{""by_mode"":{""0"":{""count"":30,""division_puzzles"":0,""length"":{""max"":7,""median"":7.0,""min"":7},""multiplication_puzzles"":0,""operator_count"":{""max"":1,""median"":1.0,""min"":1}},""1"":{""count"":30,""division_puzzles"":0,""length"":{""max"":6,""median"":6.0,""min"":6},""multiplication_puzzles"":0,""operator_count"":{""max"":1,""median"":1.0,""min"":1}},""2"":{""count"":30,""division_puzzles"":0,""length"":{""max"":8,""median"":8.0,""min"":8},""multiplication_puzzles"":0,""operator_count"":{""max"":1,""median"":1.0,""min"":1}}},""guess_limit"":12}",N/A; no AI opponent,Structural metric; human rating NOT MEASURED,"{""bank_per_mode"":30,""metrics"":{""by_mode"":{""0"":{""count"":30,""division_puzzles"":0,""length"":{""max"":7,""median"":7.0,""min"":7},""multiplication_puzzles"":0,""operator_count"":{""max"":1,""median"":1.0,""min"":1}},""1"":{""count"":30,""division_puzzles"":0,""length"":{""max"":6,""median"":6.0,""min"":6},""multiplication_puzzles"":0,""operator_count"":{""max"":1,""median"":1.0,""min"":1}},""2"":{""count"":30,""division_puzzles"":0,""length"":{""max"":8,""median"":8.0,""min"":8},""multiplication_puzzles"":0,""operator_count"":{""max"":1,""median"":1.0,""min"":1}}},""guess_limit"":12},""modes"":3,""unique"":90,""unique_bank"":90,""validated_initializations"":90}","{""counts"":{""HARD"":0,""MASTER"":0,""NORMAL"":0},""scope"":""complete current bank""}",STRUCTURAL YES; human rating uncalibrated,Human difficulty uncalibrated; measured structural parameters only.,No demonstrated selector no-op; generation and legacy banks preserved
2,EQUATION GUESS,NORMAL,"one +, -, or *; mode lengths 7/6/8; 10 guesses",90,N/A; see generator_params,"{""by_mode"":{""0"":{""count"":30,""division_puzzles"":0,""length"":{""max"":7,""median"":7.0,""min"":7},""multiplication_puzzles"":5,""operator_count"":{""max"":1,""median"":1.0,""min"":1}},""1"":{""count"":30,""division_puzzles"":0,""length"":{""max"":6,""median"":6.0,""min"":6},""multiplication_puzzles"":16,""operator_count"":{""max"":1,""median"":1.0,""min"":1}},""2"":{""count"":30,""division_puzzles"":0,""length"":{""max"":8,""median"":8.0,""min"":8},""multiplication_puzzles"":3,""operator_count"":{""max"":1,""median"":1.0,""min"":1}}},""guess_limit"":10}",N/A; no AI opponent,Structural metric; human rating NOT MEASURED,"{""bank_per_mode"":30,""metrics"":{""by_mode"":{""0"":{""count"":30,""division_puzzles"":0,""length"":{""max"":7,""median"":7.0,""min"":7},""multiplication_puzzles"":5,""operator_count"":{""max"":1,""median"":1.0,""min"":1}},""1"":{""count"":30,""division_puzzles"":0,""length"":{""max"":6,""median"":6.0,""min"":6},""multiplication_puzzles"":16,""operator_count"":{""max"":1,""median"":1.0,""min"":1}},""2"":{""count"":30,""division_puzzles"":0,""length"":{""max"":8,""median"":8.0,""min"":8},""multiplication_puzzles"":3,""operator_count"":{""max"":1,""median"":1.0,""min"":1}}},""guess_limit"":10},""modes"":3,""unique"":90,""unique_bank"":90,""validated_initializations"":90}","{""counts"":{""EASY"":0,""HARD"":0,""MASTER"":0},""scope"":""complete current bank""}",STRUCTURAL YES; human rating uncalibrated,Human difficulty uncalibrated; measured structural parameters only.,No demonstrated selector no-op; generation and legacy banks preserved
2,EQUATION GUESS,HARD,"STANDARD/LONG two operators, SHORT one; + - * /; 8 guesses",90,N/A; see generator_params,"{""by_mode"":{""0"":{""count"":30,""division_puzzles"":8,""length"":{""max"":7,""median"":7.0,""min"":7},""multiplication_puzzles"":11,""operator_count"":{""max"":2,""median"":2.0,""min"":2}},""1"":{""count"":30,""division_puzzles"":6,""length"":{""max"":6,""median"":6.0,""min"":6},""multiplication_puzzles"":10,""operator_count"":{""max"":1,""median"":1.0,""min"":1}},""2"":{""count"":30,""division_puzzles"":5,""length"":{""max"":8,""median"":8.0,""min"":8},""multiplication_puzzles"":21,""operator_count"":{""max"":2,""median"":2.0,""min"":2}}},""guess_limit"":8}",N/A; no AI opponent,Structural metric; human rating NOT MEASURED,"{""bank_per_mode"":30,""metrics"":{""by_mode"":{""0"":{""count"":30,""division_puzzles"":8,""length"":{""max"":7,""median"":7.0,""min"":7},""multiplication_puzzles"":11,""operator_count"":{""max"":2,""median"":2.0,""min"":2}},""1"":{""count"":30,""division_puzzles"":6,""length"":{""max"":6,""median"":6.0,""min"":6},""multiplication_puzzles"":10,""operator_count"":{""max"":1,""median"":1.0,""min"":1}},""2"":{""count"":30,""division_puzzles"":5,""length"":{""max"":8,""median"":8.0,""min"":8},""multiplication_puzzles"":21,""operator_count"":{""max"":2,""median"":2.0,""min"":2}}},""guess_limit"":8},""modes"":3,""unique"":90,""unique_bank"":90,""validated_initializations"":90}","{""counts"":{""EASY"":0,""MASTER"":0,""NORMAL"":0},""scope"":""complete current bank""}",STRUCTURAL YES; human rating uncalibrated,Human difficulty uncalibrated; measured structural parameters only.,No demonstrated selector no-op; generation and legacy banks preserved
2,EQUATION GUESS,MASTER,3/2/3 operators; mode lengths 9/8/10; mixed precedence must affect value; 12 guesses,90,N/A; see generator_params,"{""by_mode"":{""0"":{""count"":30,""division_puzzles"":17,""length"":{""max"":9,""median"":9.0,""min"":9},""multiplication_puzzles"":16,""operator_count"":{""max"":3,""median"":3.0,""min"":3}},""1"":{""count"":30,""division_puzzles"":3,""length"":{""max"":8,""median"":8.0,""min"":8},""multiplication_puzzles"":27,""operator_count"":{""max"":2,""median"":2.0,""min"":2}},""2"":{""count"":30,""division_puzzles"":10,""length"":{""max"":10,""median"":10.0,""min"":10},""multiplication_puzzles"":23,""operator_count"":{""max"":3,""median"":3.0,""min"":3}}},""guess_limit"":12}",N/A; no AI opponent,Structural metric; human rating NOT MEASURED,"{""bank_per_mode"":30,""metrics"":{""by_mode"":{""0"":{""count"":30,""division_puzzles"":17,""length"":{""max"":9,""median"":9.0,""min"":9},""multiplication_puzzles"":16,""operator_count"":{""max"":3,""median"":3.0,""min"":3}},""1"":{""count"":30,""division_puzzles"":3,""length"":{""max"":8,""median"":8.0,""min"":8},""multiplication_puzzles"":27,""operator_count"":{""max"":2,""median"":2.0,""min"":2}},""2"":{""count"":30,""division_puzzles"":10,""length"":{""max"":10,""median"":10.0,""min"":10},""multiplication_puzzles"":23,""operator_count"":{""max"":3,""median"":3.0,""min"":3}}},""guess_limit"":12},""modes"":3,""unique"":90,""unique_bank"":90,""validated_initializations"":90}","{""counts"":{""EASY"":0,""HARD"":0,""NORMAL"":0},""scope"":""complete current bank""}",STRUCTURAL YES; human rating uncalibrated,Human difficulty uncalibrated; measured structural parameters only. REVIEW REQUIRED: longer secret but more permitted guesses than HARD.,No demonstrated selector no-op; generation and legacy banks preserved
3,NUMBER MIND,EASY,4 positions × 6 symbols,30,N/A; see generator_params,"{""clue_count"":{""max"":11,""median"":8.0,""min"":5},""domain"":1296,""zero_match_clues"":{""max"":7,""median"":4.0,""min"":1}}",N/A; no AI opponent,Structural metric; human rating NOT MEASURED,"{""bank_per_mode"":30,""metrics"":{""clue_count"":{""max"":11,""median"":8.0,""min"":5},""domain"":1296,""zero_match_clues"":{""max"":7,""median"":4.0,""min"":1}},""modes"":1,""unique"":30,""unique_bank"":30,""validated_initializations"":30}","{""counts"":{""HARD"":0,""MASTER"":0,""NORMAL"":0},""scope"":""complete current bank""}",STRUCTURAL YES; human rating uncalibrated,Human difficulty uncalibrated; measured structural parameters only.,No demonstrated selector no-op; generation and legacy banks preserved
3,NUMBER MIND,NORMAL,4 positions × 8 symbols,30,N/A; see generator_params,"{""clue_count"":{""max"":13,""median"":10.0,""min"":6},""domain"":4096,""zero_match_clues"":{""max"":9,""median"":5.0,""min"":2}}",N/A; no AI opponent,Structural metric; human rating NOT MEASURED,"{""bank_per_mode"":30,""metrics"":{""clue_count"":{""max"":13,""median"":10.0,""min"":6},""domain"":4096,""zero_match_clues"":{""max"":9,""median"":5.0,""min"":2}},""modes"":1,""unique"":30,""unique_bank"":30,""validated_initializations"":30}","{""counts"":{""EASY"":0,""HARD"":0,""MASTER"":0},""scope"":""complete current bank""}",STRUCTURAL YES; human rating uncalibrated,Human difficulty uncalibrated; measured structural parameters only.,No demonstrated selector no-op; generation and legacy banks preserved
3,NUMBER MIND,HARD,5 positions × 8 symbols,30,N/A; see generator_params,"{""clue_count"":{""max"":14,""median"":11.5,""min"":6},""domain"":32768,""zero_match_clues"":{""max"":10,""median"":5.0,""min"":1}}",N/A; no AI opponent,Structural metric; human rating NOT MEASURED,"{""bank_per_mode"":30,""metrics"":{""clue_count"":{""max"":14,""median"":11.5,""min"":6},""domain"":32768,""zero_match_clues"":{""max"":10,""median"":5.0,""min"":1}},""modes"":1,""unique"":30,""unique_bank"":30,""validated_initializations"":30}","{""counts"":{""EASY"":0,""MASTER"":0,""NORMAL"":0},""scope"":""complete current bank""}",STRUCTURAL YES; human rating uncalibrated,Human difficulty uncalibrated; measured structural parameters only.,No demonstrated selector no-op; generation and legacy banks preserved
3,NUMBER MIND,MASTER,6 positions × 8 symbols; up to 13 clues,30,N/A; see generator_params,"{""clue_count"":{""max"":13,""median"":12.0,""min"":8},""domain"":262144,""zero_match_clues"":{""max"":7,""median"":4.0,""min"":1}}",N/A; no AI opponent,Structural metric; human rating NOT MEASURED,"{""bank_per_mode"":30,""metrics"":{""clue_count"":{""max"":13,""median"":12.0,""min"":8},""domain"":262144,""zero_match_clues"":{""max"":7,""median"":4.0,""min"":1}},""modes"":1,""unique"":30,""unique_bank"":30,""validated_initializations"":30}","{""counts"":{""EASY"":0,""HARD"":0,""NORMAL"":0},""scope"":""complete current bank""}",STRUCTURAL YES; human rating uncalibrated,Human difficulty uncalibrated; measured structural parameters only.,No demonstrated selector no-op; generation and legacy banks preserved
4,CLUE LOCK,EASY,domain 0..99; range/parity/digit sum/two remainders/contains digit,30,N/A; see generator_params,"{""domain"":100,""modulus_values"":[3,4,5,7,9,11,13,17],""public_range_width"":{""max"":99,""median"":72.5,""min"":52}}",N/A; no AI opponent,Structural metric; human rating NOT MEASURED,"{""bank_per_mode"":30,""metrics"":{""domain"":100,""modulus_values"":[3,4,5,7,9,11,13,17],""public_range_width"":{""max"":99,""median"":72.5,""min"":52}},""modes"":1,""unique"":30,""unique_bank"":30,""validated_initializations"":30}","{""counts"":{""HARD"":0,""MASTER"":0,""NORMAL"":0},""scope"":""complete current bank""}",STRUCTURAL YES; human rating uncalibrated,Human difficulty uncalibrated; measured structural parameters only.,No demonstrated selector no-op; generation and legacy banks preserved
4,CLUE LOCK,NORMAL,domain 0..499; contains-digit clue removed,30,N/A; see generator_params,"{""domain"":500,""modulus_values"":[3,4,5,7,9,11,13,17],""public_range_width"":{""max"":471,""median"":377.0,""min"":242}}",N/A; no AI opponent,Structural metric; human rating NOT MEASURED,"{""bank_per_mode"":30,""metrics"":{""domain"":500,""modulus_values"":[3,4,5,7,9,11,13,17],""public_range_width"":{""max"":471,""median"":377.0,""min"":242}},""modes"":1,""unique"":30,""unique_bank"":30,""validated_initializations"":30}","{""counts"":{""EASY"":0,""HARD"":0,""MASTER"":0},""scope"":""complete current bank""}",STRUCTURAL YES; human rating uncalibrated,Human difficulty uncalibrated; measured structural parameters only.,No demonstrated selector no-op; generation and legacy banks preserved
4,CLUE LOCK,HARD,"domain 0..999; range and two distinct large moduli, no parity or digit sum",30,N/A; see generator_params,"{""domain"":1000,""modulus_values"":[17,19,23,29,31,37],""public_range_width"":{""max"":973,""median"":732.5,""min"":573}}",N/A; no AI opponent,Structural metric; human rating NOT MEASURED,"{""bank_per_mode"":30,""metrics"":{""domain"":1000,""modulus_values"":[17,19,23,29,31,37],""public_range_width"":{""max"":973,""median"":732.5,""min"":573}},""modes"":1,""unique"":30,""unique_bank"":30,""validated_initializations"":30}","{""counts"":{""EASY"":0,""MASTER"":0,""NORMAL"":0},""scope"":""complete current bank""}",STRUCTURAL YES; human rating uncalibrated,Human difficulty uncalibrated; measured structural parameters only.,No demonstrated selector no-op; generation and legacy banks preserved
4,CLUE LOCK,MASTER,domain 0..9999; three remainders plus digit sum; every clue essential,30,N/A; see generator_params,"{""domain"":10000,""modulus_values"":[7,11,13,17,19],""omit_one_clue_candidates"":{""max"":13,""median"":4.0,""min"":2},""public_range_width"":{""max"":10000,""median"":10000.0,""min"":10000}}",N/A; no AI opponent,Structural metric; human rating NOT MEASURED,"{""bank_per_mode"":30,""metrics"":{""domain"":10000,""modulus_values"":[7,11,13,17,19],""omit_one_clue_candidates"":{""max"":13,""median"":4.0,""min"":2},""public_range_width"":{""max"":10000,""median"":10000.0,""min"":10000}},""modes"":1,""unique"":30,""unique_bank"":30,""validated_initializations"":30}","{""counts"":{""EASY"":0,""HARD"":0,""NORMAL"":0},""scope"":""complete current bank""}",STRUCTURAL YES; human rating uncalibrated,Human difficulty uncalibrated; measured structural parameters only.,No demonstrated selector no-op; generation and legacy banks preserved
5,SEQUENCE DETECTIVE,EASY,AP/GP/shared-step alternating grammar,30,N/A; see generator_params,"{""families"":{""0"":5,""4"":25},""max_absolute_term"":{""max"":39,""median"":11.0,""min"":3}}",N/A; no AI opponent,Structural metric; human rating NOT MEASURED,"{""bank_per_mode"":30,""metrics"":{""families"":{""0"":5,""4"":25},""max_absolute_term"":{""max"":39,""median"":11.0,""min"":3}},""modes"":1,""unique"":30,""unique_bank"":30,""validated_initializations"":30}","{""counts"":{""HARD"":0,""MASTER"":0,""NORMAL"":0},""scope"":""complete current bank""}",STRUCTURAL YES; human ordering REVIEW REQUIRED,Human difficulty uncalibrated; measured structural parameters only. REVIEW REQUIRED: E and N each have 25/30 shared-step alternating puzzles; median largest term both11. E bank contains no GP puzzle despite allowed family.,No demonstrated selector no-op; generation and legacy banks preserved
5,SEQUENCE DETECTIVE,NORMAL,quadratic/Fibonacci/shared-step alternating grammar,30,N/A; see generator_params,"{""families"":{""2"":2,""3"":3,""4"":25},""max_absolute_term"":{""max"":96,""median"":11.0,""min"":5}}",N/A; no AI opponent,Structural metric; human rating NOT MEASURED,"{""bank_per_mode"":30,""metrics"":{""families"":{""2"":2,""3"":3,""4"":25},""max_absolute_term"":{""max"":96,""median"":11.0,""min"":5}},""modes"":1,""unique"":30,""unique_bank"":30,""validated_initializations"":30}","{""counts"":{""EASY"":0,""HARD"":0,""MASTER"":0},""scope"":""complete current bank""}",STRUCTURAL YES; human ordering REVIEW REQUIRED,Human difficulty uncalibrated; measured structural parameters only. REVIEW REQUIRED: E and N each have 25/30 shared-step alternating puzzles; median largest term both11. E bank contains no GP puzzle despite allowed family.,No demonstrated selector no-op; generation and legacy banks preserved
5,SEQUENCE DETECTIVE,HARD,quadratic/Fibonacci/affine recurrence grammar,30,N/A; see generator_params,"{""families"":{""2"":14,""3"":4,""5"":12},""max_absolute_term"":{""max"":3644,""median"":82.5,""min"":2}}",N/A; no AI opponent,Structural metric; human rating NOT MEASURED,"{""bank_per_mode"":30,""metrics"":{""families"":{""2"":14,""3"":4,""5"":12},""max_absolute_term"":{""max"":3644,""median"":82.5,""min"":2}},""modes"":1,""unique"":30,""unique_bank"":30,""validated_initializations"":30}","{""counts"":{""EASY"":0,""MASTER"":0,""NORMAL"":0},""scope"":""complete current bank""}",STRUCTURAL YES; human ordering REVIEW REQUIRED,Human difficulty uncalibrated; measured structural parameters only.,No demonstrated selector no-op; generation and legacy banks preserved
5,SEQUENCE DETECTIVE,MASTER,second-order affine recurrence or unequal-step alternating grammar; 15 each,30,N/A; see generator_params,"{""families"":{""6"":15,""7"":15},""max_absolute_term"":{""max"":989,""median"":17.5,""min"":2}}",N/A; no AI opponent,Structural metric; human rating NOT MEASURED,"{""bank_per_mode"":30,""metrics"":{""families"":{""6"":15,""7"":15},""max_absolute_term"":{""max"":989,""median"":17.5,""min"":2}},""modes"":1,""unique"":30,""unique_bank"":30,""validated_initializations"":30}","{""counts"":{""EASY"":0,""HARD"":0,""NORMAL"":0},""scope"":""complete current bank""}",STRUCTURAL YES; human ordering REVIEW REQUIRED,Human difficulty uncalibrated; measured structural parameters only.,No demonstrated selector no-op; generation and legacy banks preserved
6,MAKE TARGET,EASY,4 cards; constructive a*b+c-d,0,N/A; see generator_params,"{""all_targets_at_fixed_seed"":1000,""arithmetic_rules"":""all cards exactly once; arbitrary valid exact rational steps"",""card_value"":{""max"":501,""median"":10.0,""min"":1},""cards"":4,""fraction_required_for_every_solution"":""NOT PROVEN"",""seed_sample_targets"":[1,24,1000],""seed_samples_per_target"":256,""target_domain_tested"":[1,1000],""witness_fractional_intermediates"":{""max"":0,""median"":0.0,""min"":0}}",N/A; no AI opponent,Structural metric; human rating NOT MEASURED,"{""bank_per_mode"":0,""metrics"":{""all_targets_at_fixed_seed"":1000,""arithmetic_rules"":""all cards exactly once; arbitrary valid exact rational steps"",""card_value"":{""max"":501,""median"":10.0,""min"":1},""cards"":4,""fraction_required_for_every_solution"":""NOT PROVEN"",""seed_sample_targets"":[1,24,1000],""seed_samples_per_target"":256,""target_domain_tested"":[1,1000],""witness_fractional_intermediates"":{""max"":0,""median"":0.0,""min"":0}},""modes"":1,""unique"":1208,""unique_bank"":null,""validated_initializations"":1768}","{""counts"":{""HARD"":0,""MASTER"":0,""NORMAL"":0},""scope"":""bounded runtime sample only, not full generator domain""}",STRUCTURAL YES; human ordering REVIEW REQUIRED,Human difficulty uncalibrated; measured structural parameters only. REVIEW REQUIRED: constructive witness complexity is not a lower bound on all valid solutions; E/N both four cards.,No demonstrated selector no-op; generation and legacy banks preserved
6,MAKE TARGET,NORMAL,4 cards; constructive (a*b-c)/d,0,N/A; see generator_params,"{""all_targets_at_fixed_seed"":1000,""arithmetic_rules"":""all cards exactly once; arbitrary valid exact rational steps"",""card_value"":{""max"":801,""median"":10.0,""min"":1},""cards"":4,""fraction_required_for_every_solution"":""NOT PROVEN"",""seed_sample_targets"":[1,24,1000],""seed_samples_per_target"":256,""target_domain_tested"":[1,1000],""witness_fractional_intermediates"":{""max"":0,""median"":0.0,""min"":0}}",N/A; no AI opponent,Structural metric; human rating NOT MEASURED,"{""bank_per_mode"":0,""metrics"":{""all_targets_at_fixed_seed"":1000,""arithmetic_rules"":""all cards exactly once; arbitrary valid exact rational steps"",""card_value"":{""max"":801,""median"":10.0,""min"":1},""cards"":4,""fraction_required_for_every_solution"":""NOT PROVEN"",""seed_sample_targets"":[1,24,1000],""seed_samples_per_target"":256,""target_domain_tested"":[1,1000],""witness_fractional_intermediates"":{""max"":0,""median"":0.0,""min"":0}},""modes"":1,""unique"":1190,""unique_bank"":null,""validated_initializations"":1768}","{""counts"":{""EASY"":0,""HARD"":0,""MASTER"":0},""scope"":""bounded runtime sample only, not full generator domain""}",STRUCTURAL YES; human ordering REVIEW REQUIRED,Human difficulty uncalibrated; measured structural parameters only. REVIEW REQUIRED: constructive witness complexity is not a lower bound on all valid solutions; E/N both four cards.,No demonstrated selector no-op; generation and legacy banks preserved
6,MAKE TARGET,HARD,5 cards; constructive (a*b-c)/(d+e),0,N/A; see generator_params,"{""all_targets_at_fixed_seed"":1000,""arithmetic_rules"":""all cards exactly once; arbitrary valid exact rational steps"",""card_value"":{""max"":901,""median"":9.0,""min"":1},""cards"":5,""fraction_required_for_every_solution"":""NOT PROVEN"",""seed_sample_targets"":[1,24,1000],""seed_samples_per_target"":256,""target_domain_tested"":[1,1000],""witness_fractional_intermediates"":{""max"":0,""median"":0.0,""min"":0}}",N/A; no AI opponent,Structural metric; human rating NOT MEASURED,"{""bank_per_mode"":0,""metrics"":{""all_targets_at_fixed_seed"":1000,""arithmetic_rules"":""all cards exactly once; arbitrary valid exact rational steps"",""card_value"":{""max"":901,""median"":9.0,""min"":1},""cards"":5,""fraction_required_for_every_solution"":""NOT PROVEN"",""seed_sample_targets"":[1,24,1000],""seed_samples_per_target"":256,""target_domain_tested"":[1,1000],""witness_fractional_intermediates"":{""max"":0,""median"":0.0,""min"":0}},""modes"":1,""unique"":1519,""unique_bank"":null,""validated_initializations"":1768}","{""counts"":{""EASY"":0,""MASTER"":0,""NORMAL"":0},""scope"":""bounded runtime sample only, not full generator domain""}",STRUCTURAL YES; human ordering REVIEW REQUIRED,Human difficulty uncalibrated; measured structural parameters only. REVIEW REQUIRED: constructive witness complexity is not a lower bound on all valid solutions; E/N both four cards.,No demonstrated selector no-op; generation and legacy banks preserved
6,MAKE TARGET,MASTER,6 cards; constructive (a*b-c)/d+e/f; witness has fractional intermediates,0,N/A; see generator_params,"{""all_targets_at_fixed_seed"":1000,""arithmetic_rules"":""all cards exactly once; arbitrary valid exact rational steps"",""card_value"":{""max"":969,""median"":12.0,""min"":1},""cards"":6,""fraction_required_for_every_solution"":""NOT PROVEN"",""seed_sample_targets"":[1,24,1000],""seed_samples_per_target"":256,""target_domain_tested"":[1,1000],""witness_fractional_intermediates"":{""max"":2,""median"":2.0,""min"":2}}",N/A; no AI opponent,Structural metric; human rating NOT MEASURED,"{""bank_per_mode"":0,""metrics"":{""all_targets_at_fixed_seed"":1000,""arithmetic_rules"":""all cards exactly once; arbitrary valid exact rational steps"",""card_value"":{""max"":969,""median"":12.0,""min"":1},""cards"":6,""fraction_required_for_every_solution"":""NOT PROVEN"",""seed_sample_targets"":[1,24,1000],""seed_samples_per_target"":256,""target_domain_tested"":[1,1000],""witness_fractional_intermediates"":{""max"":2,""median"":2.0,""min"":2}},""modes"":1,""unique"":1731,""unique_bank"":null,""validated_initializations"":1768}","{""counts"":{""EASY"":0,""HARD"":0,""NORMAL"":0},""scope"":""bounded runtime sample only, not full generator domain""}",STRUCTURAL YES; human ordering REVIEW REQUIRED,Human difficulty uncalibrated; measured structural parameters only. REVIEW REQUIRED: constructive witness complexity is not a lower bound on all valid solutions; E/N both four cards.,No demonstrated selector no-op; generation and legacy banks preserved
7,COUNTDOWN,EASY,6 cards; 1 large + 5 small,30,N/A; see generator_params,"{""division_required"":""NOT CONSTRAINED"",""large_cards"":{""max"":1,""median"":1.0,""min"":1},""minimum_cards_exhaustive"":{""max"":5,""median"":4.0,""min"":2},""minimum_cards_histogram"":{""2"":2,""3"":12,""4"":13,""5"":3},""one_card_puzzle_ids"":[],""target"":{""max"":910,""median"":352.0,""min"":101},""witness_card_count"":{""max"":6,""median"":5.0,""min"":3},""witness_division_count"":{""max"":2,""median"":0.0,""min"":0}}",N/A; no AI opponent,Structural metric; human rating NOT MEASURED,"{""bank_per_mode"":30,""metrics"":{""division_required"":""NOT CONSTRAINED"",""large_cards"":{""max"":1,""median"":1.0,""min"":1},""minimum_cards_exhaustive"":{""max"":5,""median"":4.0,""min"":2},""minimum_cards_histogram"":{""2"":2,""3"":12,""4"":13,""5"":3},""one_card_puzzle_ids"":[],""target"":{""max"":910,""median"":352.0,""min"":101},""witness_card_count"":{""max"":6,""median"":5.0,""min"":3},""witness_division_count"":{""max"":2,""median"":0.0,""min"":0}},""modes"":1,""unique"":30,""unique_bank"":30,""validated_initializations"":30}","{""counts"":{""HARD"":0,""MASTER"":0,""NORMAL"":0},""scope"":""complete current bank""}",STRUCTURAL YES; human ordering REVIEW REQUIRED,Human difficulty uncalibrated; measured structural parameters only. REVIEW REQUIRED: large-card composition differs; minimum-card distributions overlap and do not increase monotonically.,No demonstrated selector no-op; generation and legacy banks preserved
7,COUNTDOWN,NORMAL,6 cards; 2 large + 4 small,30,N/A; see generator_params,"{""division_required"":""NOT CONSTRAINED"",""large_cards"":{""max"":2,""median"":2.0,""min"":2},""minimum_cards_exhaustive"":{""max"":5,""median"":4.0,""min"":2},""minimum_cards_histogram"":{""2"":1,""3"":10,""4"":18,""5"":1},""one_card_puzzle_ids"":[],""target"":{""max"":801,""median"":238.0,""min"":106},""witness_card_count"":{""max"":6,""median"":5.0,""min"":3},""witness_division_count"":{""max"":2,""median"":0.0,""min"":0}}",N/A; no AI opponent,Structural metric; human rating NOT MEASURED,"{""bank_per_mode"":30,""metrics"":{""division_required"":""NOT CONSTRAINED"",""large_cards"":{""max"":2,""median"":2.0,""min"":2},""minimum_cards_exhaustive"":{""max"":5,""median"":4.0,""min"":2},""minimum_cards_histogram"":{""2"":1,""3"":10,""4"":18,""5"":1},""one_card_puzzle_ids"":[],""target"":{""max"":801,""median"":238.0,""min"":106},""witness_card_count"":{""max"":6,""median"":5.0,""min"":3},""witness_division_count"":{""max"":2,""median"":0.0,""min"":0}},""modes"":1,""unique"":30,""unique_bank"":30,""validated_initializations"":30}","{""counts"":{""EASY"":0,""HARD"":0,""MASTER"":0},""scope"":""complete current bank""}",STRUCTURAL YES; human ordering REVIEW REQUIRED,Human difficulty uncalibrated; measured structural parameters only. REVIEW REQUIRED: large-card composition differs; minimum-card distributions overlap and do not increase monotonically.,No demonstrated selector no-op; generation and legacy banks preserved
7,COUNTDOWN,HARD,6 cards; 3 large + 3 small,30,N/A; see generator_params,"{""division_required"":""NOT CONSTRAINED"",""large_cards"":{""max"":3,""median"":3.0,""min"":3},""minimum_cards_exhaustive"":{""max"":5,""median"":3.5,""min"":1},""minimum_cards_histogram"":{""1"":2,""2"":2,""3"":11,""4"":12,""5"":3},""one_card_puzzle_ids"":[60,71],""target"":{""max"":875,""median"":346.0,""min"":100},""witness_card_count"":{""max"":6,""median"":4.0,""min"":2},""witness_division_count"":{""max"":3,""median"":0.0,""min"":0}}",N/A; no AI opponent,Structural metric; human rating NOT MEASURED,"{""bank_per_mode"":30,""metrics"":{""division_required"":""NOT CONSTRAINED"",""large_cards"":{""max"":3,""median"":3.0,""min"":3},""minimum_cards_exhaustive"":{""max"":5,""median"":3.5,""min"":1},""minimum_cards_histogram"":{""1"":2,""2"":2,""3"":11,""4"":12,""5"":3},""one_card_puzzle_ids"":[60,71],""target"":{""max"":875,""median"":346.0,""min"":100},""witness_card_count"":{""max"":6,""median"":4.0,""min"":2},""witness_division_count"":{""max"":3,""median"":0.0,""min"":0}},""modes"":1,""unique"":30,""unique_bank"":30,""validated_initializations"":30}","{""counts"":{""EASY"":0,""MASTER"":0,""NORMAL"":0},""scope"":""complete current bank""}",STRUCTURAL YES; human ordering REVIEW REQUIRED,Human difficulty uncalibrated; measured structural parameters only. REVIEW REQUIRED: large-card composition differs; minimum-card distributions overlap and do not increase monotonically. HARD puzzle60 and71 are solved by one card100; saved-bank compatibility prevents in-place replacement.,No demonstrated selector no-op; generation and legacy banks preserved
7,COUNTDOWN,MASTER,6 cards; 3 large + 3 small; every exact solution uses all six and division,30,N/A; see generator_params,"{""division_required"":true,""large_cards"":{""max"":3,""median"":3.0,""min"":3},""minimum_cards_exhaustive"":{""max"":6,""median"":6.0,""min"":6},""minimum_cards_histogram"":{""6"":30},""one_card_puzzle_ids"":[],""target"":{""max"":999,""median"":768.0,""min"":137},""witness_card_count"":{""max"":6,""median"":6.0,""min"":6},""witness_division_count"":{""max"":2,""median"":1.0,""min"":1}}",N/A; no AI opponent,Structural metric; human rating NOT MEASURED,"{""bank_per_mode"":30,""metrics"":{""division_required"":true,""large_cards"":{""max"":3,""median"":3.0,""min"":3},""minimum_cards_exhaustive"":{""max"":6,""median"":6.0,""min"":6},""minimum_cards_histogram"":{""6"":30},""one_card_puzzle_ids"":[],""target"":{""max"":999,""median"":768.0,""min"":137},""witness_card_count"":{""max"":6,""median"":6.0,""min"":6},""witness_division_count"":{""max"":2,""median"":1.0,""min"":1}},""modes"":1,""unique"":30,""unique_bank"":30,""validated_initializations"":30}","{""counts"":{""EASY"":0,""HARD"":0,""NORMAL"":0},""scope"":""complete current bank""}",STRUCTURAL YES; human ordering REVIEW REQUIRED,Human difficulty uncalibrated; measured structural parameters only.,No demonstrated selector no-op; generation and legacy banks preserved
8,MISSING OPERATORS,EASY,3 numbers; witness + - *; all four operators accepted,0,N/A; see generator_params,"{""fallback"":""128 attempts then fixed plus-only puzzle"",""fallback_observed"":""not instrumented; not inferred from absence"",""numbers"":3,""operator_assignments_per_puzzle"":16,""operator_kinds_per_solution"":{""max"":2,""median"":2.0,""min"":1},""solution_count_exhaustive"":{""max"":4,""median"":1.0,""min"":1}}",N/A; no AI opponent,Structural metric; human rating NOT MEASURED,"{""bank_per_mode"":0,""metrics"":{""fallback"":""128 attempts then fixed plus-only puzzle"",""fallback_observed"":""not instrumented; not inferred from absence"",""numbers"":3,""operator_assignments_per_puzzle"":16,""operator_kinds_per_solution"":{""max"":2,""median"":2.0,""min"":1},""solution_count_exhaustive"":{""max"":4,""median"":1.0,""min"":1}},""modes"":1,""unique"":251,""unique_bank"":null,""validated_initializations"":256}","{""counts"":{""HARD"":0,""MASTER"":0,""NORMAL"":0},""scope"":""bounded runtime sample only, not full generator domain""}",STRUCTURAL YES; human rating uncalibrated,Human difficulty uncalibrated; measured structural parameters only.,No demonstrated selector no-op; generation and legacy banks preserved
8,MISSING OPERATORS,NORMAL,4 numbers; witness + - * /,0,N/A; see generator_params,"{""fallback"":""128 attempts then fixed plus-only puzzle"",""fallback_observed"":""not instrumented; not inferred from absence"",""numbers"":4,""operator_assignments_per_puzzle"":64,""operator_kinds_per_solution"":{""max"":3,""median"":2,""min"":1},""solution_count_exhaustive"":{""max"":10,""median"":1.0,""min"":1}}",N/A; no AI opponent,Structural metric; human rating NOT MEASURED,"{""bank_per_mode"":0,""metrics"":{""fallback"":""128 attempts then fixed plus-only puzzle"",""fallback_observed"":""not instrumented; not inferred from absence"",""numbers"":4,""operator_assignments_per_puzzle"":64,""operator_kinds_per_solution"":{""max"":3,""median"":2,""min"":1},""solution_count_exhaustive"":{""max"":10,""median"":1.0,""min"":1}},""modes"":1,""unique"":256,""unique_bank"":null,""validated_initializations"":256}","{""counts"":{""EASY"":0,""HARD"":0,""MASTER"":0},""scope"":""bounded runtime sample only, not full generator domain""}",STRUCTURAL YES; human rating uncalibrated,Human difficulty uncalibrated; measured structural parameters only.,No demonstrated selector no-op; generation and legacy banks preserved
8,MISSING OPERATORS,HARD,5 numbers; witness + - * /,0,N/A; see generator_params,"{""fallback"":""128 attempts then fixed plus-only puzzle"",""fallback_observed"":""not instrumented; not inferred from absence"",""numbers"":5,""operator_assignments_per_puzzle"":256,""operator_kinds_per_solution"":{""max"":4,""median"":3,""min"":1},""solution_count_exhaustive"":{""max"":21,""median"":3.0,""min"":1}}",N/A; no AI opponent,Structural metric; human rating NOT MEASURED,"{""bank_per_mode"":0,""metrics"":{""fallback"":""128 attempts then fixed plus-only puzzle"",""fallback_observed"":""not instrumented; not inferred from absence"",""numbers"":5,""operator_assignments_per_puzzle"":256,""operator_kinds_per_solution"":{""max"":4,""median"":3,""min"":1},""solution_count_exhaustive"":{""max"":21,""median"":3.0,""min"":1}},""modes"":1,""unique"":256,""unique_bank"":null,""validated_initializations"":256}","{""counts"":{""EASY"":0,""MASTER"":0,""NORMAL"":0},""scope"":""bounded runtime sample only, not full generator domain""}",STRUCTURAL YES; human rating uncalibrated,Human difficulty uncalibrated; measured structural parameters only.,No demonstrated selector no-op; generation and legacy banks preserved
8,MISSING OPERATORS,MASTER,6 numbers; 1..3 solutions; every solution uses at least 3 operator kinds,30,N/A; see generator_params,"{""fallback"":""none; bank-backed"",""fallback_observed"":""not applicable"",""numbers"":6,""operator_assignments_per_puzzle"":1024,""operator_kinds_per_solution"":{""max"":4,""median"":3,""min"":3},""solution_count_exhaustive"":{""max"":3,""median"":1.0,""min"":1}}",N/A; no AI opponent,Structural metric; human rating NOT MEASURED,"{""bank_per_mode"":30,""metrics"":{""fallback"":""none; bank-backed"",""fallback_observed"":""not applicable"",""numbers"":6,""operator_assignments_per_puzzle"":1024,""operator_kinds_per_solution"":{""max"":4,""median"":3,""min"":3},""solution_count_exhaustive"":{""max"":3,""median"":1.0,""min"":1}},""modes"":1,""unique"":30,""unique_bank"":30,""validated_initializations"":30}","{""counts"":{""EASY"":0,""HARD"":0,""NORMAL"":0},""scope"":""complete current bank""}",STRUCTURAL YES; human rating uncalibrated,Human difficulty uncalibrated; measured structural parameters only.,No demonstrated selector no-op; generation and legacy banks preserved
9,CROSS MATH,EASY,3×3; four fixed numbers,30,3x3,"{""column_only_all_different_boards"":{""max"":6,""median"":2.0,""min"":1},""givens"":{""max"":4,""median"":4.0,""min"":4},""minimum_axis_candidates"":{""max"":4,""median"":2.0,""min"":1},""row_only_all_different_boards"":{""max"":6,""median"":2.0,""min"":1}}",N/A; no AI opponent,Structural metric; human rating NOT MEASURED,"{""bank_per_mode"":30,""metrics"":{""column_only_all_different_boards"":{""max"":6,""median"":2.0,""min"":1},""givens"":{""max"":4,""median"":4.0,""min"":4},""minimum_axis_candidates"":{""max"":4,""median"":2.0,""min"":1},""row_only_all_different_boards"":{""max"":6,""median"":2.0,""min"":1}},""modes"":1,""unique"":30,""unique_bank"":30,""validated_initializations"":30}","{""counts"":{""HARD"":0,""MASTER"":0,""NORMAL"":0},""scope"":""complete current bank""}",STRUCTURAL YES; human rating uncalibrated,Human difficulty uncalibrated; measured structural parameters only.,No demonstrated selector no-op; generation and legacy banks preserved
9,CROSS MATH,NORMAL,3×3; two fixed numbers,30,3x3,"{""column_only_all_different_boards"":{""max"":32,""median"":7.0,""min"":2},""givens"":{""max"":2,""median"":2.0,""min"":2},""minimum_axis_candidates"":{""max"":12,""median"":4.0,""min"":2},""row_only_all_different_boards"":{""max"":16,""median"":4.0,""min"":2}}",N/A; no AI opponent,Structural metric; human rating NOT MEASURED,"{""bank_per_mode"":30,""metrics"":{""column_only_all_different_boards"":{""max"":32,""median"":7.0,""min"":2},""givens"":{""max"":2,""median"":2.0,""min"":2},""minimum_axis_candidates"":{""max"":12,""median"":4.0,""min"":2},""row_only_all_different_boards"":{""max"":16,""median"":4.0,""min"":2}},""modes"":1,""unique"":30,""unique_bank"":30,""validated_initializations"":30}","{""counts"":{""EASY"":0,""HARD"":0,""MASTER"":0},""scope"":""complete current bank""}",STRUCTURAL YES; human rating uncalibrated,Human difficulty uncalibrated; measured structural parameters only.,No demonstrated selector no-op; generation and legacy banks preserved
9,CROSS MATH,HARD,3×3; no fixed numbers,30,3x3,"{""column_only_all_different_boards"":{""max"":288,""median"":24.0,""min"":8},""givens"":{""max"":0,""median"":0.0,""min"":0},""minimum_axis_candidates"":{""max"":168,""median"":20.0,""min"":8},""row_only_all_different_boards"":{""max"":576,""median"":24.0,""min"":8}}",N/A; no AI opponent,Structural metric; human rating NOT MEASURED,"{""bank_per_mode"":30,""metrics"":{""column_only_all_different_boards"":{""max"":288,""median"":24.0,""min"":8},""givens"":{""max"":0,""median"":0.0,""min"":0},""minimum_axis_candidates"":{""max"":168,""median"":20.0,""min"":8},""row_only_all_different_boards"":{""max"":576,""median"":24.0,""min"":8}},""modes"":1,""unique"":30,""unique_bank"":30,""validated_initializations"":30}","{""counts"":{""EASY"":0,""MASTER"":0,""NORMAL"":0},""scope"":""complete current bank""}",STRUCTURAL YES; human rating uncalibrated,Human difficulty uncalibrated; measured structural parameters only.,No demonstrated selector no-op; generation and legacy banks preserved
9,CROSS MATH,MASTER,3×3; no fixed numbers; row-only and column-only candidates both exceed old HARD min-axis maximum,30,3x3,"{""column_only_all_different_boards"":{""max"":648,""median"":216.0,""min"":176},""givens"":{""max"":0,""median"":0.0,""min"":0},""minimum_axis_candidates"":{""max"":216,""median"":216.0,""min"":176},""row_only_all_different_boards"":{""max"":432,""median"":216.0,""min"":176}}",N/A; no AI opponent,Structural metric; human rating NOT MEASURED,"{""bank_per_mode"":30,""metrics"":{""column_only_all_different_boards"":{""max"":648,""median"":216.0,""min"":176},""givens"":{""max"":0,""median"":0.0,""min"":0},""minimum_axis_candidates"":{""max"":216,""median"":216.0,""min"":176},""row_only_all_different_boards"":{""max"":432,""median"":216.0,""min"":176}},""modes"":1,""unique"":30,""unique_bank"":30,""validated_initializations"":30}","{""counts"":{""EASY"":0,""HARD"":0,""NORMAL"":0},""scope"":""complete current bank""}",STRUCTURAL YES; human rating uncalibrated,Human difficulty uncalibrated; measured structural parameters only.,No demonstrated selector no-op; generation and legacy banks preserved
10,PRIME FACTOR,EASY,"2..4 prime draws from 2,3,5,7",0,N/A; see generator_params,"{""distinct_primes"":{""max"":4,""median"":2.0,""min"":1},""largest_prime"":{""max"":7,""median"":7.0,""min"":2},""mathematical_shape_domain"":65,""multiplicity"":{""max"":4,""median"":2.0,""min"":2},""shape_domain_overlap"":{""HARD"":35,""MASTER"":0,""NORMAL"":55},""shape_vs_rng"":""admissible mathematical shapes; no exhaustive PRNG reachability proof"",""target"":{""max"":1715,""median"":24.0,""min"":4}}",N/A; no AI opponent,Structural metric; human rating NOT MEASURED,"{""bank_per_mode"":0,""metrics"":{""distinct_primes"":{""max"":4,""median"":2.0,""min"":1},""largest_prime"":{""max"":7,""median"":7.0,""min"":2},""mathematical_shape_domain"":65,""multiplicity"":{""max"":4,""median"":2.0,""min"":2},""shape_domain_overlap"":{""HARD"":35,""MASTER"":0,""NORMAL"":55},""shape_vs_rng"":""admissible mathematical shapes; no exhaustive PRNG reachability proof"",""target"":{""max"":1715,""median"":24.0,""min"":4}},""modes"":1,""unique"":50,""unique_bank"":null,""validated_initializations"":256}","{""counts"":{""HARD"":3,""MASTER"":0,""NORMAL"":21},""scope"":""bounded runtime sample only, not full generator domain""}",STRUCTURAL YES; human ordering REVIEW REQUIRED,Human difficulty uncalibrated; measured structural parameters only. REVIEW REQUIRED: numeric target domains overlap; MASTER shape domain90 is a subset of HARD shape domain and uses smaller primes.,No demonstrated selector no-op; generation and legacy banks preserved
10,PRIME FACTOR,NORMAL,3..5 prime draws from primes through 13,0,N/A; see generator_params,"{""distinct_primes"":{""max"":5,""median"":3.0,""min"":1},""largest_prime"":{""max"":13,""median"":13.0,""min"":3},""mathematical_shape_domain"":434,""multiplicity"":{""max"":5,""median"":3.0,""min"":3},""shape_domain_overlap"":{""EASY"":55,""HARD"":378,""MASTER"":0},""shape_vs_rng"":""admissible mathematical shapes; no exhaustive PRNG reachability proof"",""target"":{""max"":314171,""median"":455.0,""min"":12}}",N/A; no AI opponent,Structural metric; human rating NOT MEASURED,"{""bank_per_mode"":0,""metrics"":{""distinct_primes"":{""max"":5,""median"":3.0,""min"":1},""largest_prime"":{""max"":13,""median"":13.0,""min"":3},""mathematical_shape_domain"":434,""multiplicity"":{""max"":5,""median"":3.0,""min"":3},""shape_domain_overlap"":{""EASY"":55,""HARD"":378,""MASTER"":0},""shape_vs_rng"":""admissible mathematical shapes; no exhaustive PRNG reachability proof"",""target"":{""max"":314171,""median"":455.0,""min"":12}},""modes"":1,""unique"":138,""unique_bank"":null,""validated_initializations"":256}","{""counts"":{""EASY"":21,""HARD"":3,""MASTER"":0},""scope"":""bounded runtime sample only, not full generator domain""}",STRUCTURAL YES; human ordering REVIEW REQUIRED,Human difficulty uncalibrated; measured structural parameters only. REVIEW REQUIRED: numeric target domains overlap; MASTER shape domain90 is a subset of HARD shape domain and uses smaller primes.,No demonstrated selector no-op; generation and legacy banks preserved
10,PRIME FACTOR,HARD,4..6 prime draws through 31; multiplication over 1e6 skipped,0,N/A; see generator_params,"{""distinct_primes"":{""max"":6,""median"":4.0,""min"":2},""largest_prime"":{""max"":31,""median"":29.0,""min"":5},""mathematical_shape_domain"":6754,""multiplicity"":{""max"":6,""median"":4.0,""min"":4},""shape_domain_overlap"":{""EASY"":35,""MASTER"":90,""NORMAL"":378},""shape_vs_rng"":""admissible mathematical shapes; no exhaustive PRNG reachability proof"",""target"":{""max"":981274,""median"":45733.0,""min"":90}}",N/A; no AI opponent,Structural metric; human rating NOT MEASURED,"{""bank_per_mode"":0,""metrics"":{""distinct_primes"":{""max"":6,""median"":4.0,""min"":2},""largest_prime"":{""max"":31,""median"":29.0,""min"":5},""mathematical_shape_domain"":6754,""multiplicity"":{""max"":6,""median"":4.0,""min"":4},""shape_domain_overlap"":{""EASY"":35,""MASTER"":90,""NORMAL"":378},""shape_vs_rng"":""admissible mathematical shapes; no exhaustive PRNG reachability proof"",""target"":{""max"":981274,""median"":45733.0,""min"":90}},""modes"":1,""unique"":235,""unique_bank"":null,""validated_initializations"":256}","{""counts"":{""EASY"":3,""MASTER"":0,""NORMAL"":3},""scope"":""bounded runtime sample only, not full generator domain""}",STRUCTURAL YES; human ordering REVIEW REQUIRED,Human difficulty uncalibrated; measured structural parameters only. REVIEW REQUIRED: numeric target domains overlap; MASTER shape domain90 is a subset of HARD shape domain and uses smaller primes.,No demonstrated selector no-op; generation and legacy banks preserved
10,PRIME FACTOR,MASTER,four distinct primes through 13; exactly two squared; six factors counting multiplicity,0,N/A; see generator_params,"{""distinct_primes"":{""max"":4,""median"":4.0,""min"":4},""largest_prime"":{""max"":13,""median"":13.0,""min"":7},""mathematical_shape_domain"":90,""multiplicity"":{""max"":6,""median"":6.0,""min"":6},""shape_domain_overlap"":{""EASY"":0,""HARD"":90,""NORMAL"":0},""shape_vs_rng"":""admissible mathematical shapes; no exhaustive PRNG reachability proof"",""target"":{""max"":715715,""median"":28028.0,""min"":1260}}",N/A; no AI opponent,Structural metric; human rating NOT MEASURED,"{""bank_per_mode"":0,""metrics"":{""distinct_primes"":{""max"":4,""median"":4.0,""min"":4},""largest_prime"":{""max"":13,""median"":13.0,""min"":7},""mathematical_shape_domain"":90,""multiplicity"":{""max"":6,""median"":6.0,""min"":6},""shape_domain_overlap"":{""EASY"":0,""HARD"":90,""NORMAL"":0},""shape_vs_rng"":""admissible mathematical shapes; no exhaustive PRNG reachability proof"",""target"":{""max"":715715,""median"":28028.0,""min"":1260}},""modes"":1,""unique"":80,""unique_bank"":null,""validated_initializations"":256}","{""counts"":{""EASY"":0,""HARD"":0,""NORMAL"":0},""scope"":""bounded runtime sample only, not full generator domain""}",STRUCTURAL YES; human ordering REVIEW REQUIRED,Human difficulty uncalibrated; measured structural parameters only. REVIEW REQUIRED: numeric target domains overlap; MASTER shape domain90 is a subset of HARD shape domain and uses smaller primes.,No demonstrated selector no-op; generation and legacy banks preserved
11,SUDOKU,EASY,9x9 box/row/column constraints; clue density and inference/search bands,50,"{'min': 9, 'median': 9.0, 'max': 9}","{'givens': {'min': 43, 'median': 43.0, 'max': 43}}",N/A,public-clue propagation and bounded search; algorithm-specific counts,"{'order': {'min': 9, 'median': 9.0, 'max': 9}, 'cells': {'min': 81, 'median': 81.0, 'max': 81}, 'givens': {'min': 43, 'median': 43.0, 'max': 43}, 'solution_count': {'min': 1, 'median': 1.0, 'max': 1}, 'search_nodes': {'min': 1, 'median': 1.0, 'max': 1}, 'search_branches': {'min': 0, 'median': 0.0, 'max': 0}, 'search_max_depth': {'min': 0, 'median': 0.0, 'max': 0}, 'basic_unfilled': {'min': 0, 'median': 0.0, 'max': 0}, 'advanced_unfilled': {'min': 0, 'median': 0.0, 'max': 0}, 'after_chains_unfilled': {'min': 0, 'median': 0.0, 'max': 0}, 'forcing_eliminations': {'min': 0, 'median': 0.0, 'max': 0}, 'forcing_probes': {'min': 0, 'median': 0.0, 'max': 0}}","{'with_other_levels': [{'difficulty': 'NORMAL', 'exact': 0, 'canonical': 0}, {'difficulty': 'HARD', 'exact': 0, 'canonical': 0}, {'difficulty': 'MASTER', 'exact': 0, 'canonical': 0}, {'difficulty': 'HELL', 'exact': 0, 'canonical': 0}], 'search_range_overlaps_previous': None}",YES: structural/inference band; provisional human ranking,"Structural/inference parameters differ; human difficulty remains provisional. Every sample finishes by basic propagation; its distinction is structural or arithmetic, not a need for advanced inference.",None; evidence/caveats documented
11,SUDOKU,NORMAL,9x9 box/row/column constraints; clue density and inference/search bands,50,"{'min': 9, 'median': 9.0, 'max': 9}","{'givens': {'min': 34, 'median': 34.0, 'max': 34}}",N/A,public-clue propagation and bounded search; algorithm-specific counts,"{'order': {'min': 9, 'median': 9.0, 'max': 9}, 'cells': {'min': 81, 'median': 81.0, 'max': 81}, 'givens': {'min': 34, 'median': 34.0, 'max': 34}, 'solution_count': {'min': 1, 'median': 1.0, 'max': 1}, 'search_nodes': {'min': 1, 'median': 1.0, 'max': 3}, 'search_branches': {'min': 0, 'median': 0.0, 'max': 1}, 'search_max_depth': {'min': 0, 'median': 0.0, 'max': 1}, 'basic_unfilled': {'min': 0, 'median': 0.0, 'max': 19}, 'advanced_unfilled': {'min': 0, 'median': 0.0, 'max': 19}, 'after_chains_unfilled': {'min': 0, 'median': 0.0, 'max': 0}, 'forcing_eliminations': {'min': 0, 'median': 0.0, 'max': 1}, 'forcing_probes': {'min': 0, 'median': 0.0, 'max': 1}}","{'with_other_levels': [{'difficulty': 'EASY', 'exact': 0, 'canonical': 0}, {'difficulty': 'HARD', 'exact': 0, 'canonical': 0}, {'difficulty': 'MASTER', 'exact': 0, 'canonical': 0}, {'difficulty': 'HELL', 'exact': 0, 'canonical': 0}], 'search_range_overlaps_previous': True}",YES: structural/inference band; provisional human ranking,Structural/inference parameters differ; human difficulty remains provisional. Search-node ranges overlap the previous level; no per-puzzle strict ranking claimed.,None; evidence/caveats documented
11,SUDOKU,HARD,9x9 box/row/column constraints; clue density and inference/search bands,50,"{'min': 9, 'median': 9.0, 'max': 9}","{'givens': {'min': 27, 'median': 27.0, 'max': 27}}",N/A,public-clue propagation and bounded search; algorithm-specific counts,"{'order': {'min': 9, 'median': 9.0, 'max': 9}, 'cells': {'min': 81, 'median': 81.0, 'max': 81}, 'givens': {'min': 27, 'median': 27.0, 'max': 27}, 'solution_count': {'min': 1, 'median': 1.0, 'max': 1}, 'search_nodes': {'min': 1, 'median': 1.0, 'max': 7}, 'search_branches': {'min': 0, 'median': 0.0, 'max': 3}, 'search_max_depth': {'min': 0, 'median': 0.0, 'max': 3}, 'basic_unfilled': {'min': 0, 'median': 0.0, 'max': 47}, 'advanced_unfilled': {'min': 0, 'median': 0.0, 'max': 47}, 'after_chains_unfilled': {'min': 0, 'median': 0.0, 'max': 0}, 'forcing_eliminations': {'min': 0, 'median': 0.0, 'max': 3}, 'forcing_probes': {'min': 0, 'median': 0.0, 'max': 5}}","{'with_other_levels': [{'difficulty': 'EASY', 'exact': 0, 'canonical': 0}, {'difficulty': 'NORMAL', 'exact': 0, 'canonical': 0}, {'difficulty': 'MASTER', 'exact': 0, 'canonical': 0}, {'difficulty': 'HELL', 'exact': 0, 'canonical': 0}], 'search_range_overlaps_previous': True}",YES: structural/inference band; provisional human ranking,Structural/inference parameters differ; human difficulty remains provisional. Search-node ranges overlap the previous level; no per-puzzle strict ranking claimed.,None; evidence/caveats documented
11,SUDOKU,MASTER,9x9 box/row/column constraints; clue density and inference/search bands,50,"{'min': 9, 'median': 9.0, 'max': 9}","{'givens': {'min': 22, 'median': 25.0, 'max': 28}}",N/A,public-clue propagation and bounded search; algorithm-specific counts,"{'order': {'min': 9, 'median': 9.0, 'max': 9}, 'cells': {'min': 81, 'median': 81.0, 'max': 81}, 'givens': {'min': 22, 'median': 25.0, 'max': 28}, 'solution_count': {'min': 1, 'median': 1.0, 'max': 1}, 'search_nodes': {'min': 9, 'median': 11.0, 'max': 17}, 'search_branches': {'min': 4, 'median': 5.0, 'max': 8}, 'search_max_depth': {'min': 3, 'median': 4.0, 'max': 7}, 'basic_unfilled': {'min': 25, 'median': 44.0, 'max': 54}, 'advanced_unfilled': {'min': 25, 'median': 43.0, 'max': 51}, 'after_chains_unfilled': {'min': 0, 'median': 0.0, 'max': 0}, 'forcing_eliminations': {'min': 1, 'median': 3.0, 'max': 10}, 'forcing_probes': {'min': 3, 'median': 8.0, 'max': 33}}","{'with_other_levels': [{'difficulty': 'EASY', 'exact': 0, 'canonical': 0}, {'difficulty': 'NORMAL', 'exact': 0, 'canonical': 0}, {'difficulty': 'HARD', 'exact': 0, 'canonical': 0}, {'difficulty': 'HELL', 'exact': 0, 'canonical': 0}], 'search_range_overlaps_previous': False}",YES: structural/inference band; provisional human ranking,Structural/inference parameters differ; human difficulty remains provisional.,None; evidence/caveats documented
11,SUDOKU,HELL,9x9 box/row/column constraints; clue density and inference/search bands,30,"{'min': 9, 'median': 9.0, 'max': 9}","{'givens': {'min': 22, 'median': 24.0, 'max': 28}}",N/A,public-clue propagation and bounded search; algorithm-specific counts,"{'order': {'min': 9, 'median': 9.0, 'max': 9}, 'cells': {'min': 81, 'median': 81.0, 'max': 81}, 'givens': {'min': 22, 'median': 24.0, 'max': 28}, 'solution_count': {'min': 1, 'median': 1.0, 'max': 1}, 'search_nodes': {'min': 19, 'median': 23.0, 'max': 69}, 'search_branches': {'min': 9, 'median': 11.0, 'max': 34}, 'search_max_depth': {'min': 5, 'median': 6.0, 'max': 11}, 'basic_unfilled': {'min': 44, 'median': 48.5, 'max': 56}, 'advanced_unfilled': {'min': 43, 'median': 48.0, 'max': 56}, 'after_chains_unfilled': {'min': 0, 'median': 0.0, 'max': 0}, 'forcing_eliminations': {'min': 5, 'median': 7.0, 'max': 11}, 'forcing_probes': {'min': 13, 'median': 35.0, 'max': 185}}","{'with_other_levels': [{'difficulty': 'EASY', 'exact': 0, 'canonical': 0}, {'difficulty': 'NORMAL', 'exact': 0, 'canonical': 0}, {'difficulty': 'HARD', 'exact': 0, 'canonical': 0}, {'difficulty': 'MASTER', 'exact': 0, 'canonical': 0}], 'search_range_overlaps_previous': False}",YES: structural/inference band; provisional human ranking,Structural/inference parameters differ; human difficulty remains provisional.,None; evidence/caveats documented
12,CALCUDOKU,EASY,"Latin order, connected arithmetic cages and inference/search bands",50,"{'min': 4, 'median': 4.0, 'max': 4}","{'givens': {'min': 0, 'median': 2.0, 'max': 4}, 'cages': {'min': 6, 'median': 7.5, 'max': 10}, 'fixed_cages': {'min': 0, 'median': 2.0, 'max': 4}}",N/A,public-clue propagation and bounded search; algorithm-specific counts,"{'order': {'min': 4, 'median': 4.0, 'max': 4}, 'cells': {'min': 16, 'median': 16.0, 'max': 16}, 'givens': {'min': 0, 'median': 2.0, 'max': 4}, 'cages': {'min': 6, 'median': 7.5, 'max': 10}, 'fixed_cages': {'min': 0, 'median': 2.0, 'max': 4}, 'solution_count': {'min': 1, 'median': 1.0, 'max': 1}, 'search_nodes': {'min': 1, 'median': 1.0, 'max': 3}, 'search_branches': {'min': 0, 'median': 0.0, 'max': 1}, 'search_max_depth': {'min': 0, 'median': 0.0, 'max': 1}, 'basic_unfilled': {'min': 0, 'median': 0.0, 'max': 15}, 'advanced_unfilled': {'min': 0, 'median': 0.0, 'max': 13}, 'after_chains_unfilled': {'min': 0, 'median': 0.0, 'max': 0}, 'forcing_eliminations': {'min': 0, 'median': 0.0, 'max': 1}, 'forcing_probes': {'min': 0, 'median': 0.0, 'max': 1}}","{'with_other_levels': [{'difficulty': 'NORMAL', 'exact': 0, 'canonical': 0}, {'difficulty': 'HARD', 'exact': 0, 'canonical': 0}, {'difficulty': 'MASTER', 'exact': 0, 'canonical': 0}, {'difficulty': 'HELL', 'exact': 0, 'canonical': 0}], 'search_range_overlaps_previous': None}",YES: structural/inference band; provisional human ranking,Structural/inference parameters differ; human difficulty remains provisional.,None; evidence/caveats documented
12,CALCUDOKU,NORMAL,"Latin order, connected arithmetic cages and inference/search bands",50,"{'min': 5, 'median': 5.0, 'max': 5}","{'givens': {'min': 1, 'median': 3.0, 'max': 7}, 'cages': {'min': 8, 'median': 11.0, 'max': 14}, 'fixed_cages': {'min': 1, 'median': 3.0, 'max': 7}}",N/A,public-clue propagation and bounded search; algorithm-specific counts,"{'order': {'min': 5, 'median': 5.0, 'max': 5}, 'cells': {'min': 25, 'median': 25.0, 'max': 25}, 'givens': {'min': 1, 'median': 3.0, 'max': 7}, 'cages': {'min': 8, 'median': 11.0, 'max': 14}, 'fixed_cages': {'min': 1, 'median': 3.0, 'max': 7}, 'solution_count': {'min': 1, 'median': 1.0, 'max': 1}, 'search_nodes': {'min': 1, 'median': 1.0, 'max': 3}, 'search_branches': {'min': 0, 'median': 0.0, 'max': 1}, 'search_max_depth': {'min': 0, 'median': 0.0, 'max': 1}, 'basic_unfilled': {'min': 0, 'median': 0.0, 'max': 23}, 'advanced_unfilled': {'min': 0, 'median': 0.0, 'max': 23}, 'after_chains_unfilled': {'min': 0, 'median': 0.0, 'max': 0}, 'forcing_eliminations': {'min': 0, 'median': 0.0, 'max': 1}, 'forcing_probes': {'min': 0, 'median': 0.0, 'max': 2}}","{'with_other_levels': [{'difficulty': 'EASY', 'exact': 0, 'canonical': 0}, {'difficulty': 'HARD', 'exact': 0, 'canonical': 0}, {'difficulty': 'MASTER', 'exact': 0, 'canonical': 0}, {'difficulty': 'HELL', 'exact': 0, 'canonical': 0}], 'search_range_overlaps_previous': True}",YES: structural/inference band; provisional human ranking,Structural/inference parameters differ; human difficulty remains provisional. Search-node ranges overlap the previous level; no per-puzzle strict ranking claimed.,None; evidence/caveats documented
12,CALCUDOKU,HARD,"Latin order, connected arithmetic cages and inference/search bands",50,"{'min': 6, 'median': 6.0, 'max': 6}","{'givens': {'min': 0, 'median': 4.0, 'max': 10}, 'cages': {'min': 13, 'median': 16.0, 'max': 21}, 'fixed_cages': {'min': 0, 'median': 4.0, 'max': 10}}",N/A,public-clue propagation and bounded search; algorithm-specific counts,"{'order': {'min': 6, 'median': 6.0, 'max': 6}, 'cells': {'min': 36, 'median': 36.0, 'max': 36}, 'givens': {'min': 0, 'median': 4.0, 'max': 10}, 'cages': {'min': 13, 'median': 16.0, 'max': 21}, 'fixed_cages': {'min': 0, 'median': 4.0, 'max': 10}, 'solution_count': {'min': 1, 'median': 1.0, 'max': 1}, 'search_nodes': {'min': 1, 'median': 1.0, 'max': 7}, 'search_branches': {'min': 0, 'median': 0.0, 'max': 3}, 'search_max_depth': {'min': 0, 'median': 0.0, 'max': 3}, 'basic_unfilled': {'min': 0, 'median': 0.0, 'max': 36}, 'advanced_unfilled': {'min': 0, 'median': 0.0, 'max': 36}, 'after_chains_unfilled': {'min': 0, 'median': 0.0, 'max': 0}, 'forcing_eliminations': {'min': 0, 'median': 0.0, 'max': 3}, 'forcing_probes': {'min': 0, 'median': 0.0, 'max': 4}}","{'with_other_levels': [{'difficulty': 'EASY', 'exact': 0, 'canonical': 0}, {'difficulty': 'NORMAL', 'exact': 0, 'canonical': 0}, {'difficulty': 'MASTER', 'exact': 0, 'canonical': 0}, {'difficulty': 'HELL', 'exact': 0, 'canonical': 0}], 'search_range_overlaps_previous': True}",YES: structural/inference band; provisional human ranking,Structural/inference parameters differ; human difficulty remains provisional. Search-node ranges overlap the previous level; no per-puzzle strict ranking claimed.,None; evidence/caveats documented
12,CALCUDOKU,MASTER,"Latin order, connected arithmetic cages and inference/search bands",50,"{'min': 6, 'median': 6.0, 'max': 6}","{'givens': {'min': 0, 'median': 1.0, 'max': 3}, 'cages': {'min': 11, 'median': 13.0, 'max': 15}, 'fixed_cages': {'min': 0, 'median': 1.0, 'max': 3}}",N/A,public-clue propagation and bounded search; algorithm-specific counts,"{'order': {'min': 6, 'median': 6.0, 'max': 6}, 'cells': {'min': 36, 'median': 36.0, 'max': 36}, 'givens': {'min': 0, 'median': 1.0, 'max': 3}, 'cages': {'min': 11, 'median': 13.0, 'max': 15}, 'fixed_cages': {'min': 0, 'median': 1.0, 'max': 3}, 'solution_count': {'min': 1, 'median': 1.0, 'max': 1}, 'search_nodes': {'min': 8, 'median': 13.0, 'max': 33}, 'search_branches': {'min': 3, 'median': 6.0, 'max': 16}, 'search_max_depth': {'min': 2, 'median': 4.0, 'max': 6}, 'basic_unfilled': {'min': 27, 'median': 34.0, 'max': 36}, 'advanced_unfilled': {'min': 27, 'median': 34.0, 'max': 36}, 'after_chains_unfilled': {'min': 0, 'median': 0.0, 'max': 0}, 'forcing_eliminations': {'min': 1, 'median': 4.0, 'max': 12}, 'forcing_probes': {'min': 3, 'median': 13.5, 'max': 243}}","{'with_other_levels': [{'difficulty': 'EASY', 'exact': 0, 'canonical': 0}, {'difficulty': 'NORMAL', 'exact': 0, 'canonical': 0}, {'difficulty': 'HARD', 'exact': 0, 'canonical': 0}, {'difficulty': 'HELL', 'exact': 0, 'canonical': 0}], 'search_range_overlaps_previous': False}",YES: structural/inference band; provisional human ranking,Structural/inference parameters differ; human difficulty remains provisional.,None; evidence/caveats documented
12,CALCUDOKU,HELL,"Latin order, connected arithmetic cages and inference/search bands",30,"{'min': 6, 'median': 6.0, 'max': 6}","{'givens': {'min': 0, 'median': 1.0, 'max': 3}, 'cages': {'min': 11, 'median': 13.0, 'max': 15}, 'fixed_cages': {'min': 0, 'median': 1.0, 'max': 3}}",N/A,public-clue propagation and bounded search; algorithm-specific counts,"{'order': {'min': 6, 'median': 6.0, 'max': 6}, 'cells': {'min': 36, 'median': 36.0, 'max': 36}, 'givens': {'min': 0, 'median': 1.0, 'max': 3}, 'cages': {'min': 11, 'median': 13.0, 'max': 15}, 'fixed_cages': {'min': 0, 'median': 1.0, 'max': 3}, 'solution_count': {'min': 1, 'median': 1.0, 'max': 1}, 'search_nodes': {'min': 34, 'median': 43.5, 'max': 200}, 'search_branches': {'min': 14, 'median': 20.5, 'max': 86}, 'search_max_depth': {'min': 4, 'median': 6.0, 'max': 8}, 'basic_unfilled': {'min': 32, 'median': 35.0, 'max': 36}, 'advanced_unfilled': {'min': 32, 'median': 35.0, 'max': 36}, 'after_chains_unfilled': {'min': 0, 'median': 0.0, 'max': 0}, 'forcing_eliminations': {'min': 5, 'median': 9.0, 'max': 19}, 'forcing_probes': {'min': 22, 'median': 95.0, 'max': 469}}","{'with_other_levels': [{'difficulty': 'EASY', 'exact': 0, 'canonical': 0}, {'difficulty': 'NORMAL', 'exact': 0, 'canonical': 0}, {'difficulty': 'HARD', 'exact': 0, 'canonical': 0}, {'difficulty': 'MASTER', 'exact': 0, 'canonical': 0}], 'search_range_overlaps_previous': False}",YES: structural/inference band; provisional human ranking,Structural/inference parameters differ; human difficulty remains provisional.,None; evidence/caveats documented
13,KAKURO,EASY,"Crossing distinct-digit sum runs, white-cell geometry and inference/search bands",50,"{'min': 5, 'median': 5.0, 'max': 5}","{'white_cells': {'min': 7, 'median': 9.0, 'max': 12}, 'runs': {'min': 6, 'median': 7.0, 'max': 8}, 'longest_run': {'min': 3, 'median': 4.0, 'max': 4}}",N/A,public-clue propagation and bounded search; algorithm-specific counts,"{'order': {'min': 5, 'median': 5.0, 'max': 5}, 'cells': {'min': 25, 'median': 25.0, 'max': 25}, 'white_cells': {'min': 7, 'median': 9.0, 'max': 12}, 'runs': {'min': 6, 'median': 7.0, 'max': 8}, 'longest_run': {'min': 3, 'median': 4.0, 'max': 4}, 'solution_count': {'min': 1, 'median': 1.0, 'max': 1}, 'search_nodes': {'min': 1, 'median': 1.0, 'max': 1}, 'search_branches': {'min': 0, 'median': 0.0, 'max': 0}, 'search_max_depth': {'min': 0, 'median': 0.0, 'max': 0}, 'basic_unfilled': {'min': 0, 'median': 0.0, 'max': 0}, 'advanced_unfilled': {'min': 0, 'median': 0.0, 'max': 0}, 'after_chains_unfilled': {'min': 0, 'median': 0.0, 'max': 0}, 'forcing_eliminations': {'min': 0, 'median': 0.0, 'max': 0}, 'forcing_probes': {'min': 0, 'median': 0.0, 'max': 0}}","{'with_other_levels': [{'difficulty': 'NORMAL', 'exact': 0, 'canonical': 0}, {'difficulty': 'HARD', 'exact': 0, 'canonical': 0}, {'difficulty': 'MASTER', 'exact': 0, 'canonical': 0}, {'difficulty': 'HELL', 'exact': 0, 'canonical': 0}], 'search_range_overlaps_previous': None}",YES: structural/inference band; provisional human ranking,"Structural/inference parameters differ; human difficulty remains provisional. Every sample finishes by basic propagation; its distinction is structural or arithmetic, not a need for advanced inference.",None; evidence/caveats documented
13,KAKURO,NORMAL,"Crossing distinct-digit sum runs, white-cell geometry and inference/search bands",50,"{'min': 6, 'median': 6.0, 'max': 6}","{'white_cells': {'min': 11, 'median': 12.0, 'max': 15}, 'runs': {'min': 8, 'median': 9.0, 'max': 11}, 'longest_run': {'min': 4, 'median': 5.0, 'max': 5}}",N/A,public-clue propagation and bounded search; algorithm-specific counts,"{'order': {'min': 6, 'median': 6.0, 'max': 6}, 'cells': {'min': 36, 'median': 36.0, 'max': 36}, 'white_cells': {'min': 11, 'median': 12.0, 'max': 15}, 'runs': {'min': 8, 'median': 9.0, 'max': 11}, 'longest_run': {'min': 4, 'median': 5.0, 'max': 5}, 'solution_count': {'min': 1, 'median': 1.0, 'max': 1}, 'search_nodes': {'min': 1, 'median': 1.0, 'max': 1}, 'search_branches': {'min': 0, 'median': 0.0, 'max': 0}, 'search_max_depth': {'min': 0, 'median': 0.0, 'max': 0}, 'basic_unfilled': {'min': 0, 'median': 0.0, 'max': 0}, 'advanced_unfilled': {'min': 0, 'median': 0.0, 'max': 0}, 'after_chains_unfilled': {'min': 0, 'median': 0.0, 'max': 0}, 'forcing_eliminations': {'min': 0, 'median': 0.0, 'max': 0}, 'forcing_probes': {'min': 0, 'median': 0.0, 'max': 0}}","{'with_other_levels': [{'difficulty': 'EASY', 'exact': 0, 'canonical': 0}, {'difficulty': 'HARD', 'exact': 0, 'canonical': 0}, {'difficulty': 'MASTER', 'exact': 0, 'canonical': 0}, {'difficulty': 'HELL', 'exact': 0, 'canonical': 0}], 'search_range_overlaps_previous': True}",YES: structural/inference band; provisional human ranking,"Structural/inference parameters differ; human difficulty remains provisional. Search-node ranges overlap the previous level; no per-puzzle strict ranking claimed. Every sample finishes by basic propagation; its distinction is structural or arithmetic, not a need for advanced inference.",None; evidence/caveats documented
13,KAKURO,HARD,"Crossing distinct-digit sum runs, white-cell geometry and inference/search bands",50,"{'min': 7, 'median': 7.0, 'max': 7}","{'white_cells': {'min': 16, 'median': 17.0, 'max': 20}, 'runs': {'min': 10, 'median': 12.0, 'max': 16}, 'longest_run': {'min': 4, 'median': 5.0, 'max': 6}}",N/A,public-clue propagation and bounded search; algorithm-specific counts,"{'order': {'min': 7, 'median': 7.0, 'max': 7}, 'cells': {'min': 49, 'median': 49.0, 'max': 49}, 'white_cells': {'min': 16, 'median': 17.0, 'max': 20}, 'runs': {'min': 10, 'median': 12.0, 'max': 16}, 'longest_run': {'min': 4, 'median': 5.0, 'max': 6}, 'solution_count': {'min': 1, 'median': 1.0, 'max': 1}, 'search_nodes': {'min': 1, 'median': 1.0, 'max': 5}, 'search_branches': {'min': 0, 'median': 0.0, 'max': 2}, 'search_max_depth': {'min': 0, 'median': 0.0, 'max': 2}, 'basic_unfilled': {'min': 0, 'median': 0.0, 'max': 17}, 'advanced_unfilled': {'min': 0, 'median': 0.0, 'max': 17}, 'after_chains_unfilled': {'min': 0, 'median': 0.0, 'max': 0}, 'forcing_eliminations': {'min': 0, 'median': 0.0, 'max': 2}, 'forcing_probes': {'min': 0, 'median': 0.0, 'max': 3}}","{'with_other_levels': [{'difficulty': 'EASY', 'exact': 0, 'canonical': 0}, {'difficulty': 'NORMAL', 'exact': 0, 'canonical': 0}, {'difficulty': 'MASTER', 'exact': 0, 'canonical': 0}, {'difficulty': 'HELL', 'exact': 0, 'canonical': 0}], 'search_range_overlaps_previous': True}",YES: structural/inference band; provisional human ranking,Structural/inference parameters differ; human difficulty remains provisional. Search-node ranges overlap the previous level; no per-puzzle strict ranking claimed.,None; evidence/caveats documented
13,KAKURO,MASTER,"Crossing distinct-digit sum runs, white-cell geometry and inference/search bands",50,"{'min': 7, 'median': 7.0, 'max': 7}","{'white_cells': {'min': 21, 'median': 22.0, 'max': 25}, 'runs': {'min': 13, 'median': 15.0, 'max': 17}, 'longest_run': {'min': 5, 'median': 5.0, 'max': 5}}",N/A,public-clue propagation and bounded search; algorithm-specific counts,"{'order': {'min': 7, 'median': 7.0, 'max': 7}, 'cells': {'min': 49, 'median': 49.0, 'max': 49}, 'white_cells': {'min': 21, 'median': 22.0, 'max': 25}, 'runs': {'min': 13, 'median': 15.0, 'max': 17}, 'longest_run': {'min': 5, 'median': 5.0, 'max': 5}, 'solution_count': {'min': 1, 'median': 1.0, 'max': 1}, 'search_nodes': {'min': 7, 'median': 7.0, 'max': 15}, 'search_branches': {'min': 2, 'median': 3.0, 'max': 7}, 'search_max_depth': {'min': 2, 'median': 3.0, 'max': 5}, 'basic_unfilled': {'min': 14, 'median': 20.0, 'max': 25}, 'advanced_unfilled': {'min': 14, 'median': 20.0, 'max': 25}, 'after_chains_unfilled': {'min': 0, 'median': 0.0, 'max': 0}, 'forcing_eliminations': {'min': 1, 'median': 2.5, 'max': 7}, 'forcing_probes': {'min': 1, 'median': 6.0, 'max': 46}}","{'with_other_levels': [{'difficulty': 'EASY', 'exact': 0, 'canonical': 0}, {'difficulty': 'NORMAL', 'exact': 0, 'canonical': 0}, {'difficulty': 'HARD', 'exact': 0, 'canonical': 0}, {'difficulty': 'HELL', 'exact': 0, 'canonical': 0}], 'search_range_overlaps_previous': False}",YES: structural/inference band; provisional human ranking,Structural/inference parameters differ; human difficulty remains provisional.,None; evidence/caveats documented
13,KAKURO,HELL,"Crossing distinct-digit sum runs, white-cell geometry and inference/search bands",30,"{'min': 8, 'median': 8.0, 'max': 8}","{'white_cells': {'min': 22, 'median': 24.0, 'max': 31}, 'runs': {'min': 14, 'median': 17.0, 'max': 21}, 'longest_run': {'min': 5, 'median': 5.0, 'max': 5}}",N/A,public-clue propagation and bounded search; algorithm-specific counts,"{'order': {'min': 8, 'median': 8.0, 'max': 8}, 'cells': {'min': 64, 'median': 64.0, 'max': 64}, 'white_cells': {'min': 22, 'median': 24.0, 'max': 31}, 'runs': {'min': 14, 'median': 17.0, 'max': 21}, 'longest_run': {'min': 5, 'median': 5.0, 'max': 5}, 'solution_count': {'min': 1, 'median': 1.0, 'max': 1}, 'search_nodes': {'min': 18, 'median': 19.0, 'max': 33}, 'search_branches': {'min': 7, 'median': 9.0, 'max': 16}, 'search_max_depth': {'min': 4, 'median': 5.0, 'max': 6}, 'basic_unfilled': {'min': 16, 'median': 24.0, 'max': 31}, 'advanced_unfilled': {'min': 16, 'median': 24.0, 'max': 31}, 'after_chains_unfilled': {'min': 0, 'median': 0.0, 'max': 0}, 'forcing_eliminations': {'min': 4, 'median': 5.0, 'max': 10}, 'forcing_probes': {'min': 5, 'median': 33.0, 'max': 200}}","{'with_other_levels': [{'difficulty': 'EASY', 'exact': 0, 'canonical': 0}, {'difficulty': 'NORMAL', 'exact': 0, 'canonical': 0}, {'difficulty': 'HARD', 'exact': 0, 'canonical': 0}, {'difficulty': 'MASTER', 'exact': 0, 'canonical': 0}], 'search_range_overlaps_previous': False}",YES: structural/inference band; provisional human ranking,Structural/inference parameters differ; human difficulty remains provisional.,None; evidence/caveats documented
14,FUTOSHIKI,EASY,"Latin order, givens/inequalities and inference/search bands",50,"{'min': 4, 'median': 4.0, 'max': 4}","{'givens': {'min': 3, 'median': 3.0, 'max': 4}, 'inequalities': {'min': 11, 'median': 15.0, 'max': 20}}",N/A,public-clue propagation and bounded search; algorithm-specific counts,"{'order': {'min': 4, 'median': 4.0, 'max': 4}, 'cells': {'min': 16, 'median': 16.0, 'max': 16}, 'givens': {'min': 3, 'median': 3.0, 'max': 4}, 'inequalities': {'min': 11, 'median': 15.0, 'max': 20}, 'solution_count': {'min': 1, 'median': 1.0, 'max': 1}, 'search_nodes': {'min': 1, 'median': 1.0, 'max': 1}, 'search_branches': {'min': 0, 'median': 0.0, 'max': 0}, 'search_max_depth': {'min': 0, 'median': 0.0, 'max': 0}, 'basic_unfilled': {'min': 0, 'median': 0.0, 'max': 0}, 'advanced_unfilled': {'min': 0, 'median': 0.0, 'max': 0}, 'after_chains_unfilled': {'min': 0, 'median': 0.0, 'max': 0}, 'forcing_eliminations': {'min': 0, 'median': 0.0, 'max': 0}, 'forcing_probes': {'min': 0, 'median': 0.0, 'max': 0}}","{'with_other_levels': [{'difficulty': 'NORMAL', 'exact': 0, 'canonical': 0}, {'difficulty': 'HARD', 'exact': 0, 'canonical': 0}, {'difficulty': 'MASTER', 'exact': 0, 'canonical': 0}, {'difficulty': 'HELL', 'exact': 0, 'canonical': 0}], 'search_range_overlaps_previous': None}",YES: structural/inference band; provisional human ranking,"Structural/inference parameters differ; human difficulty remains provisional. Every sample finishes by basic propagation; its distinction is structural or arithmetic, not a need for advanced inference.",None; evidence/caveats documented
14,FUTOSHIKI,NORMAL,"Latin order, givens/inequalities and inference/search bands",50,"{'min': 5, 'median': 5.0, 'max': 5}","{'givens': {'min': 5, 'median': 5.0, 'max': 5}, 'inequalities': {'min': 11, 'median': 20.0, 'max': 25}}",N/A,public-clue propagation and bounded search; algorithm-specific counts,"{'order': {'min': 5, 'median': 5.0, 'max': 5}, 'cells': {'min': 25, 'median': 25.0, 'max': 25}, 'givens': {'min': 5, 'median': 5.0, 'max': 5}, 'inequalities': {'min': 11, 'median': 20.0, 'max': 25}, 'solution_count': {'min': 1, 'median': 1.0, 'max': 1}, 'search_nodes': {'min': 1, 'median': 1.0, 'max': 1}, 'search_branches': {'min': 0, 'median': 0.0, 'max': 0}, 'search_max_depth': {'min': 0, 'median': 0.0, 'max': 0}, 'basic_unfilled': {'min': 0, 'median': 0.0, 'max': 0}, 'advanced_unfilled': {'min': 0, 'median': 0.0, 'max': 0}, 'after_chains_unfilled': {'min': 0, 'median': 0.0, 'max': 0}, 'forcing_eliminations': {'min': 0, 'median': 0.0, 'max': 0}, 'forcing_probes': {'min': 0, 'median': 0.0, 'max': 0}}","{'with_other_levels': [{'difficulty': 'EASY', 'exact': 0, 'canonical': 0}, {'difficulty': 'HARD', 'exact': 0, 'canonical': 0}, {'difficulty': 'MASTER', 'exact': 0, 'canonical': 0}, {'difficulty': 'HELL', 'exact': 0, 'canonical': 0}], 'search_range_overlaps_previous': True}",YES: structural/inference band; provisional human ranking,"Structural/inference parameters differ; human difficulty remains provisional. Search-node ranges overlap the previous level; no per-puzzle strict ranking claimed. Every sample finishes by basic propagation; its distinction is structural or arithmetic, not a need for advanced inference.",None; evidence/caveats documented
14,FUTOSHIKI,HARD,"Latin order, givens/inequalities and inference/search bands",50,"{'min': 6, 'median': 6.0, 'max': 6}","{'givens': {'min': 7, 'median': 7.0, 'max': 7}, 'inequalities': {'min': 17, 'median': 25.0, 'max': 31}}",N/A,public-clue propagation and bounded search; algorithm-specific counts,"{'order': {'min': 6, 'median': 6.0, 'max': 6}, 'cells': {'min': 36, 'median': 36.0, 'max': 36}, 'givens': {'min': 7, 'median': 7.0, 'max': 7}, 'inequalities': {'min': 17, 'median': 25.0, 'max': 31}, 'solution_count': {'min': 1, 'median': 1.0, 'max': 1}, 'search_nodes': {'min': 1, 'median': 1.0, 'max': 7}, 'search_branches': {'min': 0, 'median': 0.0, 'max': 3}, 'search_max_depth': {'min': 0, 'median': 0.0, 'max': 3}, 'basic_unfilled': {'min': 0, 'median': 0.0, 'max': 22}, 'advanced_unfilled': {'min': 0, 'median': 0.0, 'max': 22}, 'after_chains_unfilled': {'min': 0, 'median': 0.0, 'max': 0}, 'forcing_eliminations': {'min': 0, 'median': 0.0, 'max': 3}, 'forcing_probes': {'min': 0, 'median': 0.0, 'max': 6}}","{'with_other_levels': [{'difficulty': 'EASY', 'exact': 0, 'canonical': 0}, {'difficulty': 'NORMAL', 'exact': 0, 'canonical': 0}, {'difficulty': 'MASTER', 'exact': 0, 'canonical': 0}, {'difficulty': 'HELL', 'exact': 0, 'canonical': 0}], 'search_range_overlaps_previous': True}",YES: structural/inference band; provisional human ranking,Structural/inference parameters differ; human difficulty remains provisional. Search-node ranges overlap the previous level; no per-puzzle strict ranking claimed.,None; evidence/caveats documented
14,FUTOSHIKI,MASTER,"Latin order, givens/inequalities and inference/search bands",50,"{'min': 6, 'median': 6.0, 'max': 6}","{'givens': {'min': 2, 'median': 5.0, 'max': 9}, 'inequalities': {'min': 7, 'median': 15.0, 'max': 21}}",N/A,public-clue propagation and bounded search; algorithm-specific counts,"{'order': {'min': 6, 'median': 6.0, 'max': 6}, 'cells': {'min': 36, 'median': 36.0, 'max': 36}, 'givens': {'min': 2, 'median': 5.0, 'max': 9}, 'inequalities': {'min': 7, 'median': 15.0, 'max': 21}, 'solution_count': {'min': 1, 'median': 1.0, 'max': 1}, 'search_nodes': {'min': 9, 'median': 11.0, 'max': 35}, 'search_branches': {'min': 4, 'median': 5.0, 'max': 17}, 'search_max_depth': {'min': 3, 'median': 4.0, 'max': 8}, 'basic_unfilled': {'min': 20, 'median': 28.5, 'max': 33}, 'advanced_unfilled': {'min': 20, 'median': 28.0, 'max': 33}, 'after_chains_unfilled': {'min': 0, 'median': 0.0, 'max': 0}, 'forcing_eliminations': {'min': 1, 'median': 4.0, 'max': 10}, 'forcing_probes': {'min': 3, 'median': 10.5, 'max': 80}}","{'with_other_levels': [{'difficulty': 'EASY', 'exact': 0, 'canonical': 0}, {'difficulty': 'NORMAL', 'exact': 0, 'canonical': 0}, {'difficulty': 'HARD', 'exact': 0, 'canonical': 0}, {'difficulty': 'HELL', 'exact': 0, 'canonical': 0}], 'search_range_overlaps_previous': False}",YES: structural/inference band; provisional human ranking,Structural/inference parameters differ; human difficulty remains provisional.,None; evidence/caveats documented
14,FUTOSHIKI,HELL,"Latin order, givens/inequalities and inference/search bands",30,"{'min': 6, 'median': 6.0, 'max': 6}","{'givens': {'min': 1, 'median': 4.0, 'max': 6}, 'inequalities': {'min': 11, 'median': 16.0, 'max': 23}}",N/A,public-clue propagation and bounded search; algorithm-specific counts,"{'order': {'min': 6, 'median': 6.0, 'max': 6}, 'cells': {'min': 36, 'median': 36.0, 'max': 36}, 'givens': {'min': 1, 'median': 4.0, 'max': 6}, 'inequalities': {'min': 11, 'median': 16.0, 'max': 23}, 'solution_count': {'min': 1, 'median': 1.0, 'max': 1}, 'search_nodes': {'min': 36, 'median': 41.0, 'max': 109}, 'search_branches': {'min': 17, 'median': 20.0, 'max': 53}, 'search_max_depth': {'min': 6, 'median': 8.0, 'max': 9}, 'basic_unfilled': {'min': 27, 'median': 31.0, 'max': 34}, 'advanced_unfilled': {'min': 27, 'median': 31.0, 'max': 34}, 'after_chains_unfilled': {'min': 0, 'median': 0.0, 'max': 0}, 'forcing_eliminations': {'min': 5, 'median': 8.0, 'max': 18}, 'forcing_probes': {'min': 11, 'median': 57.0, 'max': 223}}","{'with_other_levels': [{'difficulty': 'EASY', 'exact': 0, 'canonical': 0}, {'difficulty': 'NORMAL', 'exact': 0, 'canonical': 0}, {'difficulty': 'HARD', 'exact': 0, 'canonical': 0}, {'difficulty': 'MASTER', 'exact': 0, 'canonical': 0}], 'search_range_overlaps_previous': False}",YES: structural/inference band; provisional human ranking,Structural/inference parameters differ; human difficulty remains provisional.,None; evidence/caveats documented
15,SKYSCRAPERS,EASY,"Latin order, directional visibility clues and inference/search bands",50,"{'min': 4, 'median': 4.0, 'max': 4}","{'givens': {'min': 0, 'median': 0.0, 'max': 2}, 'outer_clues': {'min': 16, 'median': 16.0, 'max': 16}}",N/A,public-clue propagation and bounded search; algorithm-specific counts,"{'order': {'min': 4, 'median': 4.0, 'max': 4}, 'cells': {'min': 16, 'median': 16.0, 'max': 16}, 'givens': {'min': 0, 'median': 0.0, 'max': 2}, 'outer_clues': {'min': 16, 'median': 16.0, 'max': 16}, 'solution_count': {'min': 1, 'median': 1.0, 'max': 1}, 'search_nodes': {'min': 1, 'median': 1.0, 'max': 1}, 'search_branches': {'min': 0, 'median': 0.0, 'max': 0}, 'search_max_depth': {'min': 0, 'median': 0.0, 'max': 0}, 'basic_unfilled': {'min': 0, 'median': 0.0, 'max': 0}, 'advanced_unfilled': {'min': 0, 'median': 0.0, 'max': 0}, 'after_chains_unfilled': {'min': 0, 'median': 0.0, 'max': 0}, 'forcing_eliminations': {'min': 0, 'median': 0.0, 'max': 0}, 'forcing_probes': {'min': 0, 'median': 0.0, 'max': 0}}","{'with_other_levels': [{'difficulty': 'NORMAL', 'exact': 0, 'canonical': 0}, {'difficulty': 'HARD', 'exact': 0, 'canonical': 0}, {'difficulty': 'MASTER', 'exact': 0, 'canonical': 0}, {'difficulty': 'HELL', 'exact': 0, 'canonical': 0}], 'search_range_overlaps_previous': None}",YES: structural/inference band; provisional human ranking,"Structural/inference parameters differ; human difficulty remains provisional. Every sample finishes by basic propagation; its distinction is structural or arithmetic, not a need for advanced inference.",None; evidence/caveats documented
15,SKYSCRAPERS,NORMAL,"Latin order, directional visibility clues and inference/search bands",50,"{'min': 5, 'median': 5.0, 'max': 5}","{'givens': {'min': 0, 'median': 1.0, 'max': 3}, 'outer_clues': {'min': 15, 'median': 15.0, 'max': 16}}",N/A,public-clue propagation and bounded search; algorithm-specific counts,"{'order': {'min': 5, 'median': 5.0, 'max': 5}, 'cells': {'min': 25, 'median': 25.0, 'max': 25}, 'givens': {'min': 0, 'median': 1.0, 'max': 3}, 'outer_clues': {'min': 15, 'median': 15.0, 'max': 16}, 'solution_count': {'min': 1, 'median': 1.0, 'max': 1}, 'search_nodes': {'min': 1, 'median': 1.0, 'max': 3}, 'search_branches': {'min': 0, 'median': 0.0, 'max': 1}, 'search_max_depth': {'min': 0, 'median': 0.0, 'max': 1}, 'basic_unfilled': {'min': 0, 'median': 0.0, 'max': 18}, 'advanced_unfilled': {'min': 0, 'median': 0.0, 'max': 18}, 'after_chains_unfilled': {'min': 0, 'median': 0.0, 'max': 0}, 'forcing_eliminations': {'min': 0, 'median': 0.0, 'max': 1}, 'forcing_probes': {'min': 0, 'median': 0.0, 'max': 2}}","{'with_other_levels': [{'difficulty': 'EASY', 'exact': 0, 'canonical': 0}, {'difficulty': 'HARD', 'exact': 0, 'canonical': 0}, {'difficulty': 'MASTER', 'exact': 0, 'canonical': 0}, {'difficulty': 'HELL', 'exact': 0, 'canonical': 0}], 'search_range_overlaps_previous': True}",YES: structural/inference band; provisional human ranking,Structural/inference parameters differ; human difficulty remains provisional. Search-node ranges overlap the previous level; no per-puzzle strict ranking claimed.,None; evidence/caveats documented
15,SKYSCRAPERS,HARD,"Latin order, directional visibility clues and inference/search bands",50,"{'min': 6, 'median': 6.0, 'max': 6}","{'givens': {'min': 0, 'median': 2.0, 'max': 4}, 'outer_clues': {'min': 13, 'median': 16.0, 'max': 18}}",N/A,public-clue propagation and bounded search; algorithm-specific counts,"{'order': {'min': 6, 'median': 6.0, 'max': 6}, 'cells': {'min': 36, 'median': 36.0, 'max': 36}, 'givens': {'min': 0, 'median': 2.0, 'max': 4}, 'outer_clues': {'min': 13, 'median': 16.0, 'max': 18}, 'solution_count': {'min': 1, 'median': 1.0, 'max': 1}, 'search_nodes': {'min': 1, 'median': 1.0, 'max': 15}, 'search_branches': {'min': 0, 'median': 0.0, 'max': 7}, 'search_max_depth': {'min': 0, 'median': 0.0, 'max': 5}, 'basic_unfilled': {'min': 0, 'median': 0.0, 'max': 30}, 'advanced_unfilled': {'min': 0, 'median': 0.0, 'max': 30}, 'after_chains_unfilled': {'min': 0, 'median': 0.0, 'max': 0}, 'forcing_eliminations': {'min': 0, 'median': 0.0, 'max': 6}, 'forcing_probes': {'min': 0, 'median': 0.0, 'max': 34}}","{'with_other_levels': [{'difficulty': 'EASY', 'exact': 0, 'canonical': 0}, {'difficulty': 'NORMAL', 'exact': 0, 'canonical': 0}, {'difficulty': 'MASTER', 'exact': 0, 'canonical': 0}, {'difficulty': 'HELL', 'exact': 0, 'canonical': 0}], 'search_range_overlaps_previous': True}",YES: structural/inference band; provisional human ranking,Structural/inference parameters differ; human difficulty remains provisional. Search-node ranges overlap the previous level; no per-puzzle strict ranking claimed.,None; evidence/caveats documented
15,SKYSCRAPERS,MASTER,"Latin order, directional visibility clues and inference/search bands",50,"{'min': 6, 'median': 6.0, 'max': 6}","{'givens': {'min': 0, 'median': 1.0, 'max': 4}, 'outer_clues': {'min': 8, 'median': 11.0, 'max': 13}}",N/A,public-clue propagation and bounded search; algorithm-specific counts,"{'order': {'min': 6, 'median': 6.0, 'max': 6}, 'cells': {'min': 36, 'median': 36.0, 'max': 36}, 'givens': {'min': 0, 'median': 1.0, 'max': 4}, 'outer_clues': {'min': 8, 'median': 11.0, 'max': 13}, 'solution_count': {'min': 1, 'median': 1.0, 'max': 1}, 'search_nodes': {'min': 17, 'median': 23.0, 'max': 39}, 'search_branches': {'min': 8, 'median': 11.0, 'max': 19}, 'search_max_depth': {'min': 4, 'median': 5.5, 'max': 10}, 'basic_unfilled': {'min': 19, 'median': 32.0, 'max': 35}, 'advanced_unfilled': {'min': 19, 'median': 32.0, 'max': 35}, 'after_chains_unfilled': {'min': 0, 'median': 0.0, 'max': 0}, 'forcing_eliminations': {'min': 1, 'median': 5.0, 'max': 13}, 'forcing_probes': {'min': 4, 'median': 23.0, 'max': 175}}","{'with_other_levels': [{'difficulty': 'EASY', 'exact': 0, 'canonical': 0}, {'difficulty': 'NORMAL', 'exact': 0, 'canonical': 0}, {'difficulty': 'HARD', 'exact': 0, 'canonical': 0}, {'difficulty': 'HELL', 'exact': 0, 'canonical': 0}], 'search_range_overlaps_previous': False}",YES: structural/inference band; provisional human ranking,Structural/inference parameters differ; human difficulty remains provisional.,None; evidence/caveats documented
15,SKYSCRAPERS,HELL,"Latin order, directional visibility clues and inference/search bands",30,"{'min': 6, 'median': 7.0, 'max': 7}","{'givens': {'min': 0, 'median': 3.0, 'max': 6}, 'outer_clues': {'min': 11, 'median': 14.0, 'max': 19}}",N/A,public-clue propagation and bounded search; algorithm-specific counts,"{'order': {'min': 6, 'median': 7.0, 'max': 7}, 'cells': {'min': 36, 'median': 49.0, 'max': 49}, 'givens': {'min': 0, 'median': 3.0, 'max': 6}, 'outer_clues': {'min': 11, 'median': 14.0, 'max': 19}, 'solution_count': {'min': 1, 'median': 1.0, 'max': 1}, 'search_nodes': {'min': 41, 'median': 57.0, 'max': 228}, 'search_branches': {'min': 20, 'median': 26.5, 'max': 107}, 'search_max_depth': {'min': 6, 'median': 9.0, 'max': 11}, 'basic_unfilled': {'min': 33, 'median': 42.0, 'max': 45}, 'advanced_unfilled': {'min': 33, 'median': 42.0, 'max': 45}, 'after_chains_unfilled': {'min': 0, 'median': 0.0, 'max': 0}, 'forcing_eliminations': {'min': 8, 'median': 12.5, 'max': 22}, 'forcing_probes': {'min': 25, 'median': 127.5, 'max': 383}}","{'with_other_levels': [{'difficulty': 'EASY', 'exact': 0, 'canonical': 0}, {'difficulty': 'NORMAL', 'exact': 0, 'canonical': 0}, {'difficulty': 'HARD', 'exact': 0, 'canonical': 0}, {'difficulty': 'MASTER', 'exact': 0, 'canonical': 0}], 'search_range_overlaps_previous': False}",YES: structural/inference band; provisional human ranking,Structural/inference parameters differ; human difficulty remains provisional.,None; evidence/caveats documented
16,HITORI,EASY,"Duplicate conflicts, nonadjacent shading and white connectivity",30,"{'min': 4, 'median': 4.0, 'max': 4}","{'duplicate_pairs': {'min': 7, 'median': 9.0, 'max': 14}}",N/A,public-clue propagation and bounded search; algorithm-specific counts,"{'order': {'min': 4, 'median': 4.0, 'max': 4}, 'cells': {'min': 16, 'median': 16.0, 'max': 16}, 'duplicate_pairs': {'min': 7, 'median': 9.0, 'max': 14}, 'solution_count': {'min': 1, 'median': 1.0, 'max': 1}, 'search_nodes': {'min': 3, 'median': 3.0, 'max': 11}, 'search_branches': {'min': 1, 'median': 1.0, 'max': 5}, 'search_max_depth': {'min': 1, 'median': 1.0, 'max': 4}, 'basic_unfilled': {'min': 16, 'median': 16.0, 'max': 16}, 'advanced_unfilled': {'min': 16, 'median': 16.0, 'max': 16}, 'after_chains_unfilled': {'min': 0, 'median': 0.0, 'max': 0}, 'forcing_eliminations': {'min': 1, 'median': 1.0, 'max': 4}, 'forcing_probes': {'min': 1, 'median': 2.0, 'max': 9}}","{'with_other_levels': [{'difficulty': 'NORMAL', 'exact': 0, 'canonical': 0}, {'difficulty': 'HARD', 'exact': 0, 'canonical': 0}, {'difficulty': 'MASTER', 'exact': 0, 'canonical': 0}], 'search_range_overlaps_previous': None}",YES: structural/inference band; provisional human ranking,Structural/inference parameters differ; human difficulty remains provisional.,None; evidence/caveats documented
16,HITORI,NORMAL,"Duplicate conflicts, nonadjacent shading and white connectivity",30,"{'min': 5, 'median': 5.0, 'max': 5}","{'duplicate_pairs': {'min': 11, 'median': 15.0, 'max': 19}}",N/A,public-clue propagation and bounded search; algorithm-specific counts,"{'order': {'min': 5, 'median': 5.0, 'max': 5}, 'cells': {'min': 25, 'median': 25.0, 'max': 25}, 'duplicate_pairs': {'min': 11, 'median': 15.0, 'max': 19}, 'solution_count': {'min': 1, 'median': 1.0, 'max': 1}, 'search_nodes': {'min': 3, 'median': 3.0, 'max': 13}, 'search_branches': {'min': 1, 'median': 1.0, 'max': 6}, 'search_max_depth': {'min': 1, 'median': 1.0, 'max': 6}, 'basic_unfilled': {'min': 25, 'median': 25.0, 'max': 25}, 'advanced_unfilled': {'min': 25, 'median': 25.0, 'max': 25}, 'after_chains_unfilled': {'min': 0, 'median': 0.0, 'max': 0}, 'forcing_eliminations': {'min': 1, 'median': 1.0, 'max': 6}, 'forcing_probes': {'min': 1, 'median': 2.0, 'max': 11}}","{'with_other_levels': [{'difficulty': 'EASY', 'exact': 0, 'canonical': 0}, {'difficulty': 'HARD', 'exact': 0, 'canonical': 0}, {'difficulty': 'MASTER', 'exact': 0, 'canonical': 0}], 'search_range_overlaps_previous': True}",YES: structural/inference band; provisional human ranking,Structural/inference parameters differ; human difficulty remains provisional. Search-node ranges overlap the previous level; no per-puzzle strict ranking claimed.,None; evidence/caveats documented
16,HITORI,HARD,"Duplicate conflicts, nonadjacent shading and white connectivity",30,"{'min': 6, 'median': 6.0, 'max': 6}","{'duplicate_pairs': {'min': 15, 'median': 21.0, 'max': 28}}",N/A,public-clue propagation and bounded search; algorithm-specific counts,"{'order': {'min': 6, 'median': 6.0, 'max': 6}, 'cells': {'min': 36, 'median': 36.0, 'max': 36}, 'duplicate_pairs': {'min': 15, 'median': 21.0, 'max': 28}, 'solution_count': {'min': 1, 'median': 1.0, 'max': 1}, 'search_nodes': {'min': 3, 'median': 5.0, 'max': 13}, 'search_branches': {'min': 1, 'median': 2.0, 'max': 6}, 'search_max_depth': {'min': 1, 'median': 2.0, 'max': 6}, 'basic_unfilled': {'min': 36, 'median': 36.0, 'max': 36}, 'advanced_unfilled': {'min': 36, 'median': 36.0, 'max': 36}, 'after_chains_unfilled': {'min': 0, 'median': 0.0, 'max': 0}, 'forcing_eliminations': {'min': 1, 'median': 2.0, 'max': 6}, 'forcing_probes': {'min': 1, 'median': 3.0, 'max': 11}}","{'with_other_levels': [{'difficulty': 'EASY', 'exact': 0, 'canonical': 0}, {'difficulty': 'NORMAL', 'exact': 0, 'canonical': 0}, {'difficulty': 'MASTER', 'exact': 0, 'canonical': 0}], 'search_range_overlaps_previous': True}",YES: structural/inference band; provisional human ranking,Structural/inference parameters differ; human difficulty remains provisional. Search-node ranges overlap the previous level; no per-puzzle strict ranking claimed.,None; evidence/caveats documented
16,HITORI,MASTER,"Duplicate conflicts, nonadjacent shading and white connectivity",30,"{'min': 6, 'median': 6.0, 'max': 6}","{'duplicate_pairs': {'min': 15, 'median': 19.0, 'max': 25}}",N/A,public-clue propagation and bounded search; algorithm-specific counts,"{'order': {'min': 6, 'median': 6.0, 'max': 6}, 'cells': {'min': 36, 'median': 36.0, 'max': 36}, 'duplicate_pairs': {'min': 15, 'median': 19.0, 'max': 25}, 'solution_count': {'min': 1, 'median': 1.0, 'max': 1}, 'search_nodes': {'min': 15, 'median': 17.0, 'max': 37}, 'search_branches': {'min': 7, 'median': 8.0, 'max': 18}, 'search_max_depth': {'min': 5, 'median': 7.0, 'max': 12}, 'basic_unfilled': {'min': 36, 'median': 36.0, 'max': 36}, 'advanced_unfilled': {'min': 36, 'median': 36.0, 'max': 36}, 'after_chains_unfilled': {'min': 0, 'median': 0.0, 'max': 0}, 'forcing_eliminations': {'min': 4, 'median': 6.0, 'max': 12}, 'forcing_probes': {'min': 11, 'median': 15.5, 'max': 43}}","{'with_other_levels': [{'difficulty': 'EASY', 'exact': 0, 'canonical': 0}, {'difficulty': 'NORMAL', 'exact': 0, 'canonical': 0}, {'difficulty': 'HARD', 'exact': 0, 'canonical': 0}], 'search_range_overlaps_previous': False}",YES: structural/inference band; provisional human ranking,Structural/inference parameters differ; human difficulty remains provisional.,None; evidence/caveats documented
17,BINARY PUZZLE,EASY,"Balanced unique binary lines, no triples; order/givens/inference",30,"{'min': 6, 'median': 6.0, 'max': 6}","{'givens': {'min': 17, 'median': 17.0, 'max': 17}}",N/A,public-clue propagation and bounded search; algorithm-specific counts,"{'order': {'min': 6, 'median': 6.0, 'max': 6}, 'cells': {'min': 36, 'median': 36.0, 'max': 36}, 'givens': {'min': 17, 'median': 17.0, 'max': 17}, 'solution_count': {'min': 1, 'median': 1.0, 'max': 1}, 'search_nodes': {'min': 1, 'median': 1.0, 'max': 3}, 'search_branches': {'min': 0, 'median': 0.0, 'max': 1}, 'search_max_depth': {'min': 0, 'median': 0.0, 'max': 1}, 'basic_unfilled': {'min': 0, 'median': 0.0, 'max': 11}, 'advanced_unfilled': {'min': 0, 'median': 0.0, 'max': 11}, 'after_chains_unfilled': {'min': 0, 'median': 0.0, 'max': 0}, 'forcing_eliminations': {'min': 0, 'median': 0.0, 'max': 1}, 'forcing_probes': {'min': 0, 'median': 0.0, 'max': 2}}","{'with_other_levels': [{'difficulty': 'NORMAL', 'exact': 0, 'canonical': 0}, {'difficulty': 'HARD', 'exact': 0, 'canonical': 0}, {'difficulty': 'MASTER', 'exact': 0, 'canonical': 0}], 'search_range_overlaps_previous': None}",YES: structural/inference band; provisional human ranking,Structural/inference parameters differ; human difficulty remains provisional.,None; evidence/caveats documented
17,BINARY PUZZLE,NORMAL,"Balanced unique binary lines, no triples; order/givens/inference",30,"{'min': 6, 'median': 6.0, 'max': 6}","{'givens': {'min': 11, 'median': 11.0, 'max': 11}}",N/A,public-clue propagation and bounded search; algorithm-specific counts,"{'order': {'min': 6, 'median': 6.0, 'max': 6}, 'cells': {'min': 36, 'median': 36.0, 'max': 36}, 'givens': {'min': 11, 'median': 11.0, 'max': 11}, 'solution_count': {'min': 1, 'median': 1.0, 'max': 1}, 'search_nodes': {'min': 1, 'median': 1.0, 'max': 5}, 'search_branches': {'min': 0, 'median': 0.0, 'max': 2}, 'search_max_depth': {'min': 0, 'median': 0.0, 'max': 2}, 'basic_unfilled': {'min': 0, 'median': 9.0, 'max': 19}, 'advanced_unfilled': {'min': 0, 'median': 0.0, 'max': 19}, 'after_chains_unfilled': {'min': 0, 'median': 0.0, 'max': 0}, 'forcing_eliminations': {'min': 0, 'median': 0.0, 'max': 2}, 'forcing_probes': {'min': 0, 'median': 0.0, 'max': 2}}","{'with_other_levels': [{'difficulty': 'EASY', 'exact': 0, 'canonical': 0}, {'difficulty': 'HARD', 'exact': 0, 'canonical': 0}, {'difficulty': 'MASTER', 'exact': 0, 'canonical': 0}], 'search_range_overlaps_previous': True}",YES: structural/inference band; provisional human ranking,Structural/inference parameters differ; human difficulty remains provisional. Search-node ranges overlap the previous level; no per-puzzle strict ranking claimed.,None; evidence/caveats documented
17,BINARY PUZZLE,HARD,"Balanced unique binary lines, no triples; order/givens/inference",30,"{'min': 8, 'median': 8.0, 'max': 8}","{'givens': {'min': 20, 'median': 20.0, 'max': 20}}",N/A,public-clue propagation and bounded search; algorithm-specific counts,"{'order': {'min': 8, 'median': 8.0, 'max': 8}, 'cells': {'min': 64, 'median': 64.0, 'max': 64}, 'givens': {'min': 20, 'median': 20.0, 'max': 20}, 'solution_count': {'min': 1, 'median': 1.0, 'max': 1}, 'search_nodes': {'min': 1, 'median': 1.0, 'max': 9}, 'search_branches': {'min': 0, 'median': 0.0, 'max': 4}, 'search_max_depth': {'min': 0, 'median': 0.0, 'max': 3}, 'basic_unfilled': {'min': 0, 'median': 15.0, 'max': 34}, 'advanced_unfilled': {'min': 0, 'median': 0.0, 'max': 34}, 'after_chains_unfilled': {'min': 0, 'median': 0.0, 'max': 0}, 'forcing_eliminations': {'min': 0, 'median': 0.0, 'max': 3}, 'forcing_probes': {'min': 0, 'median': 0.0, 'max': 22}}","{'with_other_levels': [{'difficulty': 'EASY', 'exact': 0, 'canonical': 0}, {'difficulty': 'NORMAL', 'exact': 0, 'canonical': 0}, {'difficulty': 'MASTER', 'exact': 0, 'canonical': 0}], 'search_range_overlaps_previous': True}",YES: structural/inference band; provisional human ranking,Structural/inference parameters differ; human difficulty remains provisional. Search-node ranges overlap the previous level; no per-puzzle strict ranking claimed.,None; evidence/caveats documented
17,BINARY PUZZLE,MASTER,"Balanced unique binary lines, no triples; order/givens/inference",30,"{'min': 8, 'median': 8.0, 'max': 8}","{'givens': {'min': 12, 'median': 14.0, 'max': 18}}",N/A,public-clue propagation and bounded search; algorithm-specific counts,"{'order': {'min': 8, 'median': 8.0, 'max': 8}, 'cells': {'min': 64, 'median': 64.0, 'max': 64}, 'givens': {'min': 12, 'median': 14.0, 'max': 18}, 'solution_count': {'min': 1, 'median': 1.0, 'max': 1}, 'search_nodes': {'min': 11, 'median': 15.0, 'max': 39}, 'search_branches': {'min': 5, 'median': 7.0, 'max': 19}, 'search_max_depth': {'min': 3, 'median': 5.0, 'max': 8}, 'basic_unfilled': {'min': 25, 'median': 33.0, 'max': 46}, 'advanced_unfilled': {'min': 22, 'median': 33.0, 'max': 46}, 'after_chains_unfilled': {'min': 0, 'median': 0.0, 'max': 0}, 'forcing_eliminations': {'min': 3, 'median': 5.0, 'max': 12}, 'forcing_probes': {'min': 6, 'median': 22.0, 'max': 148}}","{'with_other_levels': [{'difficulty': 'EASY', 'exact': 0, 'canonical': 0}, {'difficulty': 'NORMAL', 'exact': 0, 'canonical': 0}, {'difficulty': 'HARD', 'exact': 0, 'canonical': 0}], 'search_range_overlaps_previous': False}",YES: structural/inference band; provisional human ranking,Structural/inference parameters differ; human difficulty remains provisional.,None; evidence/caveats documented
18,NUMBRIX,EASY,Orthogonal consecutive-number path; order/givens/path inference,30,"{'min': 4, 'median': 4.0, 'max': 4}","{'givens': {'min': 8, 'median': 8.0, 'max': 8}}",N/A,public-clue propagation and bounded search; algorithm-specific counts,"{'order': {'min': 4, 'median': 4.0, 'max': 4}, 'cells': {'min': 16, 'median': 16.0, 'max': 16}, 'givens': {'min': 8, 'median': 8.0, 'max': 8}, 'solution_count': {'min': 1, 'median': 1.0, 'max': 1}, 'search_nodes': {'min': 1, 'median': 1.0, 'max': 3}, 'search_branches': {'min': 0, 'median': 0.0, 'max': 1}, 'search_max_depth': {'min': 0, 'median': 0.0, 'max': 1}, 'basic_unfilled': {'min': 0, 'median': 0.0, 'max': 4}, 'advanced_unfilled': {'min': 0, 'median': 0.0, 'max': 4}, 'after_chains_unfilled': {'min': 0, 'median': 0.0, 'max': 0}, 'forcing_eliminations': {'min': 0, 'median': 0.0, 'max': 1}, 'forcing_probes': {'min': 0, 'median': 0.0, 'max': 1}}","{'with_other_levels': [{'difficulty': 'NORMAL', 'exact': 0, 'canonical': 0}, {'difficulty': 'HARD', 'exact': 0, 'canonical': 0}, {'difficulty': 'MASTER', 'exact': 0, 'canonical': 0}], 'search_range_overlaps_previous': None}",YES: structural/inference band; provisional human ranking,Structural/inference parameters differ; human difficulty remains provisional.,None; evidence/caveats documented
18,NUMBRIX,NORMAL,Orthogonal consecutive-number path; order/givens/path inference,30,"{'min': 5, 'median': 5.0, 'max': 5}","{'givens': {'min': 10, 'median': 10.0, 'max': 10}}",N/A,public-clue propagation and bounded search; algorithm-specific counts,"{'order': {'min': 5, 'median': 5.0, 'max': 5}, 'cells': {'min': 25, 'median': 25.0, 'max': 25}, 'givens': {'min': 10, 'median': 10.0, 'max': 10}, 'solution_count': {'min': 1, 'median': 1.0, 'max': 1}, 'search_nodes': {'min': 1, 'median': 1.0, 'max': 5}, 'search_branches': {'min': 0, 'median': 0.0, 'max': 2}, 'search_max_depth': {'min': 0, 'median': 0.0, 'max': 2}, 'basic_unfilled': {'min': 0, 'median': 0.0, 'max': 9}, 'advanced_unfilled': {'min': 0, 'median': 0.0, 'max': 9}, 'after_chains_unfilled': {'min': 0, 'median': 0.0, 'max': 0}, 'forcing_eliminations': {'min': 0, 'median': 0.0, 'max': 2}, 'forcing_probes': {'min': 0, 'median': 0.0, 'max': 5}}","{'with_other_levels': [{'difficulty': 'EASY', 'exact': 0, 'canonical': 0}, {'difficulty': 'HARD', 'exact': 0, 'canonical': 0}, {'difficulty': 'MASTER', 'exact': 0, 'canonical': 0}], 'search_range_overlaps_previous': True}",YES: structural/inference band; provisional human ranking,Structural/inference parameters differ; human difficulty remains provisional. Search-node ranges overlap the previous level; no per-puzzle strict ranking claimed.,None; evidence/caveats documented
18,NUMBRIX,HARD,Orthogonal consecutive-number path; order/givens/path inference,30,"{'min': 6, 'median': 6.0, 'max': 6}","{'givens': {'min': 12, 'median': 12.0, 'max': 12}}",N/A,public-clue propagation and bounded search; algorithm-specific counts,"{'order': {'min': 6, 'median': 6.0, 'max': 6}, 'cells': {'min': 36, 'median': 36.0, 'max': 36}, 'givens': {'min': 12, 'median': 12.0, 'max': 12}, 'solution_count': {'min': 1, 'median': 1.0, 'max': 1}, 'search_nodes': {'min': 1, 'median': 3.0, 'max': 20}, 'search_branches': {'min': 0, 'median': 1.0, 'max': 9}, 'search_max_depth': {'min': 0, 'median': 1.0, 'max': 5}, 'basic_unfilled': {'min': 0, 'median': 9.0, 'max': 19}, 'advanced_unfilled': {'min': 0, 'median': 4.0, 'max': 17}, 'after_chains_unfilled': {'min': 0, 'median': 0.0, 'max': 0}, 'forcing_eliminations': {'min': 0, 'median': 1.0, 'max': 6}, 'forcing_probes': {'min': 0, 'median': 2.0, 'max': 14}}","{'with_other_levels': [{'difficulty': 'EASY', 'exact': 0, 'canonical': 0}, {'difficulty': 'NORMAL', 'exact': 0, 'canonical': 0}, {'difficulty': 'MASTER', 'exact': 0, 'canonical': 0}], 'search_range_overlaps_previous': True}",YES: structural/inference band; provisional human ranking,Structural/inference parameters differ; human difficulty remains provisional. Search-node ranges overlap the previous level; no per-puzzle strict ranking claimed.,None; evidence/caveats documented
18,NUMBRIX,MASTER,Orthogonal consecutive-number path; order/givens/path inference,30,"{'min': 6, 'median': 6.0, 'max': 6}","{'givens': {'min': 7, 'median': 7.0, 'max': 7}}",N/A,public-clue propagation and bounded search; algorithm-specific counts,"{'order': {'min': 6, 'median': 6.0, 'max': 6}, 'cells': {'min': 36, 'median': 36.0, 'max': 36}, 'givens': {'min': 7, 'median': 7.0, 'max': 7}, 'solution_count': {'min': 1, 'median': 1.0, 'max': 1}, 'search_nodes': {'min': 21, 'median': 31.0, 'max': 119}, 'search_branches': {'min': 10, 'median': 15.0, 'max': 58}, 'search_max_depth': {'min': 5, 'median': 8.0, 'max': 12}, 'basic_unfilled': {'min': 12, 'median': 26.5, 'max': 29}, 'advanced_unfilled': {'min': 12, 'median': 25.5, 'max': 29}, 'after_chains_unfilled': {'min': 0, 'median': 0.0, 'max': 0}, 'forcing_eliminations': {'min': 6, 'median': 10.0, 'max': 20}, 'forcing_probes': {'min': 11, 'median': 44.0, 'max': 244}}","{'with_other_levels': [{'difficulty': 'EASY', 'exact': 0, 'canonical': 0}, {'difficulty': 'NORMAL', 'exact': 0, 'canonical': 0}, {'difficulty': 'HARD', 'exact': 0, 'canonical': 0}], 'search_range_overlaps_previous': False}",YES: structural/inference band; provisional human ranking,Structural/inference parameters differ; human difficulty remains provisional.,None; evidence/caveats documented
19,MAGIC SQUARE,EASY,"PARTIAL: order/givens, MASTER PAN wrapped diagonals; FREE: normal orders 3/4/5/6",30,"{'PARTIAL': {'min': 3, 'median': 3.0, 'max': 3}, 'FREE': 3}","{'givens': {'min': 0, 'median': 4.5, 'max': 7}, 'FREE': {'givens': 0, 'range': [1, 9], 'magic_sum': 15, 'bank_size': 0, 'wrapped_diagonals': False}}",N/A,public normal/PAN rules and board order; no solver uniqueness rating,"{'order': {'min': 3, 'median': 3.0, 'max': 3}, 'cells': {'min': 9, 'median': 9.0, 'max': 9}, 'givens': {'min': 0, 'median': 4.5, 'max': 7}}","{'with_other_levels': [{'difficulty': 'NORMAL', 'exact': 0, 'canonical': 0}, {'difficulty': 'HARD', 'exact': 0, 'canonical': 0}, {'difficulty': 'MASTER', 'exact': 0, 'canonical': 0}], 'search_range_overlaps_previous': None}",YES: structural/inference band; provisional human ranking,PARTIAL allows multiple solutions. Legacy FREE E/N were both 3x3; new FREE fixes that no-op with 3/4/5/6 orders.,FREE rev3 normal orders 3/4/5/6; old FREE orders/rules preserved
19,MAGIC SQUARE,NORMAL,"PARTIAL: order/givens, MASTER PAN wrapped diagonals; FREE: normal orders 3/4/5/6",30,"{'PARTIAL': {'min': 3, 'median': 3.0, 'max': 3}, 'FREE': 4}","{'givens': {'min': 1, 'median': 2.0, 'max': 5}, 'FREE': {'givens': 0, 'range': [1, 16], 'magic_sum': 34, 'bank_size': 0, 'wrapped_diagonals': False}}",N/A,public normal/PAN rules and board order; no solver uniqueness rating,"{'order': {'min': 3, 'median': 3.0, 'max': 3}, 'cells': {'min': 9, 'median': 9.0, 'max': 9}, 'givens': {'min': 1, 'median': 2.0, 'max': 5}}","{'with_other_levels': [{'difficulty': 'EASY', 'exact': 0, 'canonical': 0}, {'difficulty': 'HARD', 'exact': 0, 'canonical': 0}, {'difficulty': 'MASTER', 'exact': 0, 'canonical': 0}], 'search_range_overlaps_previous': None}",YES: structural/inference band; provisional human ranking,PARTIAL allows multiple solutions. Legacy FREE E/N were both 3x3; new FREE fixes that no-op with 3/4/5/6 orders.,FREE rev3 normal orders 3/4/5/6; old FREE orders/rules preserved
19,MAGIC SQUARE,HARD,"PARTIAL: order/givens, MASTER PAN wrapped diagonals; FREE: normal orders 3/4/5/6",30,"{'PARTIAL': {'min': 4, 'median': 4.0, 'max': 4}, 'FREE': 5}","{'givens': {'min': 3, 'median': 7.0, 'max': 10}, 'FREE': {'givens': 0, 'range': [1, 25], 'magic_sum': 65, 'bank_size': 0, 'wrapped_diagonals': False}}",N/A,public normal/PAN rules and board order; no solver uniqueness rating,"{'order': {'min': 4, 'median': 4.0, 'max': 4}, 'cells': {'min': 16, 'median': 16.0, 'max': 16}, 'givens': {'min': 3, 'median': 7.0, 'max': 10}}","{'with_other_levels': [{'difficulty': 'EASY', 'exact': 0, 'canonical': 0}, {'difficulty': 'NORMAL', 'exact': 0, 'canonical': 0}, {'difficulty': 'MASTER', 'exact': 0, 'canonical': 0}], 'search_range_overlaps_previous': None}",YES: structural/inference band; provisional human ranking,PARTIAL allows multiple solutions. Legacy FREE E/N were both 3x3; new FREE fixes that no-op with 3/4/5/6 orders.,FREE rev3 normal orders 3/4/5/6; old FREE orders/rules preserved
19,MAGIC SQUARE,MASTER,"PARTIAL: order/givens, MASTER PAN wrapped diagonals; FREE: normal orders 3/4/5/6",30,"{'PARTIAL': {'min': 4, 'median': 4.0, 'max': 4}, 'FREE': 6}","{'givens': {'min': 4, 'median': 4.0, 'max': 4}, 'FREE': {'givens': 0, 'range': [1, 36], 'magic_sum': 111, 'bank_size': 0, 'wrapped_diagonals': False}}",N/A,public normal/PAN rules and board order; no solver uniqueness rating,"{'order': {'min': 4, 'median': 4.0, 'max': 4}, 'cells': {'min': 16, 'median': 16.0, 'max': 16}, 'givens': {'min': 4, 'median': 4.0, 'max': 4}}","{'with_other_levels': [{'difficulty': 'EASY', 'exact': 0, 'canonical': 0}, {'difficulty': 'NORMAL', 'exact': 0, 'canonical': 0}, {'difficulty': 'HARD', 'exact': 0, 'canonical': 0}], 'search_range_overlaps_previous': None}",YES: structural/inference band; provisional human ranking,PARTIAL allows multiple solutions. Legacy FREE E/N were both 3x3; new FREE fixes that no-op with 3/4/5/6 orders.,FREE rev3 normal orders 3/4/5/6; old FREE orders/rules preserved
20,SUM GRID,EASY,Weighted row/column subset sums; order/weights and crossing inference,30,"{'min': 5, 'median': 5.0, 'max': 5}","{'maximum_value': {'min': 5, 'median': 5.0, 'max': 5}, 'maximum_target': {'min': 9, 'median': 13.5, 'max': 17}}",N/A,public-clue propagation and bounded search; algorithm-specific counts,"{'order': {'min': 5, 'median': 5.0, 'max': 5}, 'cells': {'min': 25, 'median': 25.0, 'max': 25}, 'maximum_value': {'min': 5, 'median': 5.0, 'max': 5}, 'maximum_target': {'min': 9, 'median': 13.5, 'max': 17}, 'solution_count': {'min': 1, 'median': 1.0, 'max': 1}, 'search_nodes': {'min': 1, 'median': 1.0, 'max': 1}, 'search_branches': {'min': 0, 'median': 0.0, 'max': 0}, 'search_max_depth': {'min': 0, 'median': 0.0, 'max': 0}, 'basic_unfilled': {'min': 0, 'median': 0.0, 'max': 0}, 'advanced_unfilled': {'min': 0, 'median': 0.0, 'max': 0}, 'after_chains_unfilled': {'min': 0, 'median': 0.0, 'max': 0}, 'forcing_eliminations': {'min': 0, 'median': 0.0, 'max': 0}, 'forcing_probes': {'min': 0, 'median': 0.0, 'max': 0}}","{'with_other_levels': [{'difficulty': 'NORMAL', 'exact': 0, 'canonical': 0}, {'difficulty': 'HARD', 'exact': 0, 'canonical': 0}, {'difficulty': 'MASTER', 'exact': 0, 'canonical': 0}], 'search_range_overlaps_previous': None}",YES: structural/inference band; provisional human ranking,"Structural/inference parameters differ; human difficulty remains provisional. Every sample finishes by basic propagation; its distinction is structural or arithmetic, not a need for advanced inference.",None; evidence/caveats documented
20,SUM GRID,NORMAL,Weighted row/column subset sums; order/weights and crossing inference,30,"{'min': 5, 'median': 5.0, 'max': 5}","{'maximum_value': {'min': 9, 'median': 9.0, 'max': 9}, 'maximum_target': {'min': 11, 'median': 25.0, 'max': 34}}",N/A,public-clue propagation and bounded search; algorithm-specific counts,"{'order': {'min': 5, 'median': 5.0, 'max': 5}, 'cells': {'min': 25, 'median': 25.0, 'max': 25}, 'maximum_value': {'min': 9, 'median': 9.0, 'max': 9}, 'maximum_target': {'min': 11, 'median': 25.0, 'max': 34}, 'solution_count': {'min': 1, 'median': 1.0, 'max': 1}, 'search_nodes': {'min': 1, 'median': 1.0, 'max': 1}, 'search_branches': {'min': 0, 'median': 0.0, 'max': 0}, 'search_max_depth': {'min': 0, 'median': 0.0, 'max': 0}, 'basic_unfilled': {'min': 0, 'median': 0.0, 'max': 0}, 'advanced_unfilled': {'min': 0, 'median': 0.0, 'max': 0}, 'after_chains_unfilled': {'min': 0, 'median': 0.0, 'max': 0}, 'forcing_eliminations': {'min': 0, 'median': 0.0, 'max': 0}, 'forcing_probes': {'min': 0, 'median': 0.0, 'max': 0}}","{'with_other_levels': [{'difficulty': 'EASY', 'exact': 0, 'canonical': 0}, {'difficulty': 'HARD', 'exact': 0, 'canonical': 0}, {'difficulty': 'MASTER', 'exact': 0, 'canonical': 0}], 'search_range_overlaps_previous': True}",YES: structural/inference band; provisional human ranking,"Structural/inference parameters differ; human difficulty remains provisional. Search-node ranges overlap the previous level; no per-puzzle strict ranking claimed. Every sample finishes by basic propagation; its distinction is structural or arithmetic, not a need for advanced inference.",None; evidence/caveats documented
20,SUM GRID,HARD,Weighted row/column subset sums; order/weights and crossing inference,30,"{'min': 6, 'median': 6.0, 'max': 6}","{'maximum_value': {'min': 11, 'median': 12.0, 'max': 12}, 'maximum_target': {'min': 26, 'median': 35.5, 'max': 48}}",N/A,public-clue propagation and bounded search; algorithm-specific counts,"{'order': {'min': 6, 'median': 6.0, 'max': 6}, 'cells': {'min': 36, 'median': 36.0, 'max': 36}, 'maximum_value': {'min': 11, 'median': 12.0, 'max': 12}, 'maximum_target': {'min': 26, 'median': 35.5, 'max': 48}, 'solution_count': {'min': 1, 'median': 1.0, 'max': 1}, 'search_nodes': {'min': 1, 'median': 1.0, 'max': 1}, 'search_branches': {'min': 0, 'median': 0.0, 'max': 0}, 'search_max_depth': {'min': 0, 'median': 0.0, 'max': 0}, 'basic_unfilled': {'min': 0, 'median': 0.0, 'max': 0}, 'advanced_unfilled': {'min': 0, 'median': 0.0, 'max': 0}, 'after_chains_unfilled': {'min': 0, 'median': 0.0, 'max': 0}, 'forcing_eliminations': {'min': 0, 'median': 0.0, 'max': 0}, 'forcing_probes': {'min': 0, 'median': 0.0, 'max': 0}}","{'with_other_levels': [{'difficulty': 'EASY', 'exact': 0, 'canonical': 0}, {'difficulty': 'NORMAL', 'exact': 0, 'canonical': 0}, {'difficulty': 'MASTER', 'exact': 0, 'canonical': 0}], 'search_range_overlaps_previous': True}",YES: structural/inference band; provisional human ranking,"Structural/inference parameters differ; human difficulty remains provisional. Search-node ranges overlap the previous level; no per-puzzle strict ranking claimed. Every sample finishes by basic propagation; its distinction is structural or arithmetic, not a need for advanced inference.",None; evidence/caveats documented
20,SUM GRID,MASTER,Weighted row/column subset sums; order/weights and crossing inference,30,"{'min': 7, 'median': 7.0, 'max': 7}","{'maximum_value': {'min': 5, 'median': 5.0, 'max': 5}, 'maximum_target': {'min': 13, 'median': 19.0, 'max': 24}}",N/A,public-clue propagation and bounded search; algorithm-specific counts,"{'order': {'min': 7, 'median': 7.0, 'max': 7}, 'cells': {'min': 49, 'median': 49.0, 'max': 49}, 'maximum_value': {'min': 5, 'median': 5.0, 'max': 5}, 'maximum_target': {'min': 13, 'median': 19.0, 'max': 24}, 'solution_count': {'min': 1, 'median': 1.0, 'max': 1}, 'search_nodes': {'min': 3, 'median': 5.0, 'max': 19}, 'search_branches': {'min': 1, 'median': 2.0, 'max': 9}, 'search_max_depth': {'min': 1, 'median': 2.0, 'max': 8}, 'basic_unfilled': {'min': 20, 'median': 34.5, 'max': 45}, 'advanced_unfilled': {'min': 20, 'median': 34.5, 'max': 45}, 'after_chains_unfilled': {'min': 0, 'median': 0.0, 'max': 0}, 'forcing_eliminations': {'min': 1, 'median': 2.0, 'max': 8}, 'forcing_probes': {'min': 1, 'median': 3.5, 'max': 53}}","{'with_other_levels': [{'difficulty': 'EASY', 'exact': 0, 'canonical': 0}, {'difficulty': 'NORMAL', 'exact': 0, 'canonical': 0}, {'difficulty': 'HARD', 'exact': 0, 'canonical': 0}], 'search_range_overlaps_previous': False}",YES: structural/inference band; provisional human ranking,Structural/inference parameters differ; human difficulty remains provisional.,None; evidence/caveats documented
21,NIM,EASY,CPU policy and initial position,mode 0: 0; mode 1: 0,mode 0: 1x3; mode 1: 1x3,3 piles 1..7,random legal move,Optimal decisions only where legal choices differ in outcome; pre-existing independent exact-table audit,6/106 optimal on common decision opportunities; 128 total positions,Random branch may choose an optimal move; 75% branch rate is not 75% success rate,YES,PASS,None
21,NIM,NORMAL,CPU policy and initial position,mode 0: 0; mode 1: 0,mode 0: 1x3; mode 1: 1x3,3 piles 1..15,75% exact-policy branch; 25% random,Optimal decisions only where legal choices differ in outcome; pre-existing independent exact-table audit,79/106 optimal on common decision opportunities; 128 total positions,Random branch may choose an optimal move; 75% branch rate is not 75% success rate,YES,PASS,None
21,NIM,HARD,CPU policy and initial position,mode 0: 0; mode 1: 0,mode 0: 1x4; mode 1: 1x4,4 piles 1..31,exact outcome-optimal policy,Optimal decisions only where legal choices differ in outcome; pre-existing independent exact-table audit,106/106 optimal on common decision opportunities; 128 total positions,HARD/MASTER CPU deliberately identical: 128/128 board and RNG decisions match; starts differ,YES,PASS,None
21,NIM,MASTER,Verified forced-win tactical starts; CPU identical to HARD,mode 0: 30; mode 1: 30,mode 0: 1x4; mode 1: 1x4,Full enumerated mode-specific bank; human can force a win,same exact policy as HARD,Optimal decisions only where legal choices differ in outcome; pre-existing independent exact-table audit,106/106 optimal on common decision opportunities; 128 total positions,HARD/MASTER CPU deliberately identical: 128/128 board and RNG decisions match; starts differ,YES,PASS,None
22,WYTHOFF,EASY,CPU policy and initial position,mode 0: 0; mode 1: 0,mode 0: 1x3; mode 1: 1x3,piles 1..10,random legal move,Optimal decisions only where legal choices differ in outcome; pre-existing independent exact-table audit,9/111 optimal on common decision opportunities; 128 total positions,Random branch may choose an optimal move; 75% branch rate is not 75% success rate,YES,PASS,None
22,WYTHOFF,NORMAL,CPU policy and initial position,mode 0: 0; mode 1: 0,mode 0: 1x3; mode 1: 1x3,piles 1..24,75% exact-policy branch; 25% random,Optimal decisions only where legal choices differ in outcome; pre-existing independent exact-table audit,87/111 optimal on common decision opportunities; 128 total positions,Random branch may choose an optimal move; 75% branch rate is not 75% success rate,YES,PASS,None
22,WYTHOFF,HARD,CPU policy and initial position,mode 0: 0; mode 1: 0,mode 0: 1x3; mode 1: 1x3,piles 1..40,exact outcome-optimal policy,Optimal decisions only where legal choices differ in outcome; pre-existing independent exact-table audit,111/111 optimal on common decision opportunities; 128 total positions,HARD/MASTER CPU deliberately identical: 128/128 board and RNG decisions match; starts differ,YES,PASS,None
22,WYTHOFF,MASTER,Verified forced-win tactical starts; CPU identical to HARD,mode 0: 30; mode 1: 12,mode 0: 1x3; mode 1: 1x3,Full enumerated mode-specific bank; human can force a win,same exact policy as HARD,Optimal decisions only where legal choices differ in outcome; pre-existing independent exact-table audit,111/111 optimal on common decision opportunities; 128 total positions,HARD/MASTER CPU deliberately identical: 128/128 board and RNG decisions match; starts differ,YES,PASS,None
23,EUCLID,EASY,CPU policy and initial position,mode 0: 0; mode 1: 0,mode 0: 1x2; mode 1: 1x2,values 1..12,random legal move,Optimal decisions only where legal choices differ in outcome; pre-existing independent exact-table audit,22/89 optimal on common decision opportunities; 128 total positions,Random branch may choose an optimal move; 75% branch rate is not 75% success rate,YES,PASS,None
23,EUCLID,NORMAL,CPU policy and initial position,mode 0: 0; mode 1: 0,mode 0: 1x2; mode 1: 1x2,values 1..40,75% exact-policy branch; 25% random,Optimal decisions only where legal choices differ in outcome; pre-existing independent exact-table audit,69/89 optimal on common decision opportunities; 128 total positions,Random branch may choose an optimal move; 75% branch rate is not 75% success rate,YES,PASS,None
23,EUCLID,HARD,CPU policy and initial position,mode 0: 0; mode 1: 0,mode 0: 1x2; mode 1: 1x2,values 1..99,exact outcome-optimal policy,Optimal decisions only where legal choices differ in outcome; pre-existing independent exact-table audit,89/89 optimal on common decision opportunities; 128 total positions,HARD/MASTER CPU deliberately identical: 128/128 board and RNG decisions match; starts differ,YES,PASS,None
23,EUCLID,MASTER,Verified forced-win tactical starts; CPU identical to HARD,mode 0: 30; mode 1: 30,mode 0: 1x2; mode 1: 1x2,Full enumerated mode-specific bank; human can force a win,same exact policy as HARD,Optimal decisions only where legal choices differ in outcome; pre-existing independent exact-table audit,89/89 optimal on common decision opportunities; 128 total positions,HARD/MASTER CPU deliberately identical: 128/128 board and RNG decisions match; starts differ,YES,PASS,None
24,MAKE FIFTEEN,EASY,CPU policy and initial position,mode 0: 0; mode 1: 0,mode 0: 3x3; mode 1: 3x3,empty 9-card opening,random legal move,Optimal decisions only where legal choices differ in outcome; pre-existing independent exact-table audit,31/67 optimal on common decision opportunities; 128 total positions,Random branch may choose an optimal move; 75% branch rate is not 75% success rate,YES,PASS,None
24,MAKE FIFTEEN,NORMAL,CPU policy and initial position,mode 0: 0; mode 1: 0,mode 0: 3x3; mode 1: 3x3,empty 9-card opening,75% exact-policy branch; 25% random,Optimal decisions only where legal choices differ in outcome; pre-existing independent exact-table audit,53/67 optimal on common decision opportunities; 128 total positions,Random branch may choose an optimal move; 75% branch rate is not 75% success rate,YES,PASS,None
24,MAKE FIFTEEN,HARD,CPU policy and initial position,mode 0: 0; mode 1: 0,mode 0: 3x3; mode 1: 3x3,empty 9-card opening,exact outcome-optimal policy,Optimal decisions only where legal choices differ in outcome; pre-existing independent exact-table audit,67/67 optimal on common decision opportunities; 128 total positions,HARD/MASTER CPU deliberately identical: 128/128 board and RNG decisions match; starts differ,YES,PASS,None
24,MAKE FIFTEEN,MASTER,Verified forced-win tactical starts; CPU identical to HARD,mode 0: 30; mode 1: 5,mode 0: 3x3; mode 1: 3x3,Full enumerated mode-specific bank; human can force a win,same exact policy as HARD,Optimal decisions only where legal choices differ in outcome; pre-existing independent exact-table audit,67/67 optimal on common decision opportunities; 128 total positions,HARD/MASTER CPU deliberately identical: 128/128 board and RNG decisions match; starts differ,YES,PASS,None
25,RACE TO TARGET,EASY,CPU policy and initial position,mode 0: 0; mode 1: 0,mode 0: 1x1; mode 1: 1x1,target 21/add 1..3,random legal move,Optimal decisions only where legal choices differ in outcome; pre-existing independent exact-table audit,27/102 optimal on common decision opportunities; 128 total positions,Random branch may choose an optimal move; 75% branch rate is not 75% success rate,YES,PASS,None
25,RACE TO TARGET,NORMAL,CPU policy and initial position,mode 0: 0; mode 1: 0,mode 0: 1x1; mode 1: 1x1,target 31/add 1..3,75% exact-policy branch; 25% random,Optimal decisions only where legal choices differ in outcome; pre-existing independent exact-table audit,84/102 optimal on common decision opportunities; 128 total positions,Random branch may choose an optimal move; 75% branch rate is not 75% success rate,YES,PASS,None
25,RACE TO TARGET,HARD,CPU policy and initial position,mode 0: 0; mode 1: 0,mode 0: 1x1; mode 1: 1x1,target 23/add 1..4,exact outcome-optimal policy,Optimal decisions only where legal choices differ in outcome; pre-existing independent exact-table audit,102/102 optimal on common decision opportunities; 128 total positions,HARD/MASTER CPU deliberately identical: 128/128 board and RNG decisions match; starts differ,YES,PASS,None
25,RACE TO TARGET,MASTER,Verified forced-win tactical starts; CPU identical to HARD,mode 0: 30; mode 1: 30,mode 0: 1x1; mode 1: 1x1,Full enumerated mode-specific bank; human can force a win,same exact policy as HARD,Optimal decisions only where legal choices differ in outcome; pre-existing independent exact-table audit,102/102 optimal on common decision opportunities; 128 total positions,HARD/MASTER CPU deliberately identical: 128/128 board and RNG decisions match; starts differ,YES,PASS,None
26,2048,EASY,TARGET terminal goal; CLASSIC fixed rules,mode 0: 0; mode 1: 0,mode 0: 4x4; mode 1: 4x4,TARGET=512; CLASSIC keeps playing after 2048,None,"Exact terminal goal, not altered spawn rate",Identical initial board/RNG at equal seed across levels; 90% 2 / 10% 4 spawn rule unchanged,CLASSIC level is an intentional no-op; app hides level and starts NORMAL; old E/N/H preserved,TARGET YES; CLASSIC FIXED EXCEPTION,FIXED EXCEPTION,Removed stale rules claim that cumulative records persist
26,2048,NORMAL,TARGET terminal goal; CLASSIC fixed rules,mode 0: 0; mode 1: 0,mode 0: 4x4; mode 1: 4x4,TARGET=1024; CLASSIC keeps playing after 2048,None,"Exact terminal goal, not altered spawn rate",Identical initial board/RNG at equal seed across levels; 90% 2 / 10% 4 spawn rule unchanged,CLASSIC level is an intentional no-op; app hides level and starts NORMAL; old E/N/H preserved,TARGET YES; CLASSIC FIXED EXCEPTION,FIXED EXCEPTION,Removed stale rules claim that cumulative records persist
26,2048,HARD,TARGET terminal goal; CLASSIC fixed rules,mode 0: 0; mode 1: 0,mode 0: 4x4; mode 1: 4x4,TARGET=2048; CLASSIC keeps playing after 2048,None,"Exact terminal goal, not altered spawn rate",Identical initial board/RNG at equal seed across levels; 90% 2 / 10% 4 spawn rule unchanged,CLASSIC level is an intentional no-op; app hides level and starts NORMAL; old E/N/H preserved,TARGET YES; CLASSIC FIXED EXCEPTION,FIXED EXCEPTION,Removed stale rules claim that cumulative records persist
26,2048,MASTER,TARGET terminal goal; CLASSIC fixed rules,mode 0: 0; mode 1: 0,mode 0: 4x4; mode 1: 4x4,TARGET=8192; CLASSIC keeps playing after 2048,None,"Exact terminal goal, not altered spawn rate",Identical initial board/RNG at equal seed across levels; 90% 2 / 10% 4 spawn rule unchanged,CLASSIC level is an intentional no-op; app hides level and starts NORMAL; old E/N/H preserved,TARGET YES; CLASSIC FIXED EXCEPTION,FIXED EXCEPTION,Removed stale rules claim that cumulative records persist
27,SLIDING,EASY,Solvable legal shuffle and Manhattan lower-bound acceptance,mode 0: 0; mode 1: 0,mode 0: 3x3; mode 1: 4x4,"80 shuffle steps, Manhattan threshold 6, <=16 attempts",None,3x3 exhaustive BFS distance; 4x4 Manhattan lower bound only,"[{""exact_shortest_moves"": {""distinct"": 10, ""max"": 28, ""mean"": 21.9219, ""median"": 22.0, ""min"": 10}, ""manhattan_lower_bound"": {""distinct"": 8, ""max"": 20, ""mean"": 14.0938, ""median"": 14.0, ""min"": 6}, ""mode"": 0}, {""manhattan_lower_bound"": {""distinct"": 12, ""max"": 40, ""mean"": 28.3125, ""median"": 28.0, ""min"": 18}, ""mode"": 1}]",E/N/H shortest-distance ranges overlap strongly; shuffle count is not difficulty,Mechanism YES; E/N separation REVIEW REQUIRED,REVIEW REQUIRED,No calibration change; retain seeds and label evidence limitations
27,SLIDING,NORMAL,Solvable legal shuffle and Manhattan lower-bound acceptance,mode 0: 0; mode 1: 0,mode 0: 3x3; mode 1: 4x4,"160 shuffle steps, Manhattan threshold 10, <=16 attempts",None,3x3 exhaustive BFS distance; 4x4 Manhattan lower bound only,"[{""exact_shortest_moves"": {""distinct"": 9, ""max"": 28, ""mean"": 22.1875, ""median"": 22.0, ""min"": 12}, ""manhattan_lower_bound"": {""distinct"": 6, ""max"": 20, ""mean"": 14.375, ""median"": 14.0, ""min"": 10}, ""mode"": 0}, {""manhattan_lower_bound"": {""distinct"": 13, ""max"": 46, ""mean"": 34.0938, ""median"": 34.0, ""min"": 20}, ""mode"": 1}]",E/N/H shortest-distance ranges overlap strongly; shuffle count is not difficulty,Mechanism YES; E/N separation REVIEW REQUIRED,REVIEW REQUIRED,No calibration change; retain seeds and label evidence limitations
27,SLIDING,HARD,Solvable legal shuffle and Manhattan lower-bound acceptance,mode 0: 0; mode 1: 0,mode 0: 3x3; mode 1: 4x4,"240 shuffle steps, Manhattan threshold 14, <=16 attempts",None,3x3 exhaustive BFS distance; 4x4 Manhattan lower bound only,"[{""exact_shortest_moves"": {""distinct"": 8, ""max"": 28, ""mean"": 23.25, ""median"": 24.0, ""min"": 14}, ""manhattan_lower_bound"": {""distinct"": 4, ""max"": 20, ""mean"": 15.8438, ""median"": 16.0, ""min"": 14}, ""mode"": 0}, {""manhattan_lower_bound"": {""distinct"": 14, ""max"": 50, ""mean"": 36.25, ""median"": 36.0, ""min"": 24}, ""mode"": 1}]",E/N/H shortest-distance ranges overlap strongly; shuffle count is not difficulty,Mechanism YES; E/N separation REVIEW REQUIRED,REVIEW REQUIRED,No calibration change; retain seeds and label evidence limitations
27,SLIDING,MASTER,Certified long starts,mode 0: 2; mode 1: 30,mode 0: 3x3; mode 1: 4x4,3x3 exact 31; 4x4 400-step witness and lower bound >=48,None,3x3 exhaustive BFS distance; 4x4 Manhattan lower bound only,"[{""exact_shortest_moves"": {""distinct"": 1, ""max"": 31, ""mean"": 31, ""median"": 31.0, ""min"": 31}, ""manhattan_lower_bound"": {""distinct"": 1, ""max"": 21, ""mean"": 21, ""median"": 21.0, ""min"": 21}, ""mode"": 0}, {""manhattan_lower_bound"": {""distinct"": 3, ""max"": 52, ""mean"": 49.0667, ""median"": 48.0, ""min"": 48}, ""mode"": 1}]",E/N/H shortest-distance ranges overlap strongly; shuffle count is not difficulty,Mechanism YES; E/N separation REVIEW REQUIRED,PASS,No calibration change; retain seeds and label evidence limitations
28,LIGHTS OUT,EASY,4x4 certified minimum presses; 5x5 constructive pressing,mode 0: 0; mode 1: 0,mode 0: 4x4; mode 1: 5x5,revision 3 4x4 minimum 2; 5x5 4 generating presses,No CPU; GF(2) hint does not promise fewest presses,Independent exhaustive first-row row-chasing minimum,"[{""exact_minimum_presses"": {""distinct"": 1, ""max"": 2, ""mean"": 2, ""median"": 2.0, ""min"": 2}, ""mode"": 0}, {""exact_minimum_presses"": {""distinct"": 1, ""max"": 4, ""mean"": 4, ""median"": 4.0, ""min"": 4}, ""mode"": 1}]",4x4 new E/N/H/M 2/4/5/6 do not overlap; 5x5 H/M ranges overlap,"4x4 YES; 5x5 distribution YES, human ranking uncalibrated",FIXED,Revision 3 fixes 4x4 inverse grading; revision <=2 preserves initial boards and RNG; <=16 candidates plus verified fallback
28,LIGHTS OUT,NORMAL,4x4 certified minimum presses; 5x5 constructive pressing,mode 0: 0; mode 1: 0,mode 0: 4x4; mode 1: 5x5,revision 3 4x4 minimum 4; 5x5 8 generating presses,No CPU; GF(2) hint does not promise fewest presses,Independent exhaustive first-row row-chasing minimum,"[{""exact_minimum_presses"": {""distinct"": 1, ""max"": 4, ""mean"": 4, ""median"": 4.0, ""min"": 4}, ""mode"": 0}, {""exact_minimum_presses"": {""distinct"": 2, ""max"": 8, ""mean"": 7.9844, ""median"": 8.0, ""min"": 6}, ""mode"": 1}]",4x4 new E/N/H/M 2/4/5/6 do not overlap; 5x5 H/M ranges overlap,"4x4 YES; 5x5 distribution YES, human ranking uncalibrated",FIXED,Revision 3 fixes 4x4 inverse grading; revision <=2 preserves initial boards and RNG; <=16 candidates plus verified fallback
28,LIGHTS OUT,HARD,4x4 certified minimum presses; 5x5 constructive pressing,mode 0: 0; mode 1: 0,mode 0: 4x4; mode 1: 5x5,revision 3 4x4 minimum 5; 5x5 18 generating presses,No CPU; GF(2) hint does not promise fewest presses,Independent exhaustive first-row row-chasing minimum,"[{""exact_minimum_presses"": {""distinct"": 1, ""max"": 5, ""mean"": 5, ""median"": 5.0, ""min"": 5}, ""mode"": 0}, {""exact_minimum_presses"": {""distinct"": 5, ""max"": 14, ""mean"": 10.0781, ""median"": 10.0, ""min"": 6}, ""mode"": 1}]",4x4 new E/N/H/M 2/4/5/6 do not overlap; 5x5 H/M ranges overlap,"4x4 YES; 5x5 distribution YES, human ranking uncalibrated",FIXED,Revision 3 fixes 4x4 inverse grading; revision <=2 preserves initial boards and RNG; <=16 candidates plus verified fallback
28,LIGHTS OUT,MASTER,Certified minimum-press banks,mode 0: 30; mode 1: 30,mode 0: 4x4; mode 1: 5x5,4x4 exact 6; 5x5 exact 12..14,No CPU; GF(2) hint does not promise fewest presses,Independent exhaustive first-row row-chasing minimum,"[{""exact_minimum_presses"": {""distinct"": 1, ""max"": 6, ""mean"": 6, ""median"": 6.0, ""min"": 6}, ""mode"": 0}, {""exact_minimum_presses"": {""distinct"": 3, ""max"": 14, ""mean"": 12.2667, ""median"": 12.0, ""min"": 12}, ""mode"": 1}]",4x4 new E/N/H/M 2/4/5/6 do not overlap; 5x5 H/M ranges overlap,"4x4 YES; 5x5 distribution YES, human ranking uncalibrated",PASS,Revision 3 fixes 4x4 inverse grading; revision <=2 preserves initial boards and RNG; <=16 candidates plus verified fallback
31,SHIKAKU,EASY,BOARD_SIZE,30,5x5,original host bank,none,independent public-clue reference solver nodes,clues=6..9 mean=7.17; reference_nodes=8..17,exact=0;D4=0 across levels,True,none,none
31,SHIKAKU,NORMAL,BOARD_SIZE,30,6x6,original host bank,none,independent public-clue reference solver nodes,clues=8..13 mean=10.30; reference_nodes=9..54,exact=0;D4=0 across levels,True,none,none
31,SHIKAKU,HARD,BANK_DIFFERENCE,30,8x8,original host bank,none,independent public-clue reference solver nodes,clues=12..19 mean=14.57; reference_nodes=15..76,exact=0;D4=0 across levels,True,none,none
31,SHIKAKU,MASTER,COMPOSITE,30,8x8,original host bank; MASTER structural filter,none,independent public-clue reference solver nodes,clues=10..15 mean=13.10; reference_nodes=21..125,exact=0;D4=0 across levels,True,"MASTER shares 8x8 with HARD; structural search filters, not every-human-order proof",none
32,SLITHERLINK,EASY,BOARD_SIZE,30,5x5,original host bank,none,independent public-clue reference solver nodes,clues=18..18 mean=18.00; reference_nodes=1..5,exact=0;D4=0 across levels,True,none,none
32,SLITHERLINK,NORMAL,BOARD_SIZE,30,6x6,original host bank,none,independent public-clue reference solver nodes,clues=23..23 mean=23.00; reference_nodes=1..7,exact=0;D4=0 across levels,True,none,none
32,SLITHERLINK,HARD,BANK_DIFFERENCE,30,8x8,original host bank,none,independent public-clue reference solver nodes,clues=34..34 mean=34.00; reference_nodes=1..199,exact=0;D4=0 across levels,True,none,none
32,SLITHERLINK,MASTER,COMPOSITE,30,8x8,original host bank; MASTER structural filter,none,independent public-clue reference solver nodes,clues=25..26 mean=25.03; reference_nodes=5..1317,exact=0;D4=0 across levels,True,"MASTER shares 8x8 with HARD; structural search filters, not every-human-order proof",none
33,BLACK BOX,EASY,5×5; 3 atoms; 20 ports,0,5x5,"{""atom_layout_domain"":2300,""atoms"":3,""board_side"":5,""ports"":20,""ray_checks"":5120,""unique_hidden_layout_guarantee"":false,""unique_sample_D4_layouts"":171,""unique_sample_full_ray_vectors"":244}",N/A; no AI opponent,Structural metric; human rating NOT MEASURED,"{""bank_per_mode"":0,""metrics"":{""atom_layout_domain"":2300,""atoms"":3,""board_side"":5,""ports"":20,""ray_checks"":5120,""unique_hidden_layout_guarantee"":false,""unique_sample_D4_layouts"":171,""unique_sample_full_ray_vectors"":244},""modes"":1,""unique"":244,""unique_bank"":null,""validated_initializations"":256}","{""counts"":{""HARD"":0,""MASTER"":0,""NORMAL"":0},""scope"":""bounded runtime sample only, not full generator domain""}",STRUCTURAL YES; human rating uncalibrated,Human difficulty uncalibrated; measured structural parameters only.,No demonstrated selector no-op; generation and legacy banks preserved
33,BLACK BOX,NORMAL,6×6; 4 atoms; 24 ports,0,6x6,"{""atom_layout_domain"":58905,""atoms"":4,""board_side"":6,""ports"":24,""ray_checks"":6144,""unique_hidden_layout_guarantee"":false,""unique_sample_D4_layouts"":250,""unique_sample_full_ray_vectors"":256}",N/A; no AI opponent,Structural metric; human rating NOT MEASURED,"{""bank_per_mode"":0,""metrics"":{""atom_layout_domain"":58905,""atoms"":4,""board_side"":6,""ports"":24,""ray_checks"":6144,""unique_hidden_layout_guarantee"":false,""unique_sample_D4_layouts"":250,""unique_sample_full_ray_vectors"":256},""modes"":1,""unique"":256,""unique_bank"":null,""validated_initializations"":256}","{""counts"":{""EASY"":0,""HARD"":0,""MASTER"":0},""scope"":""bounded runtime sample only, not full generator domain""}",STRUCTURAL YES; human rating uncalibrated,Human difficulty uncalibrated; measured structural parameters only.,No demonstrated selector no-op; generation and legacy banks preserved
33,BLACK BOX,HARD,7×7; 5 atoms; 28 ports,0,7x7,"{""atom_layout_domain"":1906884,""atoms"":5,""board_side"":7,""ports"":28,""ray_checks"":7168,""unique_hidden_layout_guarantee"":false,""unique_sample_D4_layouts"":256,""unique_sample_full_ray_vectors"":256}",N/A; no AI opponent,Structural metric; human rating NOT MEASURED,"{""bank_per_mode"":0,""metrics"":{""atom_layout_domain"":1906884,""atoms"":5,""board_side"":7,""ports"":28,""ray_checks"":7168,""unique_hidden_layout_guarantee"":false,""unique_sample_D4_layouts"":256,""unique_sample_full_ray_vectors"":256},""modes"":1,""unique"":256,""unique_bank"":null,""validated_initializations"":256}","{""counts"":{""EASY"":0,""MASTER"":0,""NORMAL"":0},""scope"":""bounded runtime sample only, not full generator domain""}",STRUCTURAL YES; human rating uncalibrated,Human difficulty uncalibrated; measured structural parameters only.,No demonstrated selector no-op; generation and legacy banks preserved
33,BLACK BOX,MASTER,8×8; 6 atoms; 32 ports,0,8x8,"{""atom_layout_domain"":74974368,""atoms"":6,""board_side"":8,""ports"":32,""ray_checks"":8192,""unique_hidden_layout_guarantee"":false,""unique_sample_D4_layouts"":256,""unique_sample_full_ray_vectors"":256}",N/A; no AI opponent,Structural metric; human rating NOT MEASURED,"{""bank_per_mode"":0,""metrics"":{""atom_layout_domain"":74974368,""atoms"":6,""board_side"":8,""ports"":32,""ray_checks"":8192,""unique_hidden_layout_guarantee"":false,""unique_sample_D4_layouts"":256,""unique_sample_full_ray_vectors"":256},""modes"":1,""unique"":256,""unique_bank"":null,""validated_initializations"":256}","{""counts"":{""EASY"":0,""HARD"":0,""NORMAL"":0},""scope"":""bounded runtime sample only, not full generator domain""}",STRUCTURAL YES; human rating uncalibrated,Human difficulty uncalibrated; measured structural parameters only.,No demonstrated selector no-op; generation and legacy banks preserved
34,CRYPTARITHM,EASY,two 2-digit addends; 3..5 letters,30,N/A; see generator_params,"{""addend_length"":2,""carry_columns"":{""max"":2,""median"":2.0,""min"":1},""column_solver_nodes"":{""max"":119,""median"":71.5,""min"":4},""letters"":{""max"":4,""median"":3.0,""min"":3},""solution_count_declared_and_independently_verified"":1}",N/A; no AI opponent,Structural metric; human rating NOT MEASURED,"{""bank_per_mode"":30,""metrics"":{""addend_length"":2,""carry_columns"":{""max"":2,""median"":2.0,""min"":1},""column_solver_nodes"":{""max"":119,""median"":71.5,""min"":4},""letters"":{""max"":4,""median"":3.0,""min"":3},""solution_count_declared_and_independently_verified"":1},""modes"":1,""unique"":30,""unique_bank"":30,""validated_initializations"":30}","{""counts"":{""HARD"":0,""MASTER"":0,""NORMAL"":0},""scope"":""complete current bank""}",STRUCTURAL YES; human rating uncalibrated,Human difficulty uncalibrated; measured structural parameters only. REVIEW REQUIRED: letter-count and column-count increase; carry/node distributions overlap. Solver nodes are not human ratings.,No demonstrated selector no-op; generation and legacy banks preserved
34,CRYPTARITHM,NORMAL,two 3-digit addends; 5..7 letters,30,N/A; see generator_params,"{""addend_length"":3,""carry_columns"":{""max"":3,""median"":2.0,""min"":1},""column_solver_nodes"":{""max"":385,""median"":125.0,""min"":19},""letters"":{""max"":6,""median"":5.0,""min"":5},""solution_count_declared_and_independently_verified"":1}",N/A; no AI opponent,Structural metric; human rating NOT MEASURED,"{""bank_per_mode"":30,""metrics"":{""addend_length"":3,""carry_columns"":{""max"":3,""median"":2.0,""min"":1},""column_solver_nodes"":{""max"":385,""median"":125.0,""min"":19},""letters"":{""max"":6,""median"":5.0,""min"":5},""solution_count_declared_and_independently_verified"":1},""modes"":1,""unique"":30,""unique_bank"":30,""validated_initializations"":30}","{""counts"":{""EASY"":0,""HARD"":0,""MASTER"":0},""scope"":""complete current bank""}",STRUCTURAL YES; human rating uncalibrated,Human difficulty uncalibrated; measured structural parameters only. REVIEW REQUIRED: letter-count and column-count increase; carry/node distributions overlap. Solver nodes are not human ratings.,No demonstrated selector no-op; generation and legacy banks preserved
34,CRYPTARITHM,HARD,two 4-digit addends; 7..9 letters,30,N/A; see generator_params,"{""addend_length"":4,""carry_columns"":{""max"":4,""median"":3.0,""min"":1},""column_solver_nodes"":{""max"":2055,""median"":535.5,""min"":120},""letters"":{""max"":7,""median"":7.0,""min"":7},""solution_count_declared_and_independently_verified"":1}",N/A; no AI opponent,Structural metric; human rating NOT MEASURED,"{""bank_per_mode"":30,""metrics"":{""addend_length"":4,""carry_columns"":{""max"":4,""median"":3.0,""min"":1},""column_solver_nodes"":{""max"":2055,""median"":535.5,""min"":120},""letters"":{""max"":7,""median"":7.0,""min"":7},""solution_count_declared_and_independently_verified"":1},""modes"":1,""unique"":30,""unique_bank"":30,""validated_initializations"":30}","{""counts"":{""EASY"":0,""MASTER"":0,""NORMAL"":0},""scope"":""complete current bank""}",STRUCTURAL YES; human rating uncalibrated,Human difficulty uncalibrated; measured structural parameters only. REVIEW REQUIRED: letter-count and column-count increase; carry/node distributions overlap. Solver nodes are not human ratings.,No demonstrated selector no-op; generation and legacy banks preserved
34,CRYPTARITHM,MASTER,two 5-digit addends; 8..10 letters,30,N/A; see generator_params,"{""addend_length"":5,""carry_columns"":{""max"":5,""median"":3.0,""min"":1},""column_solver_nodes"":{""max"":3190,""median"":639.5,""min"":142},""letters"":{""max"":10,""median"":8.0,""min"":8},""solution_count_declared_and_independently_verified"":1}",N/A; no AI opponent,Structural metric; human rating NOT MEASURED,"{""bank_per_mode"":30,""metrics"":{""addend_length"":5,""carry_columns"":{""max"":5,""median"":3.0,""min"":1},""column_solver_nodes"":{""max"":3190,""median"":639.5,""min"":142},""letters"":{""max"":10,""median"":8.0,""min"":8},""solution_count_declared_and_independently_verified"":1},""modes"":1,""unique"":30,""unique_bank"":30,""validated_initializations"":30}","{""counts"":{""EASY"":0,""HARD"":0,""NORMAL"":0},""scope"":""complete current bank""}",STRUCTURAL YES; human rating uncalibrated,Human difficulty uncalibrated; measured structural parameters only. REVIEW REQUIRED: letter-count and column-count increase; carry/node distributions overlap. Solver nodes are not human ratings.,No demonstrated selector no-op; generation and legacy banks preserved
35,HASHI,EASY,"Nearest-island degree graph, no crossings, connectivity; geometry/inference bands",30,"{'min': 5, 'median': 5.0, 'max': 5}","{'islands': {'min': 6, 'median': 6.0, 'max': 6}, 'candidate_edges': {'min': 6, 'median': 6.0, 'max': 7}, 'largest_degree': {'min': 3, 'median': 4.5, 'max': 7}}",N/A,public-clue propagation and bounded search; algorithm-specific counts,"{'order': {'min': 5, 'median': 5.0, 'max': 5}, 'cells': {'min': 25, 'median': 25.0, 'max': 25}, 'islands': {'min': 6, 'median': 6.0, 'max': 6}, 'candidate_edges': {'min': 6, 'median': 6.0, 'max': 7}, 'largest_degree': {'min': 3, 'median': 4.5, 'max': 7}, 'search_nodes': {'min': 1, 'median': 1.0, 'max': 1}, 'connectivity_deductions': {'min': 0, 'median': 0.0, 'max': 4}, 'basic_unresolved': {'min': 0, 'median': 0.0, 'max': 0}, 'advanced_unresolved': {'min': 0, 'median': 0.0, 'max': 0}}","{'with_other_levels': [{'difficulty': 'NORMAL', 'exact': 0, 'canonical': 0}, {'difficulty': 'HARD', 'exact': 0, 'canonical': 0}, {'difficulty': 'MASTER', 'exact': 0, 'canonical': 0}, {'difficulty': 'HELL', 'exact': 0, 'canonical': 0}], 'search_range_overlaps_previous': None}",YES: structural/inference band; provisional human ranking,Structural/inference parameters differ; human difficulty remains provisional.,None; evidence/caveats documented
35,HASHI,NORMAL,"Nearest-island degree graph, no crossings, connectivity; geometry/inference bands",30,"{'min': 7, 'median': 7.0, 'max': 7}","{'islands': {'min': 9, 'median': 9.0, 'max': 9}, 'candidate_edges': {'min': 10, 'median': 10.0, 'max': 11}, 'largest_degree': {'min': 4, 'median': 5.0, 'max': 7}}",N/A,public-clue propagation and bounded search; algorithm-specific counts,"{'order': {'min': 7, 'median': 7.0, 'max': 7}, 'cells': {'min': 49, 'median': 49.0, 'max': 49}, 'islands': {'min': 9, 'median': 9.0, 'max': 9}, 'candidate_edges': {'min': 10, 'median': 10.0, 'max': 11}, 'largest_degree': {'min': 4, 'median': 5.0, 'max': 7}, 'search_nodes': {'min': 1, 'median': 1.0, 'max': 3}, 'connectivity_deductions': {'min': 0, 'median': 0.0, 'max': 4}, 'basic_unresolved': {'min': 0, 'median': 0.0, 'max': 6}, 'advanced_unresolved': {'min': 0, 'median': 0.0, 'max': 6}}","{'with_other_levels': [{'difficulty': 'EASY', 'exact': 0, 'canonical': 0}, {'difficulty': 'HARD', 'exact': 0, 'canonical': 0}, {'difficulty': 'MASTER', 'exact': 0, 'canonical': 0}, {'difficulty': 'HELL', 'exact': 0, 'canonical': 0}], 'search_range_overlaps_previous': True}",YES: structural/inference band; provisional human ranking,Structural/inference parameters differ; human difficulty remains provisional. Search-node ranges overlap the previous level; no per-puzzle strict ranking claimed.,None; evidence/caveats documented
35,HASHI,HARD,"Nearest-island degree graph, no crossings, connectivity; geometry/inference bands",30,"{'min': 7, 'median': 7.0, 'max': 7}","{'islands': {'min': 12, 'median': 12.0, 'max': 12}, 'candidate_edges': {'min': 16, 'median': 16.0, 'max': 16}, 'largest_degree': {'min': 4, 'median': 5.0, 'max': 8}}",N/A,public-clue propagation and bounded search; algorithm-specific counts,"{'order': {'min': 7, 'median': 7.0, 'max': 7}, 'cells': {'min': 49, 'median': 49.0, 'max': 49}, 'islands': {'min': 12, 'median': 12.0, 'max': 12}, 'candidate_edges': {'min': 16, 'median': 16.0, 'max': 16}, 'largest_degree': {'min': 4, 'median': 5.0, 'max': 8}, 'search_nodes': {'min': 3, 'median': 3.0, 'max': 12}, 'connectivity_deductions': {'min': 0, 'median': 0.0, 'max': 6}, 'basic_unresolved': {'min': 4, 'median': 8.0, 'max': 16}, 'advanced_unresolved': {'min': 4, 'median': 8.0, 'max': 16}}","{'with_other_levels': [{'difficulty': 'EASY', 'exact': 0, 'canonical': 0}, {'difficulty': 'NORMAL', 'exact': 0, 'canonical': 0}, {'difficulty': 'MASTER', 'exact': 0, 'canonical': 0}, {'difficulty': 'HELL', 'exact': 0, 'canonical': 0}], 'search_range_overlaps_previous': True}",YES: structural/inference band; provisional human ranking,Structural/inference parameters differ; human difficulty remains provisional. Search-node ranges overlap the previous level; no per-puzzle strict ranking claimed.,None; evidence/caveats documented
35,HASHI,MASTER,"Nearest-island degree graph, no crossings, connectivity; geometry/inference bands",30,"{'min': 9, 'median': 9.0, 'max': 9}","{'islands': {'min': 16, 'median': 16.0, 'max': 16}, 'candidate_edges': {'min': 22, 'median': 22.0, 'max': 22}, 'largest_degree': {'min': 4, 'median': 6.0, 'max': 8}}",N/A,public-clue propagation and bounded search; algorithm-specific counts,"{'order': {'min': 9, 'median': 9.0, 'max': 9}, 'cells': {'min': 81, 'median': 81.0, 'max': 81}, 'islands': {'min': 16, 'median': 16.0, 'max': 16}, 'candidate_edges': {'min': 22, 'median': 22.0, 'max': 22}, 'largest_degree': {'min': 4, 'median': 6.0, 'max': 8}, 'search_nodes': {'min': 3, 'median': 5.0, 'max': 23}, 'connectivity_deductions': {'min': 1, 'median': 2.0, 'max': 8}, 'basic_unresolved': {'min': 4, 'median': 12.0, 'max': 22}, 'advanced_unresolved': {'min': 4, 'median': 12.0, 'max': 22}}","{'with_other_levels': [{'difficulty': 'EASY', 'exact': 0, 'canonical': 0}, {'difficulty': 'NORMAL', 'exact': 0, 'canonical': 0}, {'difficulty': 'HARD', 'exact': 0, 'canonical': 0}, {'difficulty': 'HELL', 'exact': 0, 'canonical': 0}], 'search_range_overlaps_previous': True}",YES: structural/inference band; provisional human ranking,Structural/inference parameters differ; human difficulty remains provisional. Search-node ranges overlap the previous level; no per-puzzle strict ranking claimed.,None; evidence/caveats documented
35,HASHI,HELL,"Nearest-island degree graph, no crossings, connectivity; geometry/inference bands",30,"{'min': 9, 'median': 9.0, 'max': 9}","{'islands': {'min': 21, 'median': 21.0, 'max': 21}, 'candidate_edges': {'min': 32, 'median': 32.0, 'max': 32}, 'largest_degree': {'min': 4, 'median': 6.0, 'max': 8}}",N/A,public-clue propagation and bounded search; algorithm-specific counts,"{'order': {'min': 9, 'median': 9.0, 'max': 9}, 'cells': {'min': 81, 'median': 81.0, 'max': 81}, 'islands': {'min': 21, 'median': 21.0, 'max': 21}, 'candidate_edges': {'min': 32, 'median': 32.0, 'max': 32}, 'largest_degree': {'min': 4, 'median': 6.0, 'max': 8}, 'search_nodes': {'min': 7, 'median': 9.0, 'max': 31}, 'connectivity_deductions': {'min': 0, 'median': 1.5, 'max': 14}, 'basic_unresolved': {'min': 10, 'median': 19.5, 'max': 30}, 'advanced_unresolved': {'min': 10, 'median': 19.5, 'max': 30}}","{'with_other_levels': [{'difficulty': 'EASY', 'exact': 0, 'canonical': 0}, {'difficulty': 'NORMAL', 'exact': 0, 'canonical': 0}, {'difficulty': 'HARD', 'exact': 0, 'canonical': 0}, {'difficulty': 'MASTER', 'exact': 0, 'canonical': 0}], 'search_range_overlaps_previous': True}",YES: structural/inference band; provisional human ranking,Structural/inference parameters differ; human difficulty remains provisional. Search-node ranges overlap the previous level; no per-puzzle strict ranking claimed.,None; evidence/caveats documented
36,NONOGRAM,EASY,Ordered row/column runs; order and line-pattern interaction/search bands,30,"{'min': 5, 'median': 5.0, 'max': 5}","{'runs': {'min': 10, 'median': 15.0, 'max': 19}, 'zero_lines': {'min': 0, 'median': 0.0, 'max': 2}, 'longest_clue_list': {'min': 2, 'median': 2.0, 'max': 3}}",N/A,public-clue propagation and bounded search; algorithm-specific counts,"{'order': {'min': 5, 'median': 5.0, 'max': 5}, 'cells': {'min': 25, 'median': 25.0, 'max': 25}, 'runs': {'min': 10, 'median': 15.0, 'max': 19}, 'zero_lines': {'min': 0, 'median': 0.0, 'max': 2}, 'longest_clue_list': {'min': 2, 'median': 2.0, 'max': 3}, 'search_nodes': {'min': 1, 'median': 1.0, 'max': 1}, 'line_rounds': {'min': 4, 'median': 6.0, 'max': 8}, 'basic_unresolved': {'min': 0, 'median': 0.0, 'max': 0}, 'basic_rounds': {'min': 2, 'median': 3.0, 'max': 4}}","{'with_other_levels': [{'difficulty': 'NORMAL', 'exact': 0, 'canonical': 0}, {'difficulty': 'HARD', 'exact': 0, 'canonical': 0}, {'difficulty': 'MASTER', 'exact': 0, 'canonical': 0}], 'search_range_overlaps_previous': None}",YES: structural/inference band; provisional human ranking,Structural/inference parameters differ; human difficulty remains provisional.,Optional X/blank completion; inference/packs unchanged
36,NONOGRAM,NORMAL,Ordered row/column runs; order and line-pattern interaction/search bands,30,"{'min': 6, 'median': 6.0, 'max': 6}","{'runs': {'min': 15, 'median': 21.0, 'max': 25}, 'zero_lines': {'min': 0, 'median': 0.0, 'max': 2}, 'longest_clue_list': {'min': 2, 'median': 3.0, 'max': 3}}",N/A,public-clue propagation and bounded search; algorithm-specific counts,"{'order': {'min': 6, 'median': 6.0, 'max': 6}, 'cells': {'min': 36, 'median': 36.0, 'max': 36}, 'runs': {'min': 15, 'median': 21.0, 'max': 25}, 'zero_lines': {'min': 0, 'median': 0.0, 'max': 2}, 'longest_clue_list': {'min': 2, 'median': 3.0, 'max': 3}, 'search_nodes': {'min': 1, 'median': 1.0, 'max': 1}, 'line_rounds': {'min': 4, 'median': 6.0, 'max': 8}, 'basic_unresolved': {'min': 0, 'median': 0.0, 'max': 0}, 'basic_rounds': {'min': 2, 'median': 3.0, 'max': 4}}","{'with_other_levels': [{'difficulty': 'EASY', 'exact': 0, 'canonical': 0}, {'difficulty': 'HARD', 'exact': 0, 'canonical': 0}, {'difficulty': 'MASTER', 'exact': 0, 'canonical': 0}], 'search_range_overlaps_previous': True}",YES: structural/inference band; provisional human ranking,Structural/inference parameters differ; human difficulty remains provisional. Search-node ranges overlap the previous level; no per-puzzle strict ranking claimed.,Optional X/blank completion; inference/packs unchanged
36,NONOGRAM,HARD,Ordered row/column runs; order and line-pattern interaction/search bands,30,"{'min': 7, 'median': 7.0, 'max': 7}","{'runs': {'min': 23, 'median': 27.0, 'max': 31}, 'zero_lines': {'min': 0, 'median': 0.0, 'max': 1}, 'longest_clue_list': {'min': 3, 'median': 3.0, 'max': 4}}",N/A,public-clue propagation and bounded search; algorithm-specific counts,"{'order': {'min': 7, 'median': 7.0, 'max': 7}, 'cells': {'min': 49, 'median': 49.0, 'max': 49}, 'runs': {'min': 23, 'median': 27.0, 'max': 31}, 'zero_lines': {'min': 0, 'median': 0.0, 'max': 1}, 'longest_clue_list': {'min': 3, 'median': 3.0, 'max': 4}, 'search_nodes': {'min': 1, 'median': 1.0, 'max': 3}, 'line_rounds': {'min': 8, 'median': 8.0, 'max': 12}, 'basic_unresolved': {'min': 0, 'median': 0.0, 'max': 20}, 'basic_rounds': {'min': 4, 'median': 4.0, 'max': 6}}","{'with_other_levels': [{'difficulty': 'EASY', 'exact': 0, 'canonical': 0}, {'difficulty': 'NORMAL', 'exact': 0, 'canonical': 0}, {'difficulty': 'MASTER', 'exact': 0, 'canonical': 0}], 'search_range_overlaps_previous': True}",YES: structural/inference band; provisional human ranking,Structural/inference parameters differ; human difficulty remains provisional. Search-node ranges overlap the previous level; no per-puzzle strict ranking claimed.,Optional X/blank completion; inference/packs unchanged
36,NONOGRAM,MASTER,Ordered row/column runs; order and line-pattern interaction/search bands,30,"{'min': 9, 'median': 9.0, 'max': 9}","{'runs': {'min': 34, 'median': 42.0, 'max': 53}, 'zero_lines': {'min': 0, 'median': 0.0, 'max': 1}, 'longest_clue_list': {'min': 3, 'median': 4.0, 'max': 5}}",N/A,public-clue propagation and bounded search; algorithm-specific counts,"{'order': {'min': 9, 'median': 9.0, 'max': 9}, 'cells': {'min': 81, 'median': 81.0, 'max': 81}, 'runs': {'min': 34, 'median': 42.0, 'max': 53}, 'zero_lines': {'min': 0, 'median': 0.0, 'max': 1}, 'longest_clue_list': {'min': 3, 'median': 4.0, 'max': 5}, 'search_nodes': {'min': 3, 'median': 4.0, 'max': 25}, 'line_rounds': {'min': 10, 'median': 22.0, 'max': 58}, 'basic_unresolved': {'min': 8, 'median': 44.0, 'max': 80}, 'basic_rounds': {'min': 2, 'median': 4.0, 'max': 9}}","{'with_other_levels': [{'difficulty': 'EASY', 'exact': 0, 'canonical': 0}, {'difficulty': 'NORMAL', 'exact': 0, 'canonical': 0}, {'difficulty': 'HARD', 'exact': 0, 'canonical': 0}], 'search_range_overlaps_previous': True}",YES: structural/inference band; provisional human ranking,Structural/inference parameters differ; human difficulty remains provisional. Search-node ranges overlap the previous level; no per-puzzle strict ranking claimed.,Optional X/blank completion; inference/packs unchanged
37,REVERSI,EASY,Bounded CPU search depth/node budget; common opening,mode 0: 0; mode 1: 0,mode 0: 8x8; mode 1: 8x8,Standard 8x8 opening for every level,random legal,"Actual visited nodes, completed depth and chosen-move changes on common reachable positions","{""completed_depth"": {""distinct"": 1, ""max"": 0, ""mean"": 0, ""median"": 0.0, ""min"": 0}, ""different_choice_from_previous_level"": null, ""level"": 0, ""nodes"": {""distinct"": 1, ""max"": 0, ""mean"": 0, ""median"": 0.0, ""min"": 0}, ""positions"": 64}",Some positions choose the same move; higher budgets are not proof of universally stronger play,YES,PASS,None; no full-game exact or human-skill claim
37,REVERSI,NORMAL,Bounded CPU search depth/node budget; common opening,mode 0: 0; mode 1: 0,mode 0: 8x8; mode 1: 8x8,Standard 8x8 opening for every level,1 ply / 256 nodes,"Actual visited nodes, completed depth and chosen-move changes on common reachable positions","{""completed_depth"": {""distinct"": 1, ""max"": 1, ""mean"": 1, ""median"": 1.0, ""min"": 1}, ""different_choice_from_previous_level"": 54, ""level"": 1, ""nodes"": {""distinct"": 16, ""max"": 16, ""mean"": 7.5625, ""median"": 7.0, ""min"": 1}, ""positions"": 64}",Some positions choose the same move; higher budgets are not proof of universally stronger play,YES,PASS,None; no full-game exact or human-skill claim
37,REVERSI,HARD,Bounded CPU search depth/node budget; common opening,mode 0: 0; mode 1: 0,mode 0: 8x8; mode 1: 8x8,Standard 8x8 opening for every level,up to 3 plies / 1500 nodes,"Actual visited nodes, completed depth and chosen-move changes on common reachable positions","{""completed_depth"": {""distinct"": 2, ""max"": 3, ""mean"": 2.9531, ""median"": 3.0, ""min"": 2}, ""different_choice_from_previous_level"": 29, ""level"": 2, ""nodes"": {""distinct"": 59, ""max"": 1500, ""mean"": 544.4062, ""median"": 456.5, ""min"": 5}, ""positions"": 64}",Some positions choose the same move; higher budgets are not proof of universally stronger play,YES,PASS,None; no full-game exact or human-skill claim
37,REVERSI,MASTER,Bounded CPU search depth/node budget; common opening,mode 0: 0; mode 1: 0,mode 0: 8x8; mode 1: 8x8,Standard 8x8 opening for every level,up to 5 plies / 6000 nodes,"Actual visited nodes, completed depth and chosen-move changes on common reachable positions","{""completed_depth"": {""distinct"": 3, ""max"": 5, ""mean"": 4.0469, ""median"": 4.0, ""min"": 3}, ""different_choice_from_previous_level"": 22, ""level"": 3, ""nodes"": {""distinct"": 20, ""max"": 6000, ""mean"": 4848.9062, ""median"": 6000.0, ""min"": 9}, ""positions"": 64}",Some positions choose the same move; higher budgets are not proof of universally stronger play,YES,PASS,None; no full-game exact or human-skill claim
38,NET,EASY,Larger seeded tree-rotation puzzle,mode 0: 0,mode 0: 3x3,9 cells; nonwrapping tree plus rotations,None,"Cells, leaves and degree>=3 junctions; no human rating or uniqueness guarantee","{""cells"": 9, ""junctions_degree_at_least_3"": {""distinct"": 3, ""max"": 3, ""mean"": 1.9688, ""median"": 2.0, ""min"": 1}, ""leaves"": {""distinct"": 4, ""max"": 6, ""mean"": 4.3281, ""median"": 4.0, ""min"": 3}}","Same construction algorithm; larger area is a structural difference, not calibrated human difficulty",YES,PASS,None
38,NET,NORMAL,Larger seeded tree-rotation puzzle,mode 0: 0,mode 0: 4x4,16 cells; nonwrapping tree plus rotations,None,"Cells, leaves and degree>=3 junctions; no human rating or uniqueness guarantee","{""cells"": 16, ""junctions_degree_at_least_3"": {""distinct"": 5, ""max"": 6, ""mean"": 3.8281, ""median"": 4.0, ""min"": 2}, ""leaves"": {""distinct"": 6, ""max"": 9, ""mean"": 6.5469, ""median"": 6.5, ""min"": 4}}","Same construction algorithm; larger area is a structural difference, not calibrated human difficulty",YES,PASS,None
38,NET,HARD,Larger seeded tree-rotation puzzle,mode 0: 0,mode 0: 5x5,25 cells; nonwrapping tree plus rotations,None,"Cells, leaves and degree>=3 junctions; no human rating or uniqueness guarantee","{""cells"": 25, ""junctions_degree_at_least_3"": {""distinct"": 7, ""max"": 9, ""mean"": 6.1406, ""median"": 6.0, ""min"": 3}, ""leaves"": {""distinct"": 7, ""max"": 12, ""mean"": 9.5938, ""median"": 10.0, ""min"": 6}}","Same construction algorithm; larger area is a structural difference, not calibrated human difficulty",YES,PASS,None
38,NET,MASTER,Larger seeded tree-rotation puzzle,mode 0: 0,mode 0: 6x6,36 cells; nonwrapping tree plus rotations,None,"Cells, leaves and degree>=3 junctions; no human rating or uniqueness guarantee","{""cells"": 36, ""junctions_degree_at_least_3"": {""distinct"": 9, ""max"": 14, ""mean"": 9.0391, ""median"": 9.0, ""min"": 6}, ""leaves"": {""distinct"": 9, ""max"": 17, ""mean"": 12.9453, ""median"": 13.0, ""min"": 8}}","Same construction algorithm; larger area is a structural difference, not calibrated human difficulty",YES,PASS,None
